path,class,source,base_id,augmentation
backend/app/modules/m2_classifier/training/data/passport/passport_001_base.png,passport,synthetic,passport_001,original
backend/app/modules/m2_classifier/training/data/passport/passport_001_blurred.png,passport,synthetic,passport_001,blurred
backend/app/modules/m2_classifier/training/data/passport/passport_001_contrast_adjusted.png,passport,synthetic,passport_001,contrast_adjusted
backend/app/modules/m2_classifier/training/data/passport/passport_001_hue_sat_adjusted.png,passport,synthetic,passport_001,hue_sat_adjusted
backend/app/modules/m2_classifier/training/data/passport/passport_001_scaled_up.png,passport,synthetic,passport_001,scaled_up
backend/app/modules/m2_classifier/training/data/passport/passport_001_scaled_down.png,passport,synthetic,passport_001,scaled_down
backend/app/modules/m2_classifier/training/data/passport/passport_002_base.png,passport,synthetic,passport_002,original
backend/app/modules/m2_classifier/training/data/passport/passport_002_blurred.png,passport,synthetic,passport_002,blurred
backend/app/modules/m2_classifier/training/data/passport/passport_002_contrast_adjusted.png,passport,synthetic,passport_002,contrast_adjusted
backend/app/modules/m2_classifier/training/data/passport/passport_002_hue_sat_adjusted.png,passport,synthetic,passport_002,hue_sat_adjusted
backend/app/modules/m2_classifier/training/data/passport/passport_002_scaled_up.png,passport,synthetic,passport_002,scaled_up
backend/app/modules/m2_classifier/training/data/passport/passport_002_scaled_down.png,passport,synthetic,passport_002,scaled_down
backend/app/modules/m2_classifier/training/data/passport/passport_003_base.png,passport,synthetic,passport_003,original
backend/app/modules/m2_classifier/training/data/passport/passport_003_blurred.png,passport,synthetic,passport_003,blurred
backend/app/modules/m2_classifier/training/data/passport/passport_003_contrast_adjusted.png,passport,synthetic,passport_003,contrast_adjusted
backend/app/modules/m2_classifier/training/data/passport/passport_003_hue_sat_adjusted.png,passport,synthetic,passport_003,hue_sat_adjusted
backend/app/modules/m2_classifier/training/data/passport/passport_003_scaled_up.png,passport,synthetic,passport_003,scaled_up
backend/app/modules/m2_classifier/training/data/passport/passport_003_scaled_down.png,passport,synthetic,passport_003,scaled_down
backend/app/modules/m2_classifier/training/data/passport/passport_004_base.png,passport,synthetic,passport_004,original
backend/app/modules/m2_classifier/training/data/passport/passport_004_blurred.png,passport,synthetic,passport_004,blurred
backend/app/modules/m2_classifier/training/data/passport/passport_004_contrast_adjusted.png,passport,synthetic,passport_004,contrast_adjusted
backend/app/modules/m2_classifier/training/data/passport/passport_004_hue_sat_adjusted.png,passport,synthetic,passport_004,hue_sat_adjusted
backend/app/modules/m2_classifier/training/data/passport/passport_004_scaled_up.png,passport,synthetic,passport_004,scaled_up
backend/app/modules/m2_classifier/training/data/passport/passport_004_scaled_down.png,passport,synthetic,passport_004,scaled_down
backend/app/modules/m2_classifier/training/data/passport/passport_005_base.png,passport,synthetic,passport_005,original
backend/app/modules/m2_classifier/training/data/passport/passport_005_blurred.png,passport,synthetic,passport_005,blurred
backend/app/modules/m2_classifier/training/data/passport/passport_005_contrast_adjusted.png,passport,synthetic,passport_005,contrast_adjusted
backend/app/modules/m2_classifier/training/data/passport/passport_005_hue_sat_adjusted.png,passport,synthetic,passport_005,hue_sat_adjusted
backend/app/modules/m2_classifier/training/data/passport/passport_005_scaled_up.png,passport,synthetic,passport_005,scaled_up
backend/app/modules/m2_classifier/training/data/passport/passport_005_scaled_down.png,passport,synthetic,passport_005,scaled_down
backend/app/modules/m2_classifier/training/data/passport/passport_006_base.png,passport,synthetic,passport_006,original
backend/app/modules/m2_classifier/training/data/passport/passport_006_blurred.png,passport,synthetic,passport_006,blurred
backend/app/modules/m2_classifier/training/data/passport/passport_006_contrast_adjusted.png,passport,synthetic,passport_006,contrast_adjusted
backend/app/modules/m2_classifier/training/data/passport/passport_006_hue_sat_adjusted.png,passport,synthetic,passport_006,hue_sat_adjusted
backend/app/modules/m2_classifier/training/data/passport/passport_006_scaled_up.png,passport,synthetic,passport_006,scaled_up
backend/app/modules/m2_classifier/training/data/passport/passport_006_scaled_down.png,passport,synthetic,passport_006,scaled_down
backend/app/modules/m2_classifier/training/data/passport/passport_007_base.png,passport,synthetic,passport_007,original
backend/app/modules/m2_classifier/training/data/passport/passport_007_blurred.png,passport,synthetic,passport_007,blurred
backend/app/modules/m2_classifier/training/data/passport/passport_007_contrast_adjusted.png,passport,synthetic,passport_007,contrast_adjusted
backend/app/modules/m2_classifier/training/data/passport/passport_007_hue_sat_adjusted.png,passport,synthetic,passport_007,hue_sat_adjusted
backend/app/modules/m2_classifier/training/data/passport/passport_007_scaled_up.png,passport,synthetic,passport_007,scaled_up
backend/app/modules/m2_classifier/training/data/passport/passport_007_scaled_down.png,passport,synthetic,passport_007,scaled_down
backend/app/modules/m2_classifier/training/data/passport/passport_008_base.png,passport,synthetic,passport_008,original
backend/app/modules/m2_classifier/training/data/passport/passport_008_blurred.png,passport,synthetic,passport_008,blurred
backend/app/modules/m2_classifier/training/data/passport/passport_008_contrast_adjusted.png,passport,synthetic,passport_008,contrast_adjusted
backend/app/modules/m2_classifier/training/data/passport/passport_008_hue_sat_adjusted.png,passport,synthetic,passport_008,hue_sat_adjusted
backend/app/modules/m2_classifier/training/data/passport/passport_008_scaled_up.png,passport,synthetic,passport_008,scaled_up
backend/app/modules/m2_classifier/training/data/passport/passport_008_scaled_down.png,passport,synthetic,passport_008,scaled_down
backend/app/modules/m2_classifier/training/data/passport/passport_009_base.png,passport,synthetic,passport_009,original
backend/app/modules/m2_classifier/training/data/passport/passport_009_blurred.png,passport,synthetic,passport_009,blurred
backend/app/modules/m2_classifier/training/data/passport/passport_009_contrast_adjusted.png,passport,synthetic,passport_009,contrast_adjusted
backend/app/modules/m2_classifier/training/data/passport/passport_009_hue_sat_adjusted.png,passport,synthetic,passport_009,hue_sat_adjusted
backend/app/modules/m2_classifier/training/data/passport/passport_009_scaled_up.png,passport,synthetic,passport_009,scaled_up
backend/app/modules/m2_classifier/training/data/passport/passport_009_scaled_down.png,passport,synthetic,passport_009,scaled_down
backend/app/modules/m2_classifier/training/data/passport/passport_010_base.png,passport,synthetic,passport_010,original
backend/app/modules/m2_classifier/training/data/passport/passport_010_blurred.png,passport,synthetic,passport_010,blurred
backend/app/modules/m2_classifier/training/data/passport/passport_010_contrast_adjusted.png,passport,synthetic,passport_010,contrast_adjusted
backend/app/modules/m2_classifier/training/data/passport/passport_010_hue_sat_adjusted.png,passport,synthetic,passport_010,hue_sat_adjusted
backend/app/modules/m2_classifier/training/data/passport/passport_010_scaled_up.png,passport,synthetic,passport_010,scaled_up
backend/app/modules/m2_classifier/training/data/passport/passport_010_scaled_down.png,passport,synthetic,passport_010,scaled_down
backend/app/modules/m2_classifier/training/data/passport/passport_011_base.png,passport,synthetic,passport_011,original
backend/app/modules/m2_classifier/training/data/passport/passport_011_blurred.png,passport,synthetic,passport_011,blurred
backend/app/modules/m2_classifier/training/data/passport/passport_011_contrast_adjusted.png,passport,synthetic,passport_011,contrast_adjusted
backend/app/modules/m2_classifier/training/data/passport/passport_011_hue_sat_adjusted.png,passport,synthetic,passport_011,hue_sat_adjusted
backend/app/modules/m2_classifier/training/data/passport/passport_011_scaled_up.png,passport,synthetic,passport_011,scaled_up
backend/app/modules/m2_classifier/training/data/passport/passport_011_scaled_down.png,passport,synthetic,passport_011,scaled_down
backend/app/modules/m2_classifier/training/data/passport/passport_012_base.png,passport,synthetic,passport_012,original
backend/app/modules/m2_classifier/training/data/passport/passport_012_blurred.png,passport,synthetic,passport_012,blurred
backend/app/modules/m2_classifier/training/data/passport/passport_012_contrast_adjusted.png,passport,synthetic,passport_012,contrast_adjusted
backend/app/modules/m2_classifier/training/data/passport/passport_012_hue_sat_adjusted.png,passport,synthetic,passport_012,hue_sat_adjusted
backend/app/modules/m2_classifier/training/data/passport/passport_012_scaled_up.png,passport,synthetic,passport_012,scaled_up
backend/app/modules/m2_classifier/training/data/passport/passport_012_scaled_down.png,passport,synthetic,passport_012,scaled_down
backend/app/modules/m2_classifier/training/data/passport/passport_013_base.png,passport,synthetic,passport_013,original
backend/app/modules/m2_classifier/training/data/passport/passport_013_blurred.png,passport,synthetic,passport_013,blurred
backend/app/modules/m2_classifier/training/data/passport/passport_013_contrast_adjusted.png,passport,synthetic,passport_013,contrast_adjusted
backend/app/modules/m2_classifier/training/data/passport/passport_013_hue_sat_adjusted.png,passport,synthetic,passport_013,hue_sat_adjusted
backend/app/modules/m2_classifier/training/data/passport/passport_013_scaled_up.png,passport,synthetic,passport_013,scaled_up
backend/app/modules/m2_classifier/training/data/passport/passport_013_scaled_down.png,passport,synthetic,passport_013,scaled_down
backend/app/modules/m2_classifier/training/data/passport/passport_014_base.png,passport,synthetic,passport_014,original
backend/app/modules/m2_classifier/training/data/passport/passport_014_blurred.png,passport,synthetic,passport_014,blurred
backend/app/modules/m2_classifier/training/data/passport/passport_014_contrast_adjusted.png,passport,synthetic,passport_014,contrast_adjusted
backend/app/modules/m2_classifier/training/data/passport/passport_014_hue_sat_adjusted.png,passport,synthetic,passport_014,hue_sat_adjusted
backend/app/modules/m2_classifier/training/data/passport/passport_014_scaled_up.png,passport,synthetic,passport_014,scaled_up
backend/app/modules/m2_classifier/training/data/passport/passport_014_scaled_down.png,passport,synthetic,passport_014,scaled_down
backend/app/modules/m2_classifier/training/data/passport/passport_015_base.png,passport,synthetic,passport_015,original
backend/app/modules/m2_classifier/training/data/passport/passport_015_blurred.png,passport,synthetic,passport_015,blurred
backend/app/modules/m2_classifier/training/data/passport/passport_015_contrast_adjusted.png,passport,synthetic,passport_015,contrast_adjusted
backend/app/modules/m2_classifier/training/data/passport/passport_015_hue_sat_adjusted.png,passport,synthetic,passport_015,hue_sat_adjusted
backend/app/modules/m2_classifier/training/data/passport/passport_015_scaled_up.png,passport,synthetic,passport_015,scaled_up
backend/app/modules/m2_classifier/training/data/passport/passport_015_scaled_down.png,passport,synthetic,passport_015,scaled_down
backend/app/modules/m2_classifier/training/data/passport/passport_016_base.png,passport,synthetic,passport_016,original
backend/app/modules/m2_classifier/training/data/passport/passport_016_blurred.png,passport,synthetic,passport_016,blurred
backend/app/modules/m2_classifier/training/data/passport/passport_016_contrast_adjusted.png,passport,synthetic,passport_016,contrast_adjusted
backend/app/modules/m2_classifier/training/data/passport/passport_016_hue_sat_adjusted.png,passport,synthetic,passport_016,hue_sat_adjusted
backend/app/modules/m2_classifier/training/data/passport/passport_016_scaled_up.png,passport,synthetic,passport_016,scaled_up
backend/app/modules/m2_classifier/training/data/passport/passport_016_scaled_down.png,passport,synthetic,passport_016,scaled_down
backend/app/modules/m2_classifier/training/data/passport/passport_017_base.png,passport,synthetic,passport_017,original
backend/app/modules/m2_classifier/training/data/passport/passport_017_blurred.png,passport,synthetic,passport_017,blurred
backend/app/modules/m2_classifier/training/data/passport/passport_017_contrast_adjusted.png,passport,synthetic,passport_017,contrast_adjusted
backend/app/modules/m2_classifier/training/data/passport/passport_017_hue_sat_adjusted.png,passport,synthetic,passport_017,hue_sat_adjusted
backend/app/modules/m2_classifier/training/data/passport/passport_017_scaled_up.png,passport,synthetic,passport_017,scaled_up
backend/app/modules/m2_classifier/training/data/passport/passport_017_scaled_down.png,passport,synthetic,passport_017,scaled_down
backend/app/modules/m2_classifier/training/data/passport/passport_018_base.png,passport,synthetic,passport_018,original
backend/app/modules/m2_classifier/training/data/passport/passport_018_blurred.png,passport,synthetic,passport_018,blurred
backend/app/modules/m2_classifier/training/data/passport/passport_018_contrast_adjusted.png,passport,synthetic,passport_018,contrast_adjusted
backend/app/modules/m2_classifier/training/data/passport/passport_018_hue_sat_adjusted.png,passport,synthetic,passport_018,hue_sat_adjusted
backend/app/modules/m2_classifier/training/data/passport/passport_018_scaled_up.png,passport,synthetic,passport_018,scaled_up
backend/app/modules/m2_classifier/training/data/passport/passport_018_scaled_down.png,passport,synthetic,passport_018,scaled_down
backend/app/modules/m2_classifier/training/data/passport/passport_019_base.png,passport,synthetic,passport_019,original
backend/app/modules/m2_classifier/training/data/passport/passport_019_blurred.png,passport,synthetic,passport_019,blurred
backend/app/modules/m2_classifier/training/data/passport/passport_019_contrast_adjusted.png,passport,synthetic,passport_019,contrast_adjusted
backend/app/modules/m2_classifier/training/data/passport/passport_019_hue_sat_adjusted.png,passport,synthetic,passport_019,hue_sat_adjusted
backend/app/modules/m2_classifier/training/data/passport/passport_019_scaled_up.png,passport,synthetic,passport_019,scaled_up
backend/app/modules/m2_classifier/training/data/passport/passport_019_scaled_down.png,passport,synthetic,passport_019,scaled_down
backend/app/modules/m2_classifier/training/data/passport/passport_020_base.png,passport,synthetic,passport_020,original
backend/app/modules/m2_classifier/training/data/passport/passport_020_blurred.png,passport,synthetic,passport_020,blurred
backend/app/modules/m2_classifier/training/data/passport/passport_020_contrast_adjusted.png,passport,synthetic,passport_020,contrast_adjusted
backend/app/modules/m2_classifier/training/data/passport/passport_020_hue_sat_adjusted.png,passport,synthetic,passport_020,hue_sat_adjusted
backend/app/modules/m2_classifier/training/data/passport/passport_020_scaled_up.png,passport,synthetic,passport_020,scaled_up
backend/app/modules/m2_classifier/training/data/passport/passport_020_scaled_down.png,passport,synthetic,passport_020,scaled_down
backend/app/modules/m2_classifier/training/data/passport/passport_021_base.png,passport,synthetic,passport_021,original
backend/app/modules/m2_classifier/training/data/passport/passport_021_blurred.png,passport,synthetic,passport_021,blurred
backend/app/modules/m2_classifier/training/data/passport/passport_021_contrast_adjusted.png,passport,synthetic,passport_021,contrast_adjusted
backend/app/modules/m2_classifier/training/data/passport/passport_021_hue_sat_adjusted.png,passport,synthetic,passport_021,hue_sat_adjusted
backend/app/modules/m2_classifier/training/data/passport/passport_021_scaled_up.png,passport,synthetic,passport_021,scaled_up
backend/app/modules/m2_classifier/training/data/passport/passport_021_scaled_down.png,passport,synthetic,passport_021,scaled_down
backend/app/modules/m2_classifier/training/data/passport/passport_022_base.png,passport,synthetic,passport_022,original
backend/app/modules/m2_classifier/training/data/passport/passport_022_blurred.png,passport,synthetic,passport_022,blurred
backend/app/modules/m2_classifier/training/data/passport/passport_022_contrast_adjusted.png,passport,synthetic,passport_022,contrast_adjusted
backend/app/modules/m2_classifier/training/data/passport/passport_022_hue_sat_adjusted.png,passport,synthetic,passport_022,hue_sat_adjusted
backend/app/modules/m2_classifier/training/data/passport/passport_022_scaled_up.png,passport,synthetic,passport_022,scaled_up
backend/app/modules/m2_classifier/training/data/passport/passport_022_scaled_down.png,passport,synthetic,passport_022,scaled_down
backend/app/modules/m2_classifier/training/data/passport/passport_023_base.png,passport,synthetic,passport_023,original
backend/app/modules/m2_classifier/training/data/passport/passport_023_blurred.png,passport,synthetic,passport_023,blurred
backend/app/modules/m2_classifier/training/data/passport/passport_023_contrast_adjusted.png,passport,synthetic,passport_023,contrast_adjusted
backend/app/modules/m2_classifier/training/data/passport/passport_023_hue_sat_adjusted.png,passport,synthetic,passport_023,hue_sat_adjusted
backend/app/modules/m2_classifier/training/data/passport/passport_023_scaled_up.png,passport,synthetic,passport_023,scaled_up
backend/app/modules/m2_classifier/training/data/passport/passport_023_scaled_down.png,passport,synthetic,passport_023,scaled_down
backend/app/modules/m2_classifier/training/data/passport/passport_024_base.png,passport,synthetic,passport_024,original
backend/app/modules/m2_classifier/training/data/passport/passport_024_blurred.png,passport,synthetic,passport_024,blurred
backend/app/modules/m2_classifier/training/data/passport/passport_024_contrast_adjusted.png,passport,synthetic,passport_024,contrast_adjusted
backend/app/modules/m2_classifier/training/data/passport/passport_024_hue_sat_adjusted.png,passport,synthetic,passport_024,hue_sat_adjusted
backend/app/modules/m2_classifier/training/data/passport/passport_024_scaled_up.png,passport,synthetic,passport_024,scaled_up
backend/app/modules/m2_classifier/training/data/passport/passport_024_scaled_down.png,passport,synthetic,passport_024,scaled_down
backend/app/modules/m2_classifier/training/data/passport/passport_025_base.png,passport,synthetic,passport_025,original
backend/app/modules/m2_classifier/training/data/passport/passport_025_blurred.png,passport,synthetic,passport_025,blurred
backend/app/modules/m2_classifier/training/data/passport/passport_025_contrast_adjusted.png,passport,synthetic,passport_025,contrast_adjusted
backend/app/modules/m2_classifier/training/data/passport/passport_025_hue_sat_adjusted.png,passport,synthetic,passport_025,hue_sat_adjusted
backend/app/modules/m2_classifier/training/data/passport/passport_025_scaled_up.png,passport,synthetic,passport_025,scaled_up
backend/app/modules/m2_classifier/training/data/passport/passport_025_scaled_down.png,passport,synthetic,passport_025,scaled_down
backend/app/modules/m2_classifier/training/data/passport/passport_026_base.png,passport,synthetic,passport_026,original
backend/app/modules/m2_classifier/training/data/passport/passport_026_blurred.png,passport,synthetic,passport_026,blurred
backend/app/modules/m2_classifier/training/data/passport/passport_026_contrast_adjusted.png,passport,synthetic,passport_026,contrast_adjusted
backend/app/modules/m2_classifier/training/data/passport/passport_026_hue_sat_adjusted.png,passport,synthetic,passport_026,hue_sat_adjusted
backend/app/modules/m2_classifier/training/data/passport/passport_026_scaled_up.png,passport,synthetic,passport_026,scaled_up
backend/app/modules/m2_classifier/training/data/passport/passport_026_scaled_down.png,passport,synthetic,passport_026,scaled_down
backend/app/modules/m2_classifier/training/data/passport/passport_027_base.png,passport,synthetic,passport_027,original
backend/app/modules/m2_classifier/training/data/passport/passport_027_blurred.png,passport,synthetic,passport_027,blurred
backend/app/modules/m2_classifier/training/data/passport/passport_027_contrast_adjusted.png,passport,synthetic,passport_027,contrast_adjusted
backend/app/modules/m2_classifier/training/data/passport/passport_027_hue_sat_adjusted.png,passport,synthetic,passport_027,hue_sat_adjusted
backend/app/modules/m2_classifier/training/data/passport/passport_027_scaled_up.png,passport,synthetic,passport_027,scaled_up
backend/app/modules/m2_classifier/training/data/passport/passport_027_scaled_down.png,passport,synthetic,passport_027,scaled_down
backend/app/modules/m2_classifier/training/data/passport/passport_028_base.png,passport,synthetic,passport_028,original
backend/app/modules/m2_classifier/training/data/passport/passport_028_blurred.png,passport,synthetic,passport_028,blurred
backend/app/modules/m2_classifier/training/data/passport/passport_028_contrast_adjusted.png,passport,synthetic,passport_028,contrast_adjusted
backend/app/modules/m2_classifier/training/data/passport/passport_028_hue_sat_adjusted.png,passport,synthetic,passport_028,hue_sat_adjusted
backend/app/modules/m2_classifier/training/data/passport/passport_028_scaled_up.png,passport,synthetic,passport_028,scaled_up
backend/app/modules/m2_classifier/training/data/passport/passport_028_scaled_down.png,passport,synthetic,passport_028,scaled_down
backend/app/modules/m2_classifier/training/data/passport/passport_029_base.png,passport,synthetic,passport_029,original
backend/app/modules/m2_classifier/training/data/passport/passport_029_blurred.png,passport,synthetic,passport_029,blurred
backend/app/modules/m2_classifier/training/data/passport/passport_029_contrast_adjusted.png,passport,synthetic,passport_029,contrast_adjusted
backend/app/modules/m2_classifier/training/data/passport/passport_029_hue_sat_adjusted.png,passport,synthetic,passport_029,hue_sat_adjusted
backend/app/modules/m2_classifier/training/data/passport/passport_029_scaled_up.png,passport,synthetic,passport_029,scaled_up
backend/app/modules/m2_classifier/training/data/passport/passport_029_scaled_down.png,passport,synthetic,passport_029,scaled_down
backend/app/modules/m2_classifier/training/data/passport/passport_030_base.png,passport,synthetic,passport_030,original
backend/app/modules/m2_classifier/training/data/passport/passport_030_blurred.png,passport,synthetic,passport_030,blurred
backend/app/modules/m2_classifier/training/data/passport/passport_030_contrast_adjusted.png,passport,synthetic,passport_030,contrast_adjusted
backend/app/modules/m2_classifier/training/data/passport/passport_030_hue_sat_adjusted.png,passport,synthetic,passport_030,hue_sat_adjusted
backend/app/modules/m2_classifier/training/data/passport/passport_030_scaled_up.png,passport,synthetic,passport_030,scaled_up
backend/app/modules/m2_classifier/training/data/passport/passport_030_scaled_down.png,passport,synthetic,passport_030,scaled_down
backend/app/modules/m2_classifier/training/data/passport/passport_031_base.png,passport,synthetic,passport_031,original
backend/app/modules/m2_classifier/training/data/passport/passport_031_blurred.png,passport,synthetic,passport_031,blurred
backend/app/modules/m2_classifier/training/data/passport/passport_031_contrast_adjusted.png,passport,synthetic,passport_031,contrast_adjusted
backend/app/modules/m2_classifier/training/data/passport/passport_031_hue_sat_adjusted.png,passport,synthetic,passport_031,hue_sat_adjusted
backend/app/modules/m2_classifier/training/data/passport/passport_031_scaled_up.png,passport,synthetic,passport_031,scaled_up
backend/app/modules/m2_classifier/training/data/passport/passport_031_scaled_down.png,passport,synthetic,passport_031,scaled_down
backend/app/modules/m2_classifier/training/data/passport/passport_032_base.png,passport,synthetic,passport_032,original
backend/app/modules/m2_classifier/training/data/passport/passport_032_blurred.png,passport,synthetic,passport_032,blurred
backend/app/modules/m2_classifier/training/data/passport/passport_032_contrast_adjusted.png,passport,synthetic,passport_032,contrast_adjusted
backend/app/modules/m2_classifier/training/data/passport/passport_032_hue_sat_adjusted.png,passport,synthetic,passport_032,hue_sat_adjusted
backend/app/modules/m2_classifier/training/data/passport/passport_032_scaled_up.png,passport,synthetic,passport_032,scaled_up
backend/app/modules/m2_classifier/training/data/passport/passport_032_scaled_down.png,passport,synthetic,passport_032,scaled_down
backend/app/modules/m2_classifier/training/data/passport/passport_033_base.png,passport,synthetic,passport_033,original
backend/app/modules/m2_classifier/training/data/passport/passport_033_blurred.png,passport,synthetic,passport_033,blurred
backend/app/modules/m2_classifier/training/data/passport/passport_033_contrast_adjusted.png,passport,synthetic,passport_033,contrast_adjusted
backend/app/modules/m2_classifier/training/data/passport/passport_033_hue_sat_adjusted.png,passport,synthetic,passport_033,hue_sat_adjusted
backend/app/modules/m2_classifier/training/data/passport/passport_033_scaled_up.png,passport,synthetic,passport_033,scaled_up
backend/app/modules/m2_classifier/training/data/passport/passport_033_scaled_down.png,passport,synthetic,passport_033,scaled_down
backend/app/modules/m2_classifier/training/data/passport/passport_034_base.png,passport,synthetic,passport_034,original
backend/app/modules/m2_classifier/training/data/passport/passport_034_blurred.png,passport,synthetic,passport_034,blurred
backend/app/modules/m2_classifier/training/data/passport/passport_034_contrast_adjusted.png,passport,synthetic,passport_034,contrast_adjusted
backend/app/modules/m2_classifier/training/data/passport/passport_034_hue_sat_adjusted.png,passport,synthetic,passport_034,hue_sat_adjusted
backend/app/modules/m2_classifier/training/data/passport/passport_034_scaled_up.png,passport,synthetic,passport_034,scaled_up
backend/app/modules/m2_classifier/training/data/passport/passport_034_scaled_down.png,passport,synthetic,passport_034,scaled_down
backend/app/modules/m2_classifier/training/data/passport/passport_035_base.png,passport,synthetic,passport_035,original
backend/app/modules/m2_classifier/training/data/passport/passport_035_blurred.png,passport,synthetic,passport_035,blurred
backend/app/modules/m2_classifier/training/data/passport/passport_035_contrast_adjusted.png,passport,synthetic,passport_035,contrast_adjusted
backend/app/modules/m2_classifier/training/data/passport/passport_035_hue_sat_adjusted.png,passport,synthetic,passport_035,hue_sat_adjusted
backend/app/modules/m2_classifier/training/data/passport/passport_035_scaled_up.png,passport,synthetic,passport_035,scaled_up
backend/app/modules/m2_classifier/training/data/passport/passport_035_scaled_down.png,passport,synthetic,passport_035,scaled_down
backend/app/modules/m2_classifier/training/data/passport/passport_036_base.png,passport,synthetic,passport_036,original
backend/app/modules/m2_classifier/training/data/passport/passport_036_blurred.png,passport,synthetic,passport_036,blurred
backend/app/modules/m2_classifier/training/data/passport/passport_036_contrast_adjusted.png,passport,synthetic,passport_036,contrast_adjusted
backend/app/modules/m2_classifier/training/data/passport/passport_036_hue_sat_adjusted.png,passport,synthetic,passport_036,hue_sat_adjusted
backend/app/modules/m2_classifier/training/data/passport/passport_036_scaled_up.png,passport,synthetic,passport_036,scaled_up
backend/app/modules/m2_classifier/training/data/passport/passport_036_scaled_down.png,passport,synthetic,passport_036,scaled_down
backend/app/modules/m2_classifier/training/data/passport/passport_037_base.png,passport,synthetic,passport_037,original
backend/app/modules/m2_classifier/training/data/passport/passport_037_blurred.png,passport,synthetic,passport_037,blurred
backend/app/modules/m2_classifier/training/data/passport/passport_037_contrast_adjusted.png,passport,synthetic,passport_037,contrast_adjusted
backend/app/modules/m2_classifier/training/data/passport/passport_037_hue_sat_adjusted.png,passport,synthetic,passport_037,hue_sat_adjusted
backend/app/modules/m2_classifier/training/data/passport/passport_037_scaled_up.png,passport,synthetic,passport_037,scaled_up
backend/app/modules/m2_classifier/training/data/passport/passport_037_scaled_down.png,passport,synthetic,passport_037,scaled_down
backend/app/modules/m2_classifier/training/data/passport/passport_038_base.png,passport,synthetic,passport_038,original
backend/app/modules/m2_classifier/training/data/passport/passport_038_blurred.png,passport,synthetic,passport_038,blurred
backend/app/modules/m2_classifier/training/data/passport/passport_038_contrast_adjusted.png,passport,synthetic,passport_038,contrast_adjusted
backend/app/modules/m2_classifier/training/data/passport/passport_038_hue_sat_adjusted.png,passport,synthetic,passport_038,hue_sat_adjusted
backend/app/modules/m2_classifier/training/data/passport/passport_038_scaled_up.png,passport,synthetic,passport_038,scaled_up
backend/app/modules/m2_classifier/training/data/passport/passport_038_scaled_down.png,passport,synthetic,passport_038,scaled_down
backend/app/modules/m2_classifier/training/data/passport/passport_039_base.png,passport,synthetic,passport_039,original
backend/app/modules/m2_classifier/training/data/passport/passport_039_blurred.png,passport,synthetic,passport_039,blurred
backend/app/modules/m2_classifier/training/data/passport/passport_039_contrast_adjusted.png,passport,synthetic,passport_039,contrast_adjusted
backend/app/modules/m2_classifier/training/data/passport/passport_039_hue_sat_adjusted.png,passport,synthetic,passport_039,hue_sat_adjusted
backend/app/modules/m2_classifier/training/data/passport/passport_039_scaled_up.png,passport,synthetic,passport_039,scaled_up
backend/app/modules/m2_classifier/training/data/passport/passport_039_scaled_down.png,passport,synthetic,passport_039,scaled_down
backend/app/modules/m2_classifier/training/data/passport/passport_040_base.png,passport,synthetic,passport_040,original
backend/app/modules/m2_classifier/training/data/passport/passport_040_blurred.png,passport,synthetic,passport_040,blurred
backend/app/modules/m2_classifier/training/data/passport/passport_040_contrast_adjusted.png,passport,synthetic,passport_040,contrast_adjusted
backend/app/modules/m2_classifier/training/data/passport/passport_040_hue_sat_adjusted.png,passport,synthetic,passport_040,hue_sat_adjusted
backend/app/modules/m2_classifier/training/data/passport/passport_040_scaled_up.png,passport,synthetic,passport_040,scaled_up
backend/app/modules/m2_classifier/training/data/passport/passport_040_scaled_down.png,passport,synthetic,passport_040,scaled_down
backend/app/modules/m2_classifier/training/data/passport/passport_041_base.png,passport,synthetic,passport_041,original
backend/app/modules/m2_classifier/training/data/passport/passport_041_blurred.png,passport,synthetic,passport_041,blurred
backend/app/modules/m2_classifier/training/data/passport/passport_041_contrast_adjusted.png,passport,synthetic,passport_041,contrast_adjusted
backend/app/modules/m2_classifier/training/data/passport/passport_041_hue_sat_adjusted.png,passport,synthetic,passport_041,hue_sat_adjusted
backend/app/modules/m2_classifier/training/data/passport/passport_041_scaled_up.png,passport,synthetic,passport_041,scaled_up
backend/app/modules/m2_classifier/training/data/passport/passport_041_scaled_down.png,passport,synthetic,passport_041,scaled_down
backend/app/modules/m2_classifier/training/data/passport/passport_042_base.png,passport,synthetic,passport_042,original
backend/app/modules/m2_classifier/training/data/passport/passport_042_blurred.png,passport,synthetic,passport_042,blurred
backend/app/modules/m2_classifier/training/data/passport/passport_042_contrast_adjusted.png,passport,synthetic,passport_042,contrast_adjusted
backend/app/modules/m2_classifier/training/data/passport/passport_042_hue_sat_adjusted.png,passport,synthetic,passport_042,hue_sat_adjusted
backend/app/modules/m2_classifier/training/data/passport/passport_042_scaled_up.png,passport,synthetic,passport_042,scaled_up
backend/app/modules/m2_classifier/training/data/passport/passport_042_scaled_down.png,passport,synthetic,passport_042,scaled_down
backend/app/modules/m2_classifier/training/data/passport/passport_043_base.png,passport,synthetic,passport_043,original
backend/app/modules/m2_classifier/training/data/passport/passport_043_blurred.png,passport,synthetic,passport_043,blurred
backend/app/modules/m2_classifier/training/data/passport/passport_043_contrast_adjusted.png,passport,synthetic,passport_043,contrast_adjusted
backend/app/modules/m2_classifier/training/data/passport/passport_043_hue_sat_adjusted.png,passport,synthetic,passport_043,hue_sat_adjusted
backend/app/modules/m2_classifier/training/data/passport/passport_043_scaled_up.png,passport,synthetic,passport_043,scaled_up
backend/app/modules/m2_classifier/training/data/passport/passport_043_scaled_down.png,passport,synthetic,passport_043,scaled_down
backend/app/modules/m2_classifier/training/data/passport/passport_044_base.png,passport,synthetic,passport_044,original
backend/app/modules/m2_classifier/training/data/passport/passport_044_blurred.png,passport,synthetic,passport_044,blurred
backend/app/modules/m2_classifier/training/data/passport/passport_044_contrast_adjusted.png,passport,synthetic,passport_044,contrast_adjusted
backend/app/modules/m2_classifier/training/data/passport/passport_044_hue_sat_adjusted.png,passport,synthetic,passport_044,hue_sat_adjusted
backend/app/modules/m2_classifier/training/data/passport/passport_044_scaled_up.png,passport,synthetic,passport_044,scaled_up
backend/app/modules/m2_classifier/training/data/passport/passport_044_scaled_down.png,passport,synthetic,passport_044,scaled_down
backend/app/modules/m2_classifier/training/data/passport/passport_045_base.png,passport,synthetic,passport_045,original
backend/app/modules/m2_classifier/training/data/passport/passport_045_blurred.png,passport,synthetic,passport_045,blurred
backend/app/modules/m2_classifier/training/data/passport/passport_045_contrast_adjusted.png,passport,synthetic,passport_045,contrast_adjusted
backend/app/modules/m2_classifier/training/data/passport/passport_045_hue_sat_adjusted.png,passport,synthetic,passport_045,hue_sat_adjusted
backend/app/modules/m2_classifier/training/data/passport/passport_045_scaled_up.png,passport,synthetic,passport_045,scaled_up
backend/app/modules/m2_classifier/training/data/passport/passport_045_scaled_down.png,passport,synthetic,passport_045,scaled_down
backend/app/modules/m2_classifier/training/data/passport/passport_046_base.png,passport,synthetic,passport_046,original
backend/app/modules/m2_classifier/training/data/passport/passport_046_blurred.png,passport,synthetic,passport_046,blurred
backend/app/modules/m2_classifier/training/data/passport/passport_046_contrast_adjusted.png,passport,synthetic,passport_046,contrast_adjusted
backend/app/modules/m2_classifier/training/data/passport/passport_046_hue_sat_adjusted.png,passport,synthetic,passport_046,hue_sat_adjusted
backend/app/modules/m2_classifier/training/data/passport/passport_046_scaled_up.png,passport,synthetic,passport_046,scaled_up
backend/app/modules/m2_classifier/training/data/passport/passport_046_scaled_down.png,passport,synthetic,passport_046,scaled_down
backend/app/modules/m2_classifier/training/data/passport/passport_047_base.png,passport,synthetic,passport_047,original
backend/app/modules/m2_classifier/training/data/passport/passport_047_blurred.png,passport,synthetic,passport_047,blurred
backend/app/modules/m2_classifier/training/data/passport/passport_047_contrast_adjusted.png,passport,synthetic,passport_047,contrast_adjusted
backend/app/modules/m2_classifier/training/data/passport/passport_047_hue_sat_adjusted.png,passport,synthetic,passport_047,hue_sat_adjusted
backend/app/modules/m2_classifier/training/data/passport/passport_047_scaled_up.png,passport,synthetic,passport_047,scaled_up
backend/app/modules/m2_classifier/training/data/passport/passport_047_scaled_down.png,passport,synthetic,passport_047,scaled_down
backend/app/modules/m2_classifier/training/data/passport/passport_048_base.png,passport,synthetic,passport_048,original
backend/app/modules/m2_classifier/training/data/passport/passport_048_blurred.png,passport,synthetic,passport_048,blurred
backend/app/modules/m2_classifier/training/data/passport/passport_048_contrast_adjusted.png,passport,synthetic,passport_048,contrast_adjusted
backend/app/modules/m2_classifier/training/data/passport/passport_048_hue_sat_adjusted.png,passport,synthetic,passport_048,hue_sat_adjusted
backend/app/modules/m2_classifier/training/data/passport/passport_048_scaled_up.png,passport,synthetic,passport_048,scaled_up
backend/app/modules/m2_classifier/training/data/passport/passport_048_scaled_down.png,passport,synthetic,passport_048,scaled_down
backend/app/modules/m2_classifier/training/data/passport/passport_049_base.png,passport,synthetic,passport_049,original
backend/app/modules/m2_classifier/training/data/passport/passport_049_blurred.png,passport,synthetic,passport_049,blurred
backend/app/modules/m2_classifier/training/data/passport/passport_049_contrast_adjusted.png,passport,synthetic,passport_049,contrast_adjusted
backend/app/modules/m2_classifier/training/data/passport/passport_049_hue_sat_adjusted.png,passport,synthetic,passport_049,hue_sat_adjusted
backend/app/modules/m2_classifier/training/data/passport/passport_049_scaled_up.png,passport,synthetic,passport_049,scaled_up
backend/app/modules/m2_classifier/training/data/passport/passport_049_scaled_down.png,passport,synthetic,passport_049,scaled_down
backend/app/modules/m2_classifier/training/data/passport/passport_050_base.png,passport,synthetic,passport_050,original
backend/app/modules/m2_classifier/training/data/passport/passport_050_blurred.png,passport,synthetic,passport_050,blurred
backend/app/modules/m2_classifier/training/data/passport/passport_050_contrast_adjusted.png,passport,synthetic,passport_050,contrast_adjusted
backend/app/modules/m2_classifier/training/data/passport/passport_050_hue_sat_adjusted.png,passport,synthetic,passport_050,hue_sat_adjusted
backend/app/modules/m2_classifier/training/data/passport/passport_050_scaled_up.png,passport,synthetic,passport_050,scaled_up
backend/app/modules/m2_classifier/training/data/passport/passport_050_scaled_down.png,passport,synthetic,passport_050,scaled_down
backend/app/modules/m2_classifier/training/data/passport/passport_051_base.png,passport,synthetic,passport_051,original
backend/app/modules/m2_classifier/training/data/passport/passport_051_blurred.png,passport,synthetic,passport_051,blurred
backend/app/modules/m2_classifier/training/data/passport/passport_051_contrast_adjusted.png,passport,synthetic,passport_051,contrast_adjusted
backend/app/modules/m2_classifier/training/data/passport/passport_051_hue_sat_adjusted.png,passport,synthetic,passport_051,hue_sat_adjusted
backend/app/modules/m2_classifier/training/data/passport/passport_051_scaled_up.png,passport,synthetic,passport_051,scaled_up
backend/app/modules/m2_classifier/training/data/passport/passport_051_scaled_down.png,passport,synthetic,passport_051,scaled_down
backend/app/modules/m2_classifier/training/data/passport/passport_052_base.png,passport,synthetic,passport_052,original
backend/app/modules/m2_classifier/training/data/passport/passport_052_blurred.png,passport,synthetic,passport_052,blurred
backend/app/modules/m2_classifier/training/data/passport/passport_052_contrast_adjusted.png,passport,synthetic,passport_052,contrast_adjusted
backend/app/modules/m2_classifier/training/data/passport/passport_052_hue_sat_adjusted.png,passport,synthetic,passport_052,hue_sat_adjusted
backend/app/modules/m2_classifier/training/data/passport/passport_052_scaled_up.png,passport,synthetic,passport_052,scaled_up
backend/app/modules/m2_classifier/training/data/passport/passport_052_scaled_down.png,passport,synthetic,passport_052,scaled_down
backend/app/modules/m2_classifier/training/data/passport/passport_053_base.png,passport,synthetic,passport_053,original
backend/app/modules/m2_classifier/training/data/passport/passport_053_blurred.png,passport,synthetic,passport_053,blurred
backend/app/modules/m2_classifier/training/data/passport/passport_053_contrast_adjusted.png,passport,synthetic,passport_053,contrast_adjusted
backend/app/modules/m2_classifier/training/data/passport/passport_053_hue_sat_adjusted.png,passport,synthetic,passport_053,hue_sat_adjusted
backend/app/modules/m2_classifier/training/data/passport/passport_053_scaled_up.png,passport,synthetic,passport_053,scaled_up
backend/app/modules/m2_classifier/training/data/passport/passport_053_scaled_down.png,passport,synthetic,passport_053,scaled_down
backend/app/modules/m2_classifier/training/data/passport/passport_054_base.png,passport,synthetic,passport_054,original
backend/app/modules/m2_classifier/training/data/passport/passport_054_blurred.png,passport,synthetic,passport_054,blurred
backend/app/modules/m2_classifier/training/data/passport/passport_054_contrast_adjusted.png,passport,synthetic,passport_054,contrast_adjusted
backend/app/modules/m2_classifier/training/data/passport/passport_054_hue_sat_adjusted.png,passport,synthetic,passport_054,hue_sat_adjusted
backend/app/modules/m2_classifier/training/data/passport/passport_054_scaled_up.png,passport,synthetic,passport_054,scaled_up
backend/app/modules/m2_classifier/training/data/passport/passport_054_scaled_down.png,passport,synthetic,passport_054,scaled_down
backend/app/modules/m2_classifier/training/data/passport/passport_055_base.png,passport,synthetic,passport_055,original
backend/app/modules/m2_classifier/training/data/passport/passport_055_blurred.png,passport,synthetic,passport_055,blurred
backend/app/modules/m2_classifier/training/data/passport/passport_055_contrast_adjusted.png,passport,synthetic,passport_055,contrast_adjusted
backend/app/modules/m2_classifier/training/data/passport/passport_055_hue_sat_adjusted.png,passport,synthetic,passport_055,hue_sat_adjusted
backend/app/modules/m2_classifier/training/data/passport/passport_055_scaled_up.png,passport,synthetic,passport_055,scaled_up
backend/app/modules/m2_classifier/training/data/passport/passport_055_scaled_down.png,passport,synthetic,passport_055,scaled_down
backend/app/modules/m2_classifier/training/data/passport/passport_056_base.png,passport,synthetic,passport_056,original
backend/app/modules/m2_classifier/training/data/passport/passport_056_blurred.png,passport,synthetic,passport_056,blurred
backend/app/modules/m2_classifier/training/data/passport/passport_056_contrast_adjusted.png,passport,synthetic,passport_056,contrast_adjusted
backend/app/modules/m2_classifier/training/data/passport/passport_056_hue_sat_adjusted.png,passport,synthetic,passport_056,hue_sat_adjusted
backend/app/modules/m2_classifier/training/data/passport/passport_056_scaled_up.png,passport,synthetic,passport_056,scaled_up
backend/app/modules/m2_classifier/training/data/passport/passport_056_scaled_down.png,passport,synthetic,passport_056,scaled_down
backend/app/modules/m2_classifier/training/data/passport/passport_057_base.png,passport,synthetic,passport_057,original
backend/app/modules/m2_classifier/training/data/passport/passport_057_blurred.png,passport,synthetic,passport_057,blurred
backend/app/modules/m2_classifier/training/data/passport/passport_057_contrast_adjusted.png,passport,synthetic,passport_057,contrast_adjusted
backend/app/modules/m2_classifier/training/data/passport/passport_057_hue_sat_adjusted.png,passport,synthetic,passport_057,hue_sat_adjusted
backend/app/modules/m2_classifier/training/data/passport/passport_057_scaled_up.png,passport,synthetic,passport_057,scaled_up
backend/app/modules/m2_classifier/training/data/passport/passport_057_scaled_down.png,passport,synthetic,passport_057,scaled_down
backend/app/modules/m2_classifier/training/data/passport/passport_058_base.png,passport,synthetic,passport_058,original
backend/app/modules/m2_classifier/training/data/passport/passport_058_blurred.png,passport,synthetic,passport_058,blurred
backend/app/modules/m2_classifier/training/data/passport/passport_058_contrast_adjusted.png,passport,synthetic,passport_058,contrast_adjusted
backend/app/modules/m2_classifier/training/data/passport/passport_058_hue_sat_adjusted.png,passport,synthetic,passport_058,hue_sat_adjusted
backend/app/modules/m2_classifier/training/data/passport/passport_058_scaled_up.png,passport,synthetic,passport_058,scaled_up
backend/app/modules/m2_classifier/training/data/passport/passport_058_scaled_down.png,passport,synthetic,passport_058,scaled_down
backend/app/modules/m2_classifier/training/data/passport/passport_059_base.png,passport,synthetic,passport_059,original
backend/app/modules/m2_classifier/training/data/passport/passport_059_blurred.png,passport,synthetic,passport_059,blurred
backend/app/modules/m2_classifier/training/data/passport/passport_059_contrast_adjusted.png,passport,synthetic,passport_059,contrast_adjusted
backend/app/modules/m2_classifier/training/data/passport/passport_059_hue_sat_adjusted.png,passport,synthetic,passport_059,hue_sat_adjusted
backend/app/modules/m2_classifier/training/data/passport/passport_059_scaled_up.png,passport,synthetic,passport_059,scaled_up
backend/app/modules/m2_classifier/training/data/passport/passport_059_scaled_down.png,passport,synthetic,passport_059,scaled_down
backend/app/modules/m2_classifier/training/data/passport/passport_060_base.png,passport,synthetic,passport_060,original
backend/app/modules/m2_classifier/training/data/passport/passport_060_blurred.png,passport,synthetic,passport_060,blurred
backend/app/modules/m2_classifier/training/data/passport/passport_060_contrast_adjusted.png,passport,synthetic,passport_060,contrast_adjusted
backend/app/modules/m2_classifier/training/data/passport/passport_060_hue_sat_adjusted.png,passport,synthetic,passport_060,hue_sat_adjusted
backend/app/modules/m2_classifier/training/data/passport/passport_060_scaled_up.png,passport,synthetic,passport_060,scaled_up
backend/app/modules/m2_classifier/training/data/passport/passport_060_scaled_down.png,passport,synthetic,passport_060,scaled_down
backend/app/modules/m2_classifier/training/data/passport/passport_061_base.png,passport,synthetic,passport_061,original
backend/app/modules/m2_classifier/training/data/passport/passport_061_blurred.png,passport,synthetic,passport_061,blurred
backend/app/modules/m2_classifier/training/data/passport/passport_061_contrast_adjusted.png,passport,synthetic,passport_061,contrast_adjusted
backend/app/modules/m2_classifier/training/data/passport/passport_061_hue_sat_adjusted.png,passport,synthetic,passport_061,hue_sat_adjusted
backend/app/modules/m2_classifier/training/data/passport/passport_061_scaled_up.png,passport,synthetic,passport_061,scaled_up
backend/app/modules/m2_classifier/training/data/passport/passport_061_scaled_down.png,passport,synthetic,passport_061,scaled_down
backend/app/modules/m2_classifier/training/data/passport/passport_062_base.png,passport,synthetic,passport_062,original
backend/app/modules/m2_classifier/training/data/passport/passport_062_blurred.png,passport,synthetic,passport_062,blurred
backend/app/modules/m2_classifier/training/data/passport/passport_062_contrast_adjusted.png,passport,synthetic,passport_062,contrast_adjusted
backend/app/modules/m2_classifier/training/data/passport/passport_062_hue_sat_adjusted.png,passport,synthetic,passport_062,hue_sat_adjusted
backend/app/modules/m2_classifier/training/data/passport/passport_062_scaled_up.png,passport,synthetic,passport_062,scaled_up
backend/app/modules/m2_classifier/training/data/passport/passport_062_scaled_down.png,passport,synthetic,passport_062,scaled_down
backend/app/modules/m2_classifier/training/data/passport/passport_063_base.png,passport,synthetic,passport_063,original
backend/app/modules/m2_classifier/training/data/passport/passport_063_blurred.png,passport,synthetic,passport_063,blurred
backend/app/modules/m2_classifier/training/data/passport/passport_063_contrast_adjusted.png,passport,synthetic,passport_063,contrast_adjusted
backend/app/modules/m2_classifier/training/data/passport/passport_063_hue_sat_adjusted.png,passport,synthetic,passport_063,hue_sat_adjusted
backend/app/modules/m2_classifier/training/data/passport/passport_063_scaled_up.png,passport,synthetic,passport_063,scaled_up
backend/app/modules/m2_classifier/training/data/passport/passport_063_scaled_down.png,passport,synthetic,passport_063,scaled_down
backend/app/modules/m2_classifier/training/data/passport/passport_064_base.png,passport,synthetic,passport_064,original
backend/app/modules/m2_classifier/training/data/passport/passport_064_blurred.png,passport,synthetic,passport_064,blurred
backend/app/modules/m2_classifier/training/data/passport/passport_064_contrast_adjusted.png,passport,synthetic,passport_064,contrast_adjusted
backend/app/modules/m2_classifier/training/data/passport/passport_064_hue_sat_adjusted.png,passport,synthetic,passport_064,hue_sat_adjusted
backend/app/modules/m2_classifier/training/data/passport/passport_064_scaled_up.png,passport,synthetic,passport_064,scaled_up
backend/app/modules/m2_classifier/training/data/passport/passport_064_scaled_down.png,passport,synthetic,passport_064,scaled_down
backend/app/modules/m2_classifier/training/data/passport/passport_065_base.png,passport,synthetic,passport_065,original
backend/app/modules/m2_classifier/training/data/passport/passport_065_blurred.png,passport,synthetic,passport_065,blurred
backend/app/modules/m2_classifier/training/data/passport/passport_065_contrast_adjusted.png,passport,synthetic,passport_065,contrast_adjusted
backend/app/modules/m2_classifier/training/data/passport/passport_065_hue_sat_adjusted.png,passport,synthetic,passport_065,hue_sat_adjusted
backend/app/modules/m2_classifier/training/data/passport/passport_065_scaled_up.png,passport,synthetic,passport_065,scaled_up
backend/app/modules/m2_classifier/training/data/passport/passport_065_scaled_down.png,passport,synthetic,passport_065,scaled_down
backend/app/modules/m2_classifier/training/data/passport/passport_066_base.png,passport,synthetic,passport_066,original
backend/app/modules/m2_classifier/training/data/passport/passport_066_blurred.png,passport,synthetic,passport_066,blurred
backend/app/modules/m2_classifier/training/data/passport/passport_066_contrast_adjusted.png,passport,synthetic,passport_066,contrast_adjusted
backend/app/modules/m2_classifier/training/data/passport/passport_066_hue_sat_adjusted.png,passport,synthetic,passport_066,hue_sat_adjusted
backend/app/modules/m2_classifier/training/data/passport/passport_066_scaled_up.png,passport,synthetic,passport_066,scaled_up
backend/app/modules/m2_classifier/training/data/passport/passport_066_scaled_down.png,passport,synthetic,passport_066,scaled_down
backend/app/modules/m2_classifier/training/data/passport/passport_067_base.png,passport,synthetic,passport_067,original
backend/app/modules/m2_classifier/training/data/passport/passport_067_blurred.png,passport,synthetic,passport_067,blurred
backend/app/modules/m2_classifier/training/data/passport/passport_067_contrast_adjusted.png,passport,synthetic,passport_067,contrast_adjusted
backend/app/modules/m2_classifier/training/data/passport/passport_067_hue_sat_adjusted.png,passport,synthetic,passport_067,hue_sat_adjusted
backend/app/modules/m2_classifier/training/data/passport/passport_067_scaled_up.png,passport,synthetic,passport_067,scaled_up
backend/app/modules/m2_classifier/training/data/passport/passport_067_scaled_down.png,passport,synthetic,passport_067,scaled_down
backend/app/modules/m2_classifier/training/data/passport/passport_068_base.png,passport,synthetic,passport_068,original
backend/app/modules/m2_classifier/training/data/passport/passport_068_blurred.png,passport,synthetic,passport_068,blurred
backend/app/modules/m2_classifier/training/data/passport/passport_068_contrast_adjusted.png,passport,synthetic,passport_068,contrast_adjusted
backend/app/modules/m2_classifier/training/data/passport/passport_068_hue_sat_adjusted.png,passport,synthetic,passport_068,hue_sat_adjusted
backend/app/modules/m2_classifier/training/data/passport/passport_068_scaled_up.png,passport,synthetic,passport_068,scaled_up
backend/app/modules/m2_classifier/training/data/passport/passport_068_scaled_down.png,passport,synthetic,passport_068,scaled_down
backend/app/modules/m2_classifier/training/data/passport/passport_069_base.png,passport,synthetic,passport_069,original
backend/app/modules/m2_classifier/training/data/passport/passport_069_blurred.png,passport,synthetic,passport_069,blurred
backend/app/modules/m2_classifier/training/data/passport/passport_069_contrast_adjusted.png,passport,synthetic,passport_069,contrast_adjusted
backend/app/modules/m2_classifier/training/data/passport/passport_069_hue_sat_adjusted.png,passport,synthetic,passport_069,hue_sat_adjusted
backend/app/modules/m2_classifier/training/data/passport/passport_069_scaled_up.png,passport,synthetic,passport_069,scaled_up
backend/app/modules/m2_classifier/training/data/passport/passport_069_scaled_down.png,passport,synthetic,passport_069,scaled_down
backend/app/modules/m2_classifier/training/data/passport/passport_070_base.png,passport,synthetic,passport_070,original
backend/app/modules/m2_classifier/training/data/passport/passport_070_blurred.png,passport,synthetic,passport_070,blurred
backend/app/modules/m2_classifier/training/data/passport/passport_070_contrast_adjusted.png,passport,synthetic,passport_070,contrast_adjusted
backend/app/modules/m2_classifier/training/data/passport/passport_070_hue_sat_adjusted.png,passport,synthetic,passport_070,hue_sat_adjusted
backend/app/modules/m2_classifier/training/data/passport/passport_070_scaled_up.png,passport,synthetic,passport_070,scaled_up
backend/app/modules/m2_classifier/training/data/passport/passport_070_scaled_down.png,passport,synthetic,passport_070,scaled_down
backend/app/modules/m2_classifier/training/data/passport/passport_071_base.png,passport,synthetic,passport_071,original
backend/app/modules/m2_classifier/training/data/passport/passport_071_blurred.png,passport,synthetic,passport_071,blurred
backend/app/modules/m2_classifier/training/data/passport/passport_071_contrast_adjusted.png,passport,synthetic,passport_071,contrast_adjusted
backend/app/modules/m2_classifier/training/data/passport/passport_071_hue_sat_adjusted.png,passport,synthetic,passport_071,hue_sat_adjusted
backend/app/modules/m2_classifier/training/data/passport/passport_071_scaled_up.png,passport,synthetic,passport_071,scaled_up
backend/app/modules/m2_classifier/training/data/passport/passport_071_scaled_down.png,passport,synthetic,passport_071,scaled_down
backend/app/modules/m2_classifier/training/data/passport/passport_072_base.png,passport,synthetic,passport_072,original
backend/app/modules/m2_classifier/training/data/passport/passport_072_blurred.png,passport,synthetic,passport_072,blurred
backend/app/modules/m2_classifier/training/data/passport/passport_072_contrast_adjusted.png,passport,synthetic,passport_072,contrast_adjusted
backend/app/modules/m2_classifier/training/data/passport/passport_072_hue_sat_adjusted.png,passport,synthetic,passport_072,hue_sat_adjusted
backend/app/modules/m2_classifier/training/data/passport/passport_072_scaled_up.png,passport,synthetic,passport_072,scaled_up
backend/app/modules/m2_classifier/training/data/passport/passport_072_scaled_down.png,passport,synthetic,passport_072,scaled_down
backend/app/modules/m2_classifier/training/data/passport/passport_073_base.png,passport,synthetic,passport_073,original
backend/app/modules/m2_classifier/training/data/passport/passport_073_blurred.png,passport,synthetic,passport_073,blurred
backend/app/modules/m2_classifier/training/data/passport/passport_073_contrast_adjusted.png,passport,synthetic,passport_073,contrast_adjusted
backend/app/modules/m2_classifier/training/data/passport/passport_073_hue_sat_adjusted.png,passport,synthetic,passport_073,hue_sat_adjusted
backend/app/modules/m2_classifier/training/data/passport/passport_073_scaled_up.png,passport,synthetic,passport_073,scaled_up
backend/app/modules/m2_classifier/training/data/passport/passport_073_scaled_down.png,passport,synthetic,passport_073,scaled_down
backend/app/modules/m2_classifier/training/data/passport/passport_074_base.png,passport,synthetic,passport_074,original
backend/app/modules/m2_classifier/training/data/passport/passport_074_blurred.png,passport,synthetic,passport_074,blurred
backend/app/modules/m2_classifier/training/data/passport/passport_074_contrast_adjusted.png,passport,synthetic,passport_074,contrast_adjusted
backend/app/modules/m2_classifier/training/data/passport/passport_074_hue_sat_adjusted.png,passport,synthetic,passport_074,hue_sat_adjusted
backend/app/modules/m2_classifier/training/data/passport/passport_074_scaled_up.png,passport,synthetic,passport_074,scaled_up
backend/app/modules/m2_classifier/training/data/passport/passport_074_scaled_down.png,passport,synthetic,passport_074,scaled_down
backend/app/modules/m2_classifier/training/data/passport/passport_075_base.png,passport,synthetic,passport_075,original
backend/app/modules/m2_classifier/training/data/passport/passport_075_blurred.png,passport,synthetic,passport_075,blurred
backend/app/modules/m2_classifier/training/data/passport/passport_075_contrast_adjusted.png,passport,synthetic,passport_075,contrast_adjusted
backend/app/modules/m2_classifier/training/data/passport/passport_075_hue_sat_adjusted.png,passport,synthetic,passport_075,hue_sat_adjusted
backend/app/modules/m2_classifier/training/data/passport/passport_075_scaled_up.png,passport,synthetic,passport_075,scaled_up
backend/app/modules/m2_classifier/training/data/passport/passport_075_scaled_down.png,passport,synthetic,passport_075,scaled_down
backend/app/modules/m2_classifier/training/data/passport/passport_076_base.png,passport,synthetic,passport_076,original
backend/app/modules/m2_classifier/training/data/passport/passport_076_blurred.png,passport,synthetic,passport_076,blurred
backend/app/modules/m2_classifier/training/data/passport/passport_076_contrast_adjusted.png,passport,synthetic,passport_076,contrast_adjusted
backend/app/modules/m2_classifier/training/data/passport/passport_076_hue_sat_adjusted.png,passport,synthetic,passport_076,hue_sat_adjusted
backend/app/modules/m2_classifier/training/data/passport/passport_076_scaled_up.png,passport,synthetic,passport_076,scaled_up
backend/app/modules/m2_classifier/training/data/passport/passport_076_scaled_down.png,passport,synthetic,passport_076,scaled_down
backend/app/modules/m2_classifier/training/data/passport/passport_077_base.png,passport,synthetic,passport_077,original
backend/app/modules/m2_classifier/training/data/passport/passport_077_blurred.png,passport,synthetic,passport_077,blurred
backend/app/modules/m2_classifier/training/data/passport/passport_077_contrast_adjusted.png,passport,synthetic,passport_077,contrast_adjusted
backend/app/modules/m2_classifier/training/data/passport/passport_077_hue_sat_adjusted.png,passport,synthetic,passport_077,hue_sat_adjusted
backend/app/modules/m2_classifier/training/data/passport/passport_077_scaled_up.png,passport,synthetic,passport_077,scaled_up
backend/app/modules/m2_classifier/training/data/passport/passport_077_scaled_down.png,passport,synthetic,passport_077,scaled_down
backend/app/modules/m2_classifier/training/data/passport/passport_078_base.png,passport,synthetic,passport_078,original
backend/app/modules/m2_classifier/training/data/passport/passport_078_blurred.png,passport,synthetic,passport_078,blurred
backend/app/modules/m2_classifier/training/data/passport/passport_078_contrast_adjusted.png,passport,synthetic,passport_078,contrast_adjusted
backend/app/modules/m2_classifier/training/data/passport/passport_078_hue_sat_adjusted.png,passport,synthetic,passport_078,hue_sat_adjusted
backend/app/modules/m2_classifier/training/data/passport/passport_078_scaled_up.png,passport,synthetic,passport_078,scaled_up
backend/app/modules/m2_classifier/training/data/passport/passport_078_scaled_down.png,passport,synthetic,passport_078,scaled_down
backend/app/modules/m2_classifier/training/data/passport/passport_079_base.png,passport,synthetic,passport_079,original
backend/app/modules/m2_classifier/training/data/passport/passport_079_blurred.png,passport,synthetic,passport_079,blurred
backend/app/modules/m2_classifier/training/data/passport/passport_079_contrast_adjusted.png,passport,synthetic,passport_079,contrast_adjusted
backend/app/modules/m2_classifier/training/data/passport/passport_079_hue_sat_adjusted.png,passport,synthetic,passport_079,hue_sat_adjusted
backend/app/modules/m2_classifier/training/data/passport/passport_079_scaled_up.png,passport,synthetic,passport_079,scaled_up
backend/app/modules/m2_classifier/training/data/passport/passport_079_scaled_down.png,passport,synthetic,passport_079,scaled_down
backend/app/modules/m2_classifier/training/data/passport/passport_080_base.png,passport,synthetic,passport_080,original
backend/app/modules/m2_classifier/training/data/passport/passport_080_blurred.png,passport,synthetic,passport_080,blurred
backend/app/modules/m2_classifier/training/data/passport/passport_080_contrast_adjusted.png,passport,synthetic,passport_080,contrast_adjusted
backend/app/modules/m2_classifier/training/data/passport/passport_080_hue_sat_adjusted.png,passport,synthetic,passport_080,hue_sat_adjusted
backend/app/modules/m2_classifier/training/data/passport/passport_080_scaled_up.png,passport,synthetic,passport_080,scaled_up
backend/app/modules/m2_classifier/training/data/passport/passport_080_scaled_down.png,passport,synthetic,passport_080,scaled_down
backend/app/modules/m2_classifier/training/data/passport/passport_081_base.png,passport,synthetic,passport_081,original
backend/app/modules/m2_classifier/training/data/passport/passport_081_blurred.png,passport,synthetic,passport_081,blurred
backend/app/modules/m2_classifier/training/data/passport/passport_081_contrast_adjusted.png,passport,synthetic,passport_081,contrast_adjusted
backend/app/modules/m2_classifier/training/data/passport/passport_081_hue_sat_adjusted.png,passport,synthetic,passport_081,hue_sat_adjusted
backend/app/modules/m2_classifier/training/data/passport/passport_081_scaled_up.png,passport,synthetic,passport_081,scaled_up
backend/app/modules/m2_classifier/training/data/passport/passport_081_scaled_down.png,passport,synthetic,passport_081,scaled_down
backend/app/modules/m2_classifier/training/data/passport/passport_082_base.png,passport,synthetic,passport_082,original
backend/app/modules/m2_classifier/training/data/passport/passport_082_blurred.png,passport,synthetic,passport_082,blurred
backend/app/modules/m2_classifier/training/data/passport/passport_082_contrast_adjusted.png,passport,synthetic,passport_082,contrast_adjusted
backend/app/modules/m2_classifier/training/data/passport/passport_082_hue_sat_adjusted.png,passport,synthetic,passport_082,hue_sat_adjusted
backend/app/modules/m2_classifier/training/data/passport/passport_082_scaled_up.png,passport,synthetic,passport_082,scaled_up
backend/app/modules/m2_classifier/training/data/passport/passport_082_scaled_down.png,passport,synthetic,passport_082,scaled_down
backend/app/modules/m2_classifier/training/data/passport/passport_083_base.png,passport,synthetic,passport_083,original
backend/app/modules/m2_classifier/training/data/passport/passport_083_blurred.png,passport,synthetic,passport_083,blurred
backend/app/modules/m2_classifier/training/data/passport/passport_083_contrast_adjusted.png,passport,synthetic,passport_083,contrast_adjusted
backend/app/modules/m2_classifier/training/data/passport/passport_083_hue_sat_adjusted.png,passport,synthetic,passport_083,hue_sat_adjusted
backend/app/modules/m2_classifier/training/data/passport/passport_083_scaled_up.png,passport,synthetic,passport_083,scaled_up
backend/app/modules/m2_classifier/training/data/passport/passport_083_scaled_down.png,passport,synthetic,passport_083,scaled_down
backend/app/modules/m2_classifier/training/data/passport/passport_084_base.png,passport,synthetic,passport_084,original
backend/app/modules/m2_classifier/training/data/passport/passport_084_blurred.png,passport,synthetic,passport_084,blurred
backend/app/modules/m2_classifier/training/data/passport/passport_084_contrast_adjusted.png,passport,synthetic,passport_084,contrast_adjusted
backend/app/modules/m2_classifier/training/data/passport/passport_084_hue_sat_adjusted.png,passport,synthetic,passport_084,hue_sat_adjusted
backend/app/modules/m2_classifier/training/data/passport/passport_084_scaled_up.png,passport,synthetic,passport_084,scaled_up
backend/app/modules/m2_classifier/training/data/passport/passport_084_scaled_down.png,passport,synthetic,passport_084,scaled_down
backend/app/modules/m2_classifier/training/data/passport/passport_085_base.png,passport,synthetic,passport_085,original
backend/app/modules/m2_classifier/training/data/passport/passport_085_blurred.png,passport,synthetic,passport_085,blurred
backend/app/modules/m2_classifier/training/data/passport/passport_085_contrast_adjusted.png,passport,synthetic,passport_085,contrast_adjusted
backend/app/modules/m2_classifier/training/data/passport/passport_085_hue_sat_adjusted.png,passport,synthetic,passport_085,hue_sat_adjusted
backend/app/modules/m2_classifier/training/data/passport/passport_085_scaled_up.png,passport,synthetic,passport_085,scaled_up
backend/app/modules/m2_classifier/training/data/passport/passport_085_scaled_down.png,passport,synthetic,passport_085,scaled_down
backend/app/modules/m2_classifier/training/data/passport/passport_086_base.png,passport,synthetic,passport_086,original
backend/app/modules/m2_classifier/training/data/passport/passport_086_blurred.png,passport,synthetic,passport_086,blurred
backend/app/modules/m2_classifier/training/data/passport/passport_086_contrast_adjusted.png,passport,synthetic,passport_086,contrast_adjusted
backend/app/modules/m2_classifier/training/data/passport/passport_086_hue_sat_adjusted.png,passport,synthetic,passport_086,hue_sat_adjusted
backend/app/modules/m2_classifier/training/data/passport/passport_086_scaled_up.png,passport,synthetic,passport_086,scaled_up
backend/app/modules/m2_classifier/training/data/passport/passport_086_scaled_down.png,passport,synthetic,passport_086,scaled_down
backend/app/modules/m2_classifier/training/data/passport/passport_087_base.png,passport,synthetic,passport_087,original
backend/app/modules/m2_classifier/training/data/passport/passport_087_blurred.png,passport,synthetic,passport_087,blurred
backend/app/modules/m2_classifier/training/data/passport/passport_087_contrast_adjusted.png,passport,synthetic,passport_087,contrast_adjusted
backend/app/modules/m2_classifier/training/data/passport/passport_087_hue_sat_adjusted.png,passport,synthetic,passport_087,hue_sat_adjusted
backend/app/modules/m2_classifier/training/data/passport/passport_087_scaled_up.png,passport,synthetic,passport_087,scaled_up
backend/app/modules/m2_classifier/training/data/passport/passport_087_scaled_down.png,passport,synthetic,passport_087,scaled_down
backend/app/modules/m2_classifier/training/data/passport/passport_088_base.png,passport,synthetic,passport_088,original
backend/app/modules/m2_classifier/training/data/passport/passport_088_blurred.png,passport,synthetic,passport_088,blurred
backend/app/modules/m2_classifier/training/data/passport/passport_088_contrast_adjusted.png,passport,synthetic,passport_088,contrast_adjusted
backend/app/modules/m2_classifier/training/data/passport/passport_088_hue_sat_adjusted.png,passport,synthetic,passport_088,hue_sat_adjusted
backend/app/modules/m2_classifier/training/data/passport/passport_088_scaled_up.png,passport,synthetic,passport_088,scaled_up
backend/app/modules/m2_classifier/training/data/passport/passport_088_scaled_down.png,passport,synthetic,passport_088,scaled_down
backend/app/modules/m2_classifier/training/data/passport/passport_089_base.png,passport,synthetic,passport_089,original
backend/app/modules/m2_classifier/training/data/passport/passport_089_blurred.png,passport,synthetic,passport_089,blurred
backend/app/modules/m2_classifier/training/data/passport/passport_089_contrast_adjusted.png,passport,synthetic,passport_089,contrast_adjusted
backend/app/modules/m2_classifier/training/data/passport/passport_089_hue_sat_adjusted.png,passport,synthetic,passport_089,hue_sat_adjusted
backend/app/modules/m2_classifier/training/data/passport/passport_089_scaled_up.png,passport,synthetic,passport_089,scaled_up
backend/app/modules/m2_classifier/training/data/passport/passport_089_scaled_down.png,passport,synthetic,passport_089,scaled_down
backend/app/modules/m2_classifier/training/data/passport/passport_090_base.png,passport,synthetic,passport_090,original
backend/app/modules/m2_classifier/training/data/passport/passport_090_blurred.png,passport,synthetic,passport_090,blurred
backend/app/modules/m2_classifier/training/data/passport/passport_090_contrast_adjusted.png,passport,synthetic,passport_090,contrast_adjusted
backend/app/modules/m2_classifier/training/data/passport/passport_090_hue_sat_adjusted.png,passport,synthetic,passport_090,hue_sat_adjusted
backend/app/modules/m2_classifier/training/data/passport/passport_090_scaled_up.png,passport,synthetic,passport_090,scaled_up
backend/app/modules/m2_classifier/training/data/passport/passport_090_scaled_down.png,passport,synthetic,passport_090,scaled_down
backend/app/modules/m2_classifier/training/data/passport/passport_091_base.png,passport,synthetic,passport_091,original
backend/app/modules/m2_classifier/training/data/passport/passport_091_blurred.png,passport,synthetic,passport_091,blurred
backend/app/modules/m2_classifier/training/data/passport/passport_091_contrast_adjusted.png,passport,synthetic,passport_091,contrast_adjusted
backend/app/modules/m2_classifier/training/data/passport/passport_091_hue_sat_adjusted.png,passport,synthetic,passport_091,hue_sat_adjusted
backend/app/modules/m2_classifier/training/data/passport/passport_091_scaled_up.png,passport,synthetic,passport_091,scaled_up
backend/app/modules/m2_classifier/training/data/passport/passport_091_scaled_down.png,passport,synthetic,passport_091,scaled_down
backend/app/modules/m2_classifier/training/data/passport/passport_092_base.png,passport,synthetic,passport_092,original
backend/app/modules/m2_classifier/training/data/passport/passport_092_blurred.png,passport,synthetic,passport_092,blurred
backend/app/modules/m2_classifier/training/data/passport/passport_092_contrast_adjusted.png,passport,synthetic,passport_092,contrast_adjusted
backend/app/modules/m2_classifier/training/data/passport/passport_092_hue_sat_adjusted.png,passport,synthetic,passport_092,hue_sat_adjusted
backend/app/modules/m2_classifier/training/data/passport/passport_092_scaled_up.png,passport,synthetic,passport_092,scaled_up
backend/app/modules/m2_classifier/training/data/passport/passport_092_scaled_down.png,passport,synthetic,passport_092,scaled_down
backend/app/modules/m2_classifier/training/data/passport/passport_093_base.png,passport,synthetic,passport_093,original
backend/app/modules/m2_classifier/training/data/passport/passport_093_blurred.png,passport,synthetic,passport_093,blurred
backend/app/modules/m2_classifier/training/data/passport/passport_093_contrast_adjusted.png,passport,synthetic,passport_093,contrast_adjusted
backend/app/modules/m2_classifier/training/data/passport/passport_093_hue_sat_adjusted.png,passport,synthetic,passport_093,hue_sat_adjusted
backend/app/modules/m2_classifier/training/data/passport/passport_093_scaled_up.png,passport,synthetic,passport_093,scaled_up
backend/app/modules/m2_classifier/training/data/passport/passport_093_scaled_down.png,passport,synthetic,passport_093,scaled_down
backend/app/modules/m2_classifier/training/data/passport/passport_094_base.png,passport,synthetic,passport_094,original
backend/app/modules/m2_classifier/training/data/passport/passport_094_blurred.png,passport,synthetic,passport_094,blurred
backend/app/modules/m2_classifier/training/data/passport/passport_094_contrast_adjusted.png,passport,synthetic,passport_094,contrast_adjusted
backend/app/modules/m2_classifier/training/data/passport/passport_094_hue_sat_adjusted.png,passport,synthetic,passport_094,hue_sat_adjusted
backend/app/modules/m2_classifier/training/data/passport/passport_094_scaled_up.png,passport,synthetic,passport_094,scaled_up
backend/app/modules/m2_classifier/training/data/passport/passport_094_scaled_down.png,passport,synthetic,passport_094,scaled_down
backend/app/modules/m2_classifier/training/data/passport/passport_095_base.png,passport,synthetic,passport_095,original
backend/app/modules/m2_classifier/training/data/passport/passport_095_blurred.png,passport,synthetic,passport_095,blurred
backend/app/modules/m2_classifier/training/data/passport/passport_095_contrast_adjusted.png,passport,synthetic,passport_095,contrast_adjusted
backend/app/modules/m2_classifier/training/data/passport/passport_095_hue_sat_adjusted.png,passport,synthetic,passport_095,hue_sat_adjusted
backend/app/modules/m2_classifier/training/data/passport/passport_095_scaled_up.png,passport,synthetic,passport_095,scaled_up
backend/app/modules/m2_classifier/training/data/passport/passport_095_scaled_down.png,passport,synthetic,passport_095,scaled_down
backend/app/modules/m2_classifier/training/data/passport/passport_096_base.png,passport,synthetic,passport_096,original
backend/app/modules/m2_classifier/training/data/passport/passport_096_blurred.png,passport,synthetic,passport_096,blurred
backend/app/modules/m2_classifier/training/data/passport/passport_096_contrast_adjusted.png,passport,synthetic,passport_096,contrast_adjusted
backend/app/modules/m2_classifier/training/data/passport/passport_096_hue_sat_adjusted.png,passport,synthetic,passport_096,hue_sat_adjusted
backend/app/modules/m2_classifier/training/data/passport/passport_096_scaled_up.png,passport,synthetic,passport_096,scaled_up
backend/app/modules/m2_classifier/training/data/passport/passport_096_scaled_down.png,passport,synthetic,passport_096,scaled_down
backend/app/modules/m2_classifier/training/data/passport/passport_097_base.png,passport,synthetic,passport_097,original
backend/app/modules/m2_classifier/training/data/passport/passport_097_blurred.png,passport,synthetic,passport_097,blurred
backend/app/modules/m2_classifier/training/data/passport/passport_097_contrast_adjusted.png,passport,synthetic,passport_097,contrast_adjusted
backend/app/modules/m2_classifier/training/data/passport/passport_097_hue_sat_adjusted.png,passport,synthetic,passport_097,hue_sat_adjusted
backend/app/modules/m2_classifier/training/data/passport/passport_097_scaled_up.png,passport,synthetic,passport_097,scaled_up
backend/app/modules/m2_classifier/training/data/passport/passport_097_scaled_down.png,passport,synthetic,passport_097,scaled_down
backend/app/modules/m2_classifier/training/data/passport/passport_098_base.png,passport,synthetic,passport_098,original
backend/app/modules/m2_classifier/training/data/passport/passport_098_blurred.png,passport,synthetic,passport_098,blurred
backend/app/modules/m2_classifier/training/data/passport/passport_098_contrast_adjusted.png,passport,synthetic,passport_098,contrast_adjusted
backend/app/modules/m2_classifier/training/data/passport/passport_098_hue_sat_adjusted.png,passport,synthetic,passport_098,hue_sat_adjusted
backend/app/modules/m2_classifier/training/data/passport/passport_098_scaled_up.png,passport,synthetic,passport_098,scaled_up
backend/app/modules/m2_classifier/training/data/passport/passport_098_scaled_down.png,passport,synthetic,passport_098,scaled_down
backend/app/modules/m2_classifier/training/data/passport/passport_099_base.png,passport,synthetic,passport_099,original
backend/app/modules/m2_classifier/training/data/passport/passport_099_blurred.png,passport,synthetic,passport_099,blurred
backend/app/modules/m2_classifier/training/data/passport/passport_099_contrast_adjusted.png,passport,synthetic,passport_099,contrast_adjusted
backend/app/modules/m2_classifier/training/data/passport/passport_099_hue_sat_adjusted.png,passport,synthetic,passport_099,hue_sat_adjusted
backend/app/modules/m2_classifier/training/data/passport/passport_099_scaled_up.png,passport,synthetic,passport_099,scaled_up
backend/app/modules/m2_classifier/training/data/passport/passport_099_scaled_down.png,passport,synthetic,passport_099,scaled_down
backend/app/modules/m2_classifier/training/data/passport/passport_100_base.png,passport,synthetic,passport_100,original
backend/app/modules/m2_classifier/training/data/passport/passport_100_blurred.png,passport,synthetic,passport_100,blurred
backend/app/modules/m2_classifier/training/data/passport/passport_100_contrast_adjusted.png,passport,synthetic,passport_100,contrast_adjusted
backend/app/modules/m2_classifier/training/data/passport/passport_100_hue_sat_adjusted.png,passport,synthetic,passport_100,hue_sat_adjusted
backend/app/modules/m2_classifier/training/data/passport/passport_100_scaled_up.png,passport,synthetic,passport_100,scaled_up
backend/app/modules/m2_classifier/training/data/passport/passport_100_scaled_down.png,passport,synthetic,passport_100,scaled_down
backend/app/modules/m2_classifier/training/data/passport/passport_101_base.png,passport,synthetic,passport_101,original
backend/app/modules/m2_classifier/training/data/passport/passport_101_blurred.png,passport,synthetic,passport_101,blurred
backend/app/modules/m2_classifier/training/data/passport/passport_101_contrast_adjusted.png,passport,synthetic,passport_101,contrast_adjusted
backend/app/modules/m2_classifier/training/data/passport/passport_101_hue_sat_adjusted.png,passport,synthetic,passport_101,hue_sat_adjusted
backend/app/modules/m2_classifier/training/data/passport/passport_101_scaled_up.png,passport,synthetic,passport_101,scaled_up
backend/app/modules/m2_classifier/training/data/passport/passport_101_scaled_down.png,passport,synthetic,passport_101,scaled_down
backend/app/modules/m2_classifier/training/data/passport/passport_102_base.png,passport,synthetic,passport_102,original
backend/app/modules/m2_classifier/training/data/passport/passport_102_blurred.png,passport,synthetic,passport_102,blurred
backend/app/modules/m2_classifier/training/data/passport/passport_102_contrast_adjusted.png,passport,synthetic,passport_102,contrast_adjusted
backend/app/modules/m2_classifier/training/data/passport/passport_102_hue_sat_adjusted.png,passport,synthetic,passport_102,hue_sat_adjusted
backend/app/modules/m2_classifier/training/data/passport/passport_102_scaled_up.png,passport,synthetic,passport_102,scaled_up
backend/app/modules/m2_classifier/training/data/passport/passport_102_scaled_down.png,passport,synthetic,passport_102,scaled_down
backend/app/modules/m2_classifier/training/data/passport/passport_103_base.png,passport,synthetic,passport_103,original
backend/app/modules/m2_classifier/training/data/passport/passport_103_blurred.png,passport,synthetic,passport_103,blurred
backend/app/modules/m2_classifier/training/data/passport/passport_103_contrast_adjusted.png,passport,synthetic,passport_103,contrast_adjusted
backend/app/modules/m2_classifier/training/data/passport/passport_103_hue_sat_adjusted.png,passport,synthetic,passport_103,hue_sat_adjusted
backend/app/modules/m2_classifier/training/data/passport/passport_103_scaled_up.png,passport,synthetic,passport_103,scaled_up
backend/app/modules/m2_classifier/training/data/passport/passport_103_scaled_down.png,passport,synthetic,passport_103,scaled_down
backend/app/modules/m2_classifier/training/data/passport/passport_104_base.png,passport,synthetic,passport_104,original
backend/app/modules/m2_classifier/training/data/passport/passport_104_blurred.png,passport,synthetic,passport_104,blurred
backend/app/modules/m2_classifier/training/data/passport/passport_104_contrast_adjusted.png,passport,synthetic,passport_104,contrast_adjusted
backend/app/modules/m2_classifier/training/data/passport/passport_104_hue_sat_adjusted.png,passport,synthetic,passport_104,hue_sat_adjusted
backend/app/modules/m2_classifier/training/data/passport/passport_104_scaled_up.png,passport,synthetic,passport_104,scaled_up
backend/app/modules/m2_classifier/training/data/passport/passport_104_scaled_down.png,passport,synthetic,passport_104,scaled_down
backend/app/modules/m2_classifier/training/data/passport/passport_105_base.png,passport,synthetic,passport_105,original
backend/app/modules/m2_classifier/training/data/passport/passport_105_blurred.png,passport,synthetic,passport_105,blurred
backend/app/modules/m2_classifier/training/data/passport/passport_105_contrast_adjusted.png,passport,synthetic,passport_105,contrast_adjusted
backend/app/modules/m2_classifier/training/data/passport/passport_105_hue_sat_adjusted.png,passport,synthetic,passport_105,hue_sat_adjusted
backend/app/modules/m2_classifier/training/data/passport/passport_105_scaled_up.png,passport,synthetic,passport_105,scaled_up
backend/app/modules/m2_classifier/training/data/passport/passport_105_scaled_down.png,passport,synthetic,passport_105,scaled_down
backend/app/modules/m2_classifier/training/data/passport/passport_106_base.png,passport,synthetic,passport_106,original
backend/app/modules/m2_classifier/training/data/passport/passport_106_blurred.png,passport,synthetic,passport_106,blurred
backend/app/modules/m2_classifier/training/data/passport/passport_106_contrast_adjusted.png,passport,synthetic,passport_106,contrast_adjusted
backend/app/modules/m2_classifier/training/data/passport/passport_106_hue_sat_adjusted.png,passport,synthetic,passport_106,hue_sat_adjusted
backend/app/modules/m2_classifier/training/data/passport/passport_106_scaled_up.png,passport,synthetic,passport_106,scaled_up
backend/app/modules/m2_classifier/training/data/passport/passport_106_scaled_down.png,passport,synthetic,passport_106,scaled_down
backend/app/modules/m2_classifier/training/data/passport/passport_107_base.png,passport,synthetic,passport_107,original
backend/app/modules/m2_classifier/training/data/passport/passport_107_blurred.png,passport,synthetic,passport_107,blurred
backend/app/modules/m2_classifier/training/data/passport/passport_107_contrast_adjusted.png,passport,synthetic,passport_107,contrast_adjusted
backend/app/modules/m2_classifier/training/data/passport/passport_107_hue_sat_adjusted.png,passport,synthetic,passport_107,hue_sat_adjusted
backend/app/modules/m2_classifier/training/data/passport/passport_107_scaled_up.png,passport,synthetic,passport_107,scaled_up
backend/app/modules/m2_classifier/training/data/passport/passport_107_scaled_down.png,passport,synthetic,passport_107,scaled_down
backend/app/modules/m2_classifier/training/data/passport/passport_108_base.png,passport,synthetic,passport_108,original
backend/app/modules/m2_classifier/training/data/passport/passport_108_blurred.png,passport,synthetic,passport_108,blurred
backend/app/modules/m2_classifier/training/data/passport/passport_108_contrast_adjusted.png,passport,synthetic,passport_108,contrast_adjusted
backend/app/modules/m2_classifier/training/data/passport/passport_108_hue_sat_adjusted.png,passport,synthetic,passport_108,hue_sat_adjusted
backend/app/modules/m2_classifier/training/data/passport/passport_108_scaled_up.png,passport,synthetic,passport_108,scaled_up
backend/app/modules/m2_classifier/training/data/passport/passport_108_scaled_down.png,passport,synthetic,passport_108,scaled_down
backend/app/modules/m2_classifier/training/data/passport/passport_109_base.png,passport,synthetic,passport_109,original
backend/app/modules/m2_classifier/training/data/passport/passport_109_blurred.png,passport,synthetic,passport_109,blurred
backend/app/modules/m2_classifier/training/data/passport/passport_109_contrast_adjusted.png,passport,synthetic,passport_109,contrast_adjusted
backend/app/modules/m2_classifier/training/data/passport/passport_109_hue_sat_adjusted.png,passport,synthetic,passport_109,hue_sat_adjusted
backend/app/modules/m2_classifier/training/data/passport/passport_109_scaled_up.png,passport,synthetic,passport_109,scaled_up
backend/app/modules/m2_classifier/training/data/passport/passport_109_scaled_down.png,passport,synthetic,passport_109,scaled_down
backend/app/modules/m2_classifier/training/data/passport/passport_110_base.png,passport,synthetic,passport_110,original
backend/app/modules/m2_classifier/training/data/passport/passport_110_blurred.png,passport,synthetic,passport_110,blurred
backend/app/modules/m2_classifier/training/data/passport/passport_110_contrast_adjusted.png,passport,synthetic,passport_110,contrast_adjusted
backend/app/modules/m2_classifier/training/data/passport/passport_110_hue_sat_adjusted.png,passport,synthetic,passport_110,hue_sat_adjusted
backend/app/modules/m2_classifier/training/data/passport/passport_110_scaled_up.png,passport,synthetic,passport_110,scaled_up
backend/app/modules/m2_classifier/training/data/passport/passport_110_scaled_down.png,passport,synthetic,passport_110,scaled_down
backend/app/modules/m2_classifier/training/data/passport/passport_111_base.png,passport,synthetic,passport_111,original
backend/app/modules/m2_classifier/training/data/passport/passport_111_blurred.png,passport,synthetic,passport_111,blurred
backend/app/modules/m2_classifier/training/data/passport/passport_111_contrast_adjusted.png,passport,synthetic,passport_111,contrast_adjusted
backend/app/modules/m2_classifier/training/data/passport/passport_111_hue_sat_adjusted.png,passport,synthetic,passport_111,hue_sat_adjusted
backend/app/modules/m2_classifier/training/data/passport/passport_111_scaled_up.png,passport,synthetic,passport_111,scaled_up
backend/app/modules/m2_classifier/training/data/passport/passport_111_scaled_down.png,passport,synthetic,passport_111,scaled_down
backend/app/modules/m2_classifier/training/data/passport/passport_112_base.png,passport,synthetic,passport_112,original
backend/app/modules/m2_classifier/training/data/passport/passport_112_blurred.png,passport,synthetic,passport_112,blurred
backend/app/modules/m2_classifier/training/data/passport/passport_112_contrast_adjusted.png,passport,synthetic,passport_112,contrast_adjusted
backend/app/modules/m2_classifier/training/data/passport/passport_112_hue_sat_adjusted.png,passport,synthetic,passport_112,hue_sat_adjusted
backend/app/modules/m2_classifier/training/data/passport/passport_112_scaled_up.png,passport,synthetic,passport_112,scaled_up
backend/app/modules/m2_classifier/training/data/passport/passport_112_scaled_down.png,passport,synthetic,passport_112,scaled_down
backend/app/modules/m2_classifier/training/data/passport/passport_113_base.png,passport,synthetic,passport_113,original
backend/app/modules/m2_classifier/training/data/passport/passport_113_blurred.png,passport,synthetic,passport_113,blurred
backend/app/modules/m2_classifier/training/data/passport/passport_113_contrast_adjusted.png,passport,synthetic,passport_113,contrast_adjusted
backend/app/modules/m2_classifier/training/data/passport/passport_113_hue_sat_adjusted.png,passport,synthetic,passport_113,hue_sat_adjusted
backend/app/modules/m2_classifier/training/data/passport/passport_113_scaled_up.png,passport,synthetic,passport_113,scaled_up
backend/app/modules/m2_classifier/training/data/passport/passport_113_scaled_down.png,passport,synthetic,passport_113,scaled_down
backend/app/modules/m2_classifier/training/data/passport/passport_114_base.png,passport,synthetic,passport_114,original
backend/app/modules/m2_classifier/training/data/passport/passport_114_blurred.png,passport,synthetic,passport_114,blurred
backend/app/modules/m2_classifier/training/data/passport/passport_114_contrast_adjusted.png,passport,synthetic,passport_114,contrast_adjusted
backend/app/modules/m2_classifier/training/data/passport/passport_114_hue_sat_adjusted.png,passport,synthetic,passport_114,hue_sat_adjusted
backend/app/modules/m2_classifier/training/data/passport/passport_114_scaled_up.png,passport,synthetic,passport_114,scaled_up
backend/app/modules/m2_classifier/training/data/passport/passport_114_scaled_down.png,passport,synthetic,passport_114,scaled_down
backend/app/modules/m2_classifier/training/data/passport/passport_115_base.png,passport,synthetic,passport_115,original
backend/app/modules/m2_classifier/training/data/passport/passport_115_blurred.png,passport,synthetic,passport_115,blurred
backend/app/modules/m2_classifier/training/data/passport/passport_115_contrast_adjusted.png,passport,synthetic,passport_115,contrast_adjusted
backend/app/modules/m2_classifier/training/data/passport/passport_115_hue_sat_adjusted.png,passport,synthetic,passport_115,hue_sat_adjusted
backend/app/modules/m2_classifier/training/data/passport/passport_115_scaled_up.png,passport,synthetic,passport_115,scaled_up
backend/app/modules/m2_classifier/training/data/passport/passport_115_scaled_down.png,passport,synthetic,passport_115,scaled_down
backend/app/modules/m2_classifier/training/data/passport/passport_116_base.png,passport,synthetic,passport_116,original
backend/app/modules/m2_classifier/training/data/passport/passport_116_blurred.png,passport,synthetic,passport_116,blurred
backend/app/modules/m2_classifier/training/data/passport/passport_116_contrast_adjusted.png,passport,synthetic,passport_116,contrast_adjusted
backend/app/modules/m2_classifier/training/data/passport/passport_116_hue_sat_adjusted.png,passport,synthetic,passport_116,hue_sat_adjusted
backend/app/modules/m2_classifier/training/data/passport/passport_116_scaled_up.png,passport,synthetic,passport_116,scaled_up
backend/app/modules/m2_classifier/training/data/passport/passport_116_scaled_down.png,passport,synthetic,passport_116,scaled_down
backend/app/modules/m2_classifier/training/data/passport/passport_117_base.png,passport,synthetic,passport_117,original
backend/app/modules/m2_classifier/training/data/passport/passport_117_blurred.png,passport,synthetic,passport_117,blurred
backend/app/modules/m2_classifier/training/data/passport/passport_117_contrast_adjusted.png,passport,synthetic,passport_117,contrast_adjusted
backend/app/modules/m2_classifier/training/data/passport/passport_117_hue_sat_adjusted.png,passport,synthetic,passport_117,hue_sat_adjusted
backend/app/modules/m2_classifier/training/data/passport/passport_117_scaled_up.png,passport,synthetic,passport_117,scaled_up
backend/app/modules/m2_classifier/training/data/passport/passport_117_scaled_down.png,passport,synthetic,passport_117,scaled_down
backend/app/modules/m2_classifier/training/data/passport/passport_118_base.png,passport,synthetic,passport_118,original
backend/app/modules/m2_classifier/training/data/passport/passport_118_blurred.png,passport,synthetic,passport_118,blurred
backend/app/modules/m2_classifier/training/data/passport/passport_118_contrast_adjusted.png,passport,synthetic,passport_118,contrast_adjusted
backend/app/modules/m2_classifier/training/data/passport/passport_118_hue_sat_adjusted.png,passport,synthetic,passport_118,hue_sat_adjusted
backend/app/modules/m2_classifier/training/data/passport/passport_118_scaled_up.png,passport,synthetic,passport_118,scaled_up
backend/app/modules/m2_classifier/training/data/passport/passport_118_scaled_down.png,passport,synthetic,passport_118,scaled_down
backend/app/modules/m2_classifier/training/data/passport/passport_119_base.png,passport,synthetic,passport_119,original
backend/app/modules/m2_classifier/training/data/passport/passport_119_blurred.png,passport,synthetic,passport_119,blurred
backend/app/modules/m2_classifier/training/data/passport/passport_119_contrast_adjusted.png,passport,synthetic,passport_119,contrast_adjusted
backend/app/modules/m2_classifier/training/data/passport/passport_119_hue_sat_adjusted.png,passport,synthetic,passport_119,hue_sat_adjusted
backend/app/modules/m2_classifier/training/data/passport/passport_119_scaled_up.png,passport,synthetic,passport_119,scaled_up
backend/app/modules/m2_classifier/training/data/passport/passport_119_scaled_down.png,passport,synthetic,passport_119,scaled_down
backend/app/modules/m2_classifier/training/data/passport/passport_120_base.png,passport,synthetic,passport_120,original
backend/app/modules/m2_classifier/training/data/passport/passport_120_blurred.png,passport,synthetic,passport_120,blurred
backend/app/modules/m2_classifier/training/data/passport/passport_120_contrast_adjusted.png,passport,synthetic,passport_120,contrast_adjusted
backend/app/modules/m2_classifier/training/data/passport/passport_120_hue_sat_adjusted.png,passport,synthetic,passport_120,hue_sat_adjusted
backend/app/modules/m2_classifier/training/data/passport/passport_120_scaled_up.png,passport,synthetic,passport_120,scaled_up
backend/app/modules/m2_classifier/training/data/passport/passport_120_scaled_down.png,passport,synthetic,passport_120,scaled_down
backend/app/modules/m2_classifier/training/data/passport/passport_121_base.png,passport,synthetic,passport_121,original
backend/app/modules/m2_classifier/training/data/passport/passport_121_blurred.png,passport,synthetic,passport_121,blurred
backend/app/modules/m2_classifier/training/data/passport/passport_121_contrast_adjusted.png,passport,synthetic,passport_121,contrast_adjusted
backend/app/modules/m2_classifier/training/data/passport/passport_121_hue_sat_adjusted.png,passport,synthetic,passport_121,hue_sat_adjusted
backend/app/modules/m2_classifier/training/data/passport/passport_121_scaled_up.png,passport,synthetic,passport_121,scaled_up
backend/app/modules/m2_classifier/training/data/passport/passport_121_scaled_down.png,passport,synthetic,passport_121,scaled_down
backend/app/modules/m2_classifier/training/data/passport/passport_122_base.png,passport,synthetic,passport_122,original
backend/app/modules/m2_classifier/training/data/passport/passport_122_blurred.png,passport,synthetic,passport_122,blurred
backend/app/modules/m2_classifier/training/data/passport/passport_122_contrast_adjusted.png,passport,synthetic,passport_122,contrast_adjusted
backend/app/modules/m2_classifier/training/data/passport/passport_122_hue_sat_adjusted.png,passport,synthetic,passport_122,hue_sat_adjusted
backend/app/modules/m2_classifier/training/data/passport/passport_122_scaled_up.png,passport,synthetic,passport_122,scaled_up
backend/app/modules/m2_classifier/training/data/passport/passport_122_scaled_down.png,passport,synthetic,passport_122,scaled_down
backend/app/modules/m2_classifier/training/data/passport/passport_123_base.png,passport,synthetic,passport_123,original
backend/app/modules/m2_classifier/training/data/passport/passport_123_blurred.png,passport,synthetic,passport_123,blurred
backend/app/modules/m2_classifier/training/data/passport/passport_123_contrast_adjusted.png,passport,synthetic,passport_123,contrast_adjusted
backend/app/modules/m2_classifier/training/data/passport/passport_123_hue_sat_adjusted.png,passport,synthetic,passport_123,hue_sat_adjusted
backend/app/modules/m2_classifier/training/data/passport/passport_123_scaled_up.png,passport,synthetic,passport_123,scaled_up
backend/app/modules/m2_classifier/training/data/passport/passport_123_scaled_down.png,passport,synthetic,passport_123,scaled_down
backend/app/modules/m2_classifier/training/data/passport/passport_124_base.png,passport,synthetic,passport_124,original
backend/app/modules/m2_classifier/training/data/passport/passport_124_blurred.png,passport,synthetic,passport_124,blurred
backend/app/modules/m2_classifier/training/data/passport/passport_124_contrast_adjusted.png,passport,synthetic,passport_124,contrast_adjusted
backend/app/modules/m2_classifier/training/data/passport/passport_124_hue_sat_adjusted.png,passport,synthetic,passport_124,hue_sat_adjusted
backend/app/modules/m2_classifier/training/data/passport/passport_124_scaled_up.png,passport,synthetic,passport_124,scaled_up
backend/app/modules/m2_classifier/training/data/passport/passport_124_scaled_down.png,passport,synthetic,passport_124,scaled_down
backend/app/modules/m2_classifier/training/data/passport/passport_125_base.png,passport,synthetic,passport_125,original
backend/app/modules/m2_classifier/training/data/passport/passport_125_blurred.png,passport,synthetic,passport_125,blurred
backend/app/modules/m2_classifier/training/data/passport/passport_125_contrast_adjusted.png,passport,synthetic,passport_125,contrast_adjusted
backend/app/modules/m2_classifier/training/data/passport/passport_125_hue_sat_adjusted.png,passport,synthetic,passport_125,hue_sat_adjusted
backend/app/modules/m2_classifier/training/data/passport/passport_125_scaled_up.png,passport,synthetic,passport_125,scaled_up
backend/app/modules/m2_classifier/training/data/passport/passport_125_scaled_down.png,passport,synthetic,passport_125,scaled_down
backend/app/modules/m2_classifier/training/data/passport/passport_126_base.png,passport,synthetic,passport_126,original
backend/app/modules/m2_classifier/training/data/passport/passport_126_blurred.png,passport,synthetic,passport_126,blurred
backend/app/modules/m2_classifier/training/data/passport/passport_126_contrast_adjusted.png,passport,synthetic,passport_126,contrast_adjusted
backend/app/modules/m2_classifier/training/data/passport/passport_126_hue_sat_adjusted.png,passport,synthetic,passport_126,hue_sat_adjusted
backend/app/modules/m2_classifier/training/data/passport/passport_126_scaled_up.png,passport,synthetic,passport_126,scaled_up
backend/app/modules/m2_classifier/training/data/passport/passport_126_scaled_down.png,passport,synthetic,passport_126,scaled_down
backend/app/modules/m2_classifier/training/data/passport/passport_127_base.png,passport,synthetic,passport_127,original
backend/app/modules/m2_classifier/training/data/passport/passport_127_blurred.png,passport,synthetic,passport_127,blurred
backend/app/modules/m2_classifier/training/data/passport/passport_127_contrast_adjusted.png,passport,synthetic,passport_127,contrast_adjusted
backend/app/modules/m2_classifier/training/data/passport/passport_127_hue_sat_adjusted.png,passport,synthetic,passport_127,hue_sat_adjusted
backend/app/modules/m2_classifier/training/data/passport/passport_127_scaled_up.png,passport,synthetic,passport_127,scaled_up
backend/app/modules/m2_classifier/training/data/passport/passport_127_scaled_down.png,passport,synthetic,passport_127,scaled_down
backend/app/modules/m2_classifier/training/data/passport/passport_128_base.png,passport,synthetic,passport_128,original
backend/app/modules/m2_classifier/training/data/passport/passport_128_blurred.png,passport,synthetic,passport_128,blurred
backend/app/modules/m2_classifier/training/data/passport/passport_128_contrast_adjusted.png,passport,synthetic,passport_128,contrast_adjusted
backend/app/modules/m2_classifier/training/data/passport/passport_128_hue_sat_adjusted.png,passport,synthetic,passport_128,hue_sat_adjusted
backend/app/modules/m2_classifier/training/data/passport/passport_128_scaled_up.png,passport,synthetic,passport_128,scaled_up
backend/app/modules/m2_classifier/training/data/passport/passport_128_scaled_down.png,passport,synthetic,passport_128,scaled_down
backend/app/modules/m2_classifier/training/data/passport/passport_129_base.png,passport,synthetic,passport_129,original
backend/app/modules/m2_classifier/training/data/passport/passport_129_blurred.png,passport,synthetic,passport_129,blurred
backend/app/modules/m2_classifier/training/data/passport/passport_129_contrast_adjusted.png,passport,synthetic,passport_129,contrast_adjusted
backend/app/modules/m2_classifier/training/data/passport/passport_129_hue_sat_adjusted.png,passport,synthetic,passport_129,hue_sat_adjusted
backend/app/modules/m2_classifier/training/data/passport/passport_129_scaled_up.png,passport,synthetic,passport_129,scaled_up
backend/app/modules/m2_classifier/training/data/passport/passport_129_scaled_down.png,passport,synthetic,passport_129,scaled_down
backend/app/modules/m2_classifier/training/data/passport/passport_130_base.png,passport,synthetic,passport_130,original
backend/app/modules/m2_classifier/training/data/passport/passport_130_blurred.png,passport,synthetic,passport_130,blurred
backend/app/modules/m2_classifier/training/data/passport/passport_130_contrast_adjusted.png,passport,synthetic,passport_130,contrast_adjusted
backend/app/modules/m2_classifier/training/data/passport/passport_130_hue_sat_adjusted.png,passport,synthetic,passport_130,hue_sat_adjusted
backend/app/modules/m2_classifier/training/data/passport/passport_130_scaled_up.png,passport,synthetic,passport_130,scaled_up
backend/app/modules/m2_classifier/training/data/passport/passport_130_scaled_down.png,passport,synthetic,passport_130,scaled_down
backend/app/modules/m2_classifier/training/data/passport/passport_131_base.png,passport,synthetic,passport_131,original
backend/app/modules/m2_classifier/training/data/passport/passport_131_blurred.png,passport,synthetic,passport_131,blurred
backend/app/modules/m2_classifier/training/data/passport/passport_131_contrast_adjusted.png,passport,synthetic,passport_131,contrast_adjusted
backend/app/modules/m2_classifier/training/data/passport/passport_131_hue_sat_adjusted.png,passport,synthetic,passport_131,hue_sat_adjusted
backend/app/modules/m2_classifier/training/data/passport/passport_131_scaled_up.png,passport,synthetic,passport_131,scaled_up
backend/app/modules/m2_classifier/training/data/passport/passport_131_scaled_down.png,passport,synthetic,passport_131,scaled_down
backend/app/modules/m2_classifier/training/data/passport/passport_132_base.png,passport,synthetic,passport_132,original
backend/app/modules/m2_classifier/training/data/passport/passport_132_blurred.png,passport,synthetic,passport_132,blurred
backend/app/modules/m2_classifier/training/data/passport/passport_132_contrast_adjusted.png,passport,synthetic,passport_132,contrast_adjusted
backend/app/modules/m2_classifier/training/data/passport/passport_132_hue_sat_adjusted.png,passport,synthetic,passport_132,hue_sat_adjusted
backend/app/modules/m2_classifier/training/data/passport/passport_132_scaled_up.png,passport,synthetic,passport_132,scaled_up
backend/app/modules/m2_classifier/training/data/passport/passport_132_scaled_down.png,passport,synthetic,passport_132,scaled_down
backend/app/modules/m2_classifier/training/data/passport/passport_133_base.png,passport,synthetic,passport_133,original
backend/app/modules/m2_classifier/training/data/passport/passport_133_blurred.png,passport,synthetic,passport_133,blurred
backend/app/modules/m2_classifier/training/data/passport/passport_133_contrast_adjusted.png,passport,synthetic,passport_133,contrast_adjusted
backend/app/modules/m2_classifier/training/data/passport/passport_133_hue_sat_adjusted.png,passport,synthetic,passport_133,hue_sat_adjusted
backend/app/modules/m2_classifier/training/data/passport/passport_133_scaled_up.png,passport,synthetic,passport_133,scaled_up
backend/app/modules/m2_classifier/training/data/passport/passport_133_scaled_down.png,passport,synthetic,passport_133,scaled_down
backend/app/modules/m2_classifier/training/data/passport/passport_134_base.png,passport,synthetic,passport_134,original
backend/app/modules/m2_classifier/training/data/passport/passport_134_blurred.png,passport,synthetic,passport_134,blurred
backend/app/modules/m2_classifier/training/data/passport/passport_134_contrast_adjusted.png,passport,synthetic,passport_134,contrast_adjusted
backend/app/modules/m2_classifier/training/data/passport/passport_134_hue_sat_adjusted.png,passport,synthetic,passport_134,hue_sat_adjusted
backend/app/modules/m2_classifier/training/data/passport/passport_134_scaled_up.png,passport,synthetic,passport_134,scaled_up
backend/app/modules/m2_classifier/training/data/passport/passport_134_scaled_down.png,passport,synthetic,passport_134,scaled_down
backend/app/modules/m2_classifier/training/data/passport/passport_135_base.png,passport,synthetic,passport_135,original
backend/app/modules/m2_classifier/training/data/passport/passport_135_blurred.png,passport,synthetic,passport_135,blurred
backend/app/modules/m2_classifier/training/data/passport/passport_135_contrast_adjusted.png,passport,synthetic,passport_135,contrast_adjusted
backend/app/modules/m2_classifier/training/data/passport/passport_135_hue_sat_adjusted.png,passport,synthetic,passport_135,hue_sat_adjusted
backend/app/modules/m2_classifier/training/data/passport/passport_135_scaled_up.png,passport,synthetic,passport_135,scaled_up
backend/app/modules/m2_classifier/training/data/passport/passport_135_scaled_down.png,passport,synthetic,passport_135,scaled_down
backend/app/modules/m2_classifier/training/data/passport/passport_136_base.png,passport,synthetic,passport_136,original
backend/app/modules/m2_classifier/training/data/passport/passport_136_blurred.png,passport,synthetic,passport_136,blurred
backend/app/modules/m2_classifier/training/data/passport/passport_136_contrast_adjusted.png,passport,synthetic,passport_136,contrast_adjusted
backend/app/modules/m2_classifier/training/data/passport/passport_136_hue_sat_adjusted.png,passport,synthetic,passport_136,hue_sat_adjusted
backend/app/modules/m2_classifier/training/data/passport/passport_136_scaled_up.png,passport,synthetic,passport_136,scaled_up
backend/app/modules/m2_classifier/training/data/passport/passport_136_scaled_down.png,passport,synthetic,passport_136,scaled_down
backend/app/modules/m2_classifier/training/data/passport/passport_137_base.png,passport,synthetic,passport_137,original
backend/app/modules/m2_classifier/training/data/passport/passport_137_blurred.png,passport,synthetic,passport_137,blurred
backend/app/modules/m2_classifier/training/data/passport/passport_137_contrast_adjusted.png,passport,synthetic,passport_137,contrast_adjusted
backend/app/modules/m2_classifier/training/data/passport/passport_137_hue_sat_adjusted.png,passport,synthetic,passport_137,hue_sat_adjusted
backend/app/modules/m2_classifier/training/data/passport/passport_137_scaled_up.png,passport,synthetic,passport_137,scaled_up
backend/app/modules/m2_classifier/training/data/passport/passport_137_scaled_down.png,passport,synthetic,passport_137,scaled_down
backend/app/modules/m2_classifier/training/data/passport/passport_138_base.png,passport,synthetic,passport_138,original
backend/app/modules/m2_classifier/training/data/passport/passport_138_blurred.png,passport,synthetic,passport_138,blurred
backend/app/modules/m2_classifier/training/data/passport/passport_138_contrast_adjusted.png,passport,synthetic,passport_138,contrast_adjusted
backend/app/modules/m2_classifier/training/data/passport/passport_138_hue_sat_adjusted.png,passport,synthetic,passport_138,hue_sat_adjusted
backend/app/modules/m2_classifier/training/data/passport/passport_138_scaled_up.png,passport,synthetic,passport_138,scaled_up
backend/app/modules/m2_classifier/training/data/passport/passport_138_scaled_down.png,passport,synthetic,passport_138,scaled_down
backend/app/modules/m2_classifier/training/data/passport/passport_139_base.png,passport,synthetic,passport_139,original
backend/app/modules/m2_classifier/training/data/passport/passport_139_blurred.png,passport,synthetic,passport_139,blurred
backend/app/modules/m2_classifier/training/data/passport/passport_139_contrast_adjusted.png,passport,synthetic,passport_139,contrast_adjusted
backend/app/modules/m2_classifier/training/data/passport/passport_139_hue_sat_adjusted.png,passport,synthetic,passport_139,hue_sat_adjusted
backend/app/modules/m2_classifier/training/data/passport/passport_139_scaled_up.png,passport,synthetic,passport_139,scaled_up
backend/app/modules/m2_classifier/training/data/passport/passport_139_scaled_down.png,passport,synthetic,passport_139,scaled_down
backend/app/modules/m2_classifier/training/data/passport/passport_140_base.png,passport,synthetic,passport_140,original
backend/app/modules/m2_classifier/training/data/passport/passport_140_blurred.png,passport,synthetic,passport_140,blurred
backend/app/modules/m2_classifier/training/data/passport/passport_140_contrast_adjusted.png,passport,synthetic,passport_140,contrast_adjusted
backend/app/modules/m2_classifier/training/data/passport/passport_140_hue_sat_adjusted.png,passport,synthetic,passport_140,hue_sat_adjusted
backend/app/modules/m2_classifier/training/data/passport/passport_140_scaled_up.png,passport,synthetic,passport_140,scaled_up
backend/app/modules/m2_classifier/training/data/passport/passport_140_scaled_down.png,passport,synthetic,passport_140,scaled_down
backend/app/modules/m2_classifier/training/data/passport/passport_141_base.png,passport,synthetic,passport_141,original
backend/app/modules/m2_classifier/training/data/passport/passport_141_blurred.png,passport,synthetic,passport_141,blurred
backend/app/modules/m2_classifier/training/data/passport/passport_141_contrast_adjusted.png,passport,synthetic,passport_141,contrast_adjusted
backend/app/modules/m2_classifier/training/data/passport/passport_141_hue_sat_adjusted.png,passport,synthetic,passport_141,hue_sat_adjusted
backend/app/modules/m2_classifier/training/data/passport/passport_141_scaled_up.png,passport,synthetic,passport_141,scaled_up
backend/app/modules/m2_classifier/training/data/passport/passport_141_scaled_down.png,passport,synthetic,passport_141,scaled_down
backend/app/modules/m2_classifier/training/data/passport/passport_142_base.png,passport,synthetic,passport_142,original
backend/app/modules/m2_classifier/training/data/passport/passport_142_blurred.png,passport,synthetic,passport_142,blurred
backend/app/modules/m2_classifier/training/data/passport/passport_142_contrast_adjusted.png,passport,synthetic,passport_142,contrast_adjusted
backend/app/modules/m2_classifier/training/data/passport/passport_142_hue_sat_adjusted.png,passport,synthetic,passport_142,hue_sat_adjusted
backend/app/modules/m2_classifier/training/data/passport/passport_142_scaled_up.png,passport,synthetic,passport_142,scaled_up
backend/app/modules/m2_classifier/training/data/passport/passport_142_scaled_down.png,passport,synthetic,passport_142,scaled_down
backend/app/modules/m2_classifier/training/data/passport/passport_143_base.png,passport,synthetic,passport_143,original
backend/app/modules/m2_classifier/training/data/passport/passport_143_blurred.png,passport,synthetic,passport_143,blurred
backend/app/modules/m2_classifier/training/data/passport/passport_143_contrast_adjusted.png,passport,synthetic,passport_143,contrast_adjusted
backend/app/modules/m2_classifier/training/data/passport/passport_143_hue_sat_adjusted.png,passport,synthetic,passport_143,hue_sat_adjusted
backend/app/modules/m2_classifier/training/data/passport/passport_143_scaled_up.png,passport,synthetic,passport_143,scaled_up
backend/app/modules/m2_classifier/training/data/passport/passport_143_scaled_down.png,passport,synthetic,passport_143,scaled_down
backend/app/modules/m2_classifier/training/data/passport/passport_144_base.png,passport,synthetic,passport_144,original
backend/app/modules/m2_classifier/training/data/passport/passport_144_blurred.png,passport,synthetic,passport_144,blurred
backend/app/modules/m2_classifier/training/data/passport/passport_144_contrast_adjusted.png,passport,synthetic,passport_144,contrast_adjusted
backend/app/modules/m2_classifier/training/data/passport/passport_144_hue_sat_adjusted.png,passport,synthetic,passport_144,hue_sat_adjusted
backend/app/modules/m2_classifier/training/data/passport/passport_144_scaled_up.png,passport,synthetic,passport_144,scaled_up
backend/app/modules/m2_classifier/training/data/passport/passport_144_scaled_down.png,passport,synthetic,passport_144,scaled_down
backend/app/modules/m2_classifier/training/data/passport/passport_145_base.png,passport,synthetic,passport_145,original
backend/app/modules/m2_classifier/training/data/passport/passport_145_blurred.png,passport,synthetic,passport_145,blurred
backend/app/modules/m2_classifier/training/data/passport/passport_145_contrast_adjusted.png,passport,synthetic,passport_145,contrast_adjusted
backend/app/modules/m2_classifier/training/data/passport/passport_145_hue_sat_adjusted.png,passport,synthetic,passport_145,hue_sat_adjusted
backend/app/modules/m2_classifier/training/data/passport/passport_145_scaled_up.png,passport,synthetic,passport_145,scaled_up
backend/app/modules/m2_classifier/training/data/passport/passport_145_scaled_down.png,passport,synthetic,passport_145,scaled_down
backend/app/modules/m2_classifier/training/data/passport/passport_146_base.png,passport,synthetic,passport_146,original
backend/app/modules/m2_classifier/training/data/passport/passport_146_blurred.png,passport,synthetic,passport_146,blurred
backend/app/modules/m2_classifier/training/data/passport/passport_146_contrast_adjusted.png,passport,synthetic,passport_146,contrast_adjusted
backend/app/modules/m2_classifier/training/data/passport/passport_146_hue_sat_adjusted.png,passport,synthetic,passport_146,hue_sat_adjusted
backend/app/modules/m2_classifier/training/data/passport/passport_146_scaled_up.png,passport,synthetic,passport_146,scaled_up
backend/app/modules/m2_classifier/training/data/passport/passport_146_scaled_down.png,passport,synthetic,passport_146,scaled_down
backend/app/modules/m2_classifier/training/data/passport/passport_147_base.png,passport,synthetic,passport_147,original
backend/app/modules/m2_classifier/training/data/passport/passport_147_blurred.png,passport,synthetic,passport_147,blurred
backend/app/modules/m2_classifier/training/data/passport/passport_147_contrast_adjusted.png,passport,synthetic,passport_147,contrast_adjusted
backend/app/modules/m2_classifier/training/data/passport/passport_147_hue_sat_adjusted.png,passport,synthetic,passport_147,hue_sat_adjusted
backend/app/modules/m2_classifier/training/data/passport/passport_147_scaled_up.png,passport,synthetic,passport_147,scaled_up
backend/app/modules/m2_classifier/training/data/passport/passport_147_scaled_down.png,passport,synthetic,passport_147,scaled_down
backend/app/modules/m2_classifier/training/data/passport/passport_148_base.png,passport,synthetic,passport_148,original
backend/app/modules/m2_classifier/training/data/passport/passport_148_blurred.png,passport,synthetic,passport_148,blurred
backend/app/modules/m2_classifier/training/data/passport/passport_148_contrast_adjusted.png,passport,synthetic,passport_148,contrast_adjusted
backend/app/modules/m2_classifier/training/data/passport/passport_148_hue_sat_adjusted.png,passport,synthetic,passport_148,hue_sat_adjusted
backend/app/modules/m2_classifier/training/data/passport/passport_148_scaled_up.png,passport,synthetic,passport_148,scaled_up
backend/app/modules/m2_classifier/training/data/passport/passport_148_scaled_down.png,passport,synthetic,passport_148,scaled_down
backend/app/modules/m2_classifier/training/data/passport/passport_149_base.png,passport,synthetic,passport_149,original
backend/app/modules/m2_classifier/training/data/passport/passport_149_blurred.png,passport,synthetic,passport_149,blurred
backend/app/modules/m2_classifier/training/data/passport/passport_149_contrast_adjusted.png,passport,synthetic,passport_149,contrast_adjusted
backend/app/modules/m2_classifier/training/data/passport/passport_149_hue_sat_adjusted.png,passport,synthetic,passport_149,hue_sat_adjusted
backend/app/modules/m2_classifier/training/data/passport/passport_149_scaled_up.png,passport,synthetic,passport_149,scaled_up
backend/app/modules/m2_classifier/training/data/passport/passport_149_scaled_down.png,passport,synthetic,passport_149,scaled_down
backend/app/modules/m2_classifier/training/data/passport/passport_150_base.png,passport,synthetic,passport_150,original
backend/app/modules/m2_classifier/training/data/passport/passport_150_blurred.png,passport,synthetic,passport_150,blurred
backend/app/modules/m2_classifier/training/data/passport/passport_150_contrast_adjusted.png,passport,synthetic,passport_150,contrast_adjusted
backend/app/modules/m2_classifier/training/data/passport/passport_150_hue_sat_adjusted.png,passport,synthetic,passport_150,hue_sat_adjusted
backend/app/modules/m2_classifier/training/data/passport/passport_150_scaled_up.png,passport,synthetic,passport_150,scaled_up
backend/app/modules/m2_classifier/training/data/passport/passport_150_scaled_down.png,passport,synthetic,passport_150,scaled_down
backend/app/modules/m2_classifier/training/data/passport/passport_151_base.png,passport,synthetic,passport_151,original
backend/app/modules/m2_classifier/training/data/passport/passport_151_blurred.png,passport,synthetic,passport_151,blurred
backend/app/modules/m2_classifier/training/data/passport/passport_151_contrast_adjusted.png,passport,synthetic,passport_151,contrast_adjusted
backend/app/modules/m2_classifier/training/data/passport/passport_151_hue_sat_adjusted.png,passport,synthetic,passport_151,hue_sat_adjusted
backend/app/modules/m2_classifier/training/data/passport/passport_151_scaled_up.png,passport,synthetic,passport_151,scaled_up
backend/app/modules/m2_classifier/training/data/passport/passport_151_scaled_down.png,passport,synthetic,passport_151,scaled_down
backend/app/modules/m2_classifier/training/data/passport/passport_152_base.png,passport,synthetic,passport_152,original
backend/app/modules/m2_classifier/training/data/passport/passport_152_blurred.png,passport,synthetic,passport_152,blurred
backend/app/modules/m2_classifier/training/data/passport/passport_152_contrast_adjusted.png,passport,synthetic,passport_152,contrast_adjusted
backend/app/modules/m2_classifier/training/data/passport/passport_152_hue_sat_adjusted.png,passport,synthetic,passport_152,hue_sat_adjusted
backend/app/modules/m2_classifier/training/data/passport/passport_152_scaled_up.png,passport,synthetic,passport_152,scaled_up
backend/app/modules/m2_classifier/training/data/passport/passport_152_scaled_down.png,passport,synthetic,passport_152,scaled_down
backend/app/modules/m2_classifier/training/data/passport/passport_153_base.png,passport,synthetic,passport_153,original
backend/app/modules/m2_classifier/training/data/passport/passport_153_blurred.png,passport,synthetic,passport_153,blurred
backend/app/modules/m2_classifier/training/data/passport/passport_153_contrast_adjusted.png,passport,synthetic,passport_153,contrast_adjusted
backend/app/modules/m2_classifier/training/data/passport/passport_153_hue_sat_adjusted.png,passport,synthetic,passport_153,hue_sat_adjusted
backend/app/modules/m2_classifier/training/data/passport/passport_153_scaled_up.png,passport,synthetic,passport_153,scaled_up
backend/app/modules/m2_classifier/training/data/passport/passport_153_scaled_down.png,passport,synthetic,passport_153,scaled_down
backend/app/modules/m2_classifier/training/data/passport/passport_154_base.png,passport,synthetic,passport_154,original
backend/app/modules/m2_classifier/training/data/passport/passport_154_blurred.png,passport,synthetic,passport_154,blurred
backend/app/modules/m2_classifier/training/data/passport/passport_154_contrast_adjusted.png,passport,synthetic,passport_154,contrast_adjusted
backend/app/modules/m2_classifier/training/data/passport/passport_154_hue_sat_adjusted.png,passport,synthetic,passport_154,hue_sat_adjusted
backend/app/modules/m2_classifier/training/data/passport/passport_154_scaled_up.png,passport,synthetic,passport_154,scaled_up
backend/app/modules/m2_classifier/training/data/passport/passport_154_scaled_down.png,passport,synthetic,passport_154,scaled_down
backend/app/modules/m2_classifier/training/data/passport/passport_155_base.png,passport,synthetic,passport_155,original
backend/app/modules/m2_classifier/training/data/passport/passport_155_blurred.png,passport,synthetic,passport_155,blurred
backend/app/modules/m2_classifier/training/data/passport/passport_155_contrast_adjusted.png,passport,synthetic,passport_155,contrast_adjusted
backend/app/modules/m2_classifier/training/data/passport/passport_155_hue_sat_adjusted.png,passport,synthetic,passport_155,hue_sat_adjusted
backend/app/modules/m2_classifier/training/data/passport/passport_155_scaled_up.png,passport,synthetic,passport_155,scaled_up
backend/app/modules/m2_classifier/training/data/passport/passport_155_scaled_down.png,passport,synthetic,passport_155,scaled_down
backend/app/modules/m2_classifier/training/data/passport/passport_156_base.png,passport,synthetic,passport_156,original
backend/app/modules/m2_classifier/training/data/passport/passport_156_blurred.png,passport,synthetic,passport_156,blurred
backend/app/modules/m2_classifier/training/data/passport/passport_156_contrast_adjusted.png,passport,synthetic,passport_156,contrast_adjusted
backend/app/modules/m2_classifier/training/data/passport/passport_156_hue_sat_adjusted.png,passport,synthetic,passport_156,hue_sat_adjusted
backend/app/modules/m2_classifier/training/data/passport/passport_156_scaled_up.png,passport,synthetic,passport_156,scaled_up
backend/app/modules/m2_classifier/training/data/passport/passport_156_scaled_down.png,passport,synthetic,passport_156,scaled_down
backend/app/modules/m2_classifier/training/data/passport/passport_157_base.png,passport,synthetic,passport_157,original
backend/app/modules/m2_classifier/training/data/passport/passport_157_blurred.png,passport,synthetic,passport_157,blurred
backend/app/modules/m2_classifier/training/data/passport/passport_157_contrast_adjusted.png,passport,synthetic,passport_157,contrast_adjusted
backend/app/modules/m2_classifier/training/data/passport/passport_157_hue_sat_adjusted.png,passport,synthetic,passport_157,hue_sat_adjusted
backend/app/modules/m2_classifier/training/data/passport/passport_157_scaled_up.png,passport,synthetic,passport_157,scaled_up
backend/app/modules/m2_classifier/training/data/passport/passport_157_scaled_down.png,passport,synthetic,passport_157,scaled_down
backend/app/modules/m2_classifier/training/data/passport/passport_158_base.png,passport,synthetic,passport_158,original
backend/app/modules/m2_classifier/training/data/passport/passport_158_blurred.png,passport,synthetic,passport_158,blurred
backend/app/modules/m2_classifier/training/data/passport/passport_158_contrast_adjusted.png,passport,synthetic,passport_158,contrast_adjusted
backend/app/modules/m2_classifier/training/data/passport/passport_158_hue_sat_adjusted.png,passport,synthetic,passport_158,hue_sat_adjusted
backend/app/modules/m2_classifier/training/data/passport/passport_158_scaled_up.png,passport,synthetic,passport_158,scaled_up
backend/app/modules/m2_classifier/training/data/passport/passport_158_scaled_down.png,passport,synthetic,passport_158,scaled_down
backend/app/modules/m2_classifier/training/data/passport/passport_159_base.png,passport,synthetic,passport_159,original
backend/app/modules/m2_classifier/training/data/passport/passport_159_blurred.png,passport,synthetic,passport_159,blurred
backend/app/modules/m2_classifier/training/data/passport/passport_159_contrast_adjusted.png,passport,synthetic,passport_159,contrast_adjusted
backend/app/modules/m2_classifier/training/data/passport/passport_159_hue_sat_adjusted.png,passport,synthetic,passport_159,hue_sat_adjusted
backend/app/modules/m2_classifier/training/data/passport/passport_159_scaled_up.png,passport,synthetic,passport_159,scaled_up
backend/app/modules/m2_classifier/training/data/passport/passport_159_scaled_down.png,passport,synthetic,passport_159,scaled_down
backend/app/modules/m2_classifier/training/data/passport/passport_160_base.png,passport,synthetic,passport_160,original
backend/app/modules/m2_classifier/training/data/passport/passport_160_blurred.png,passport,synthetic,passport_160,blurred
backend/app/modules/m2_classifier/training/data/passport/passport_160_contrast_adjusted.png,passport,synthetic,passport_160,contrast_adjusted
backend/app/modules/m2_classifier/training/data/passport/passport_160_hue_sat_adjusted.png,passport,synthetic,passport_160,hue_sat_adjusted
backend/app/modules/m2_classifier/training/data/passport/passport_160_scaled_up.png,passport,synthetic,passport_160,scaled_up
backend/app/modules/m2_classifier/training/data/passport/passport_160_scaled_down.png,passport,synthetic,passport_160,scaled_down
backend/app/modules/m2_classifier/training/data/passport/passport_161_base.png,passport,synthetic,passport_161,original
backend/app/modules/m2_classifier/training/data/passport/passport_161_blurred.png,passport,synthetic,passport_161,blurred
backend/app/modules/m2_classifier/training/data/passport/passport_161_contrast_adjusted.png,passport,synthetic,passport_161,contrast_adjusted
backend/app/modules/m2_classifier/training/data/passport/passport_161_hue_sat_adjusted.png,passport,synthetic,passport_161,hue_sat_adjusted
backend/app/modules/m2_classifier/training/data/passport/passport_161_scaled_up.png,passport,synthetic,passport_161,scaled_up
backend/app/modules/m2_classifier/training/data/passport/passport_161_scaled_down.png,passport,synthetic,passport_161,scaled_down
backend/app/modules/m2_classifier/training/data/passport/passport_162_base.png,passport,synthetic,passport_162,original
backend/app/modules/m2_classifier/training/data/passport/passport_162_blurred.png,passport,synthetic,passport_162,blurred
backend/app/modules/m2_classifier/training/data/passport/passport_162_contrast_adjusted.png,passport,synthetic,passport_162,contrast_adjusted
backend/app/modules/m2_classifier/training/data/passport/passport_162_hue_sat_adjusted.png,passport,synthetic,passport_162,hue_sat_adjusted
backend/app/modules/m2_classifier/training/data/passport/passport_162_scaled_up.png,passport,synthetic,passport_162,scaled_up
backend/app/modules/m2_classifier/training/data/passport/passport_162_scaled_down.png,passport,synthetic,passport_162,scaled_down
backend/app/modules/m2_classifier/training/data/passport/passport_163_base.png,passport,synthetic,passport_163,original
backend/app/modules/m2_classifier/training/data/passport/passport_163_blurred.png,passport,synthetic,passport_163,blurred
backend/app/modules/m2_classifier/training/data/passport/passport_163_contrast_adjusted.png,passport,synthetic,passport_163,contrast_adjusted
backend/app/modules/m2_classifier/training/data/passport/passport_163_hue_sat_adjusted.png,passport,synthetic,passport_163,hue_sat_adjusted
backend/app/modules/m2_classifier/training/data/passport/passport_163_scaled_up.png,passport,synthetic,passport_163,scaled_up
backend/app/modules/m2_classifier/training/data/passport/passport_163_scaled_down.png,passport,synthetic,passport_163,scaled_down
backend/app/modules/m2_classifier/training/data/passport/passport_164_base.png,passport,synthetic,passport_164,original
backend/app/modules/m2_classifier/training/data/passport/passport_164_blurred.png,passport,synthetic,passport_164,blurred
backend/app/modules/m2_classifier/training/data/passport/passport_164_contrast_adjusted.png,passport,synthetic,passport_164,contrast_adjusted
backend/app/modules/m2_classifier/training/data/passport/passport_164_hue_sat_adjusted.png,passport,synthetic,passport_164,hue_sat_adjusted
backend/app/modules/m2_classifier/training/data/passport/passport_164_scaled_up.png,passport,synthetic,passport_164,scaled_up
backend/app/modules/m2_classifier/training/data/passport/passport_164_scaled_down.png,passport,synthetic,passport_164,scaled_down
backend/app/modules/m2_classifier/training/data/passport/passport_165_base.png,passport,synthetic,passport_165,original
backend/app/modules/m2_classifier/training/data/passport/passport_165_blurred.png,passport,synthetic,passport_165,blurred
backend/app/modules/m2_classifier/training/data/passport/passport_165_contrast_adjusted.png,passport,synthetic,passport_165,contrast_adjusted
backend/app/modules/m2_classifier/training/data/passport/passport_165_hue_sat_adjusted.png,passport,synthetic,passport_165,hue_sat_adjusted
backend/app/modules/m2_classifier/training/data/passport/passport_165_scaled_up.png,passport,synthetic,passport_165,scaled_up
backend/app/modules/m2_classifier/training/data/passport/passport_165_scaled_down.png,passport,synthetic,passport_165,scaled_down
backend/app/modules/m2_classifier/training/data/passport/passport_166_base.png,passport,synthetic,passport_166,original
backend/app/modules/m2_classifier/training/data/passport/passport_166_blurred.png,passport,synthetic,passport_166,blurred
backend/app/modules/m2_classifier/training/data/passport/passport_166_contrast_adjusted.png,passport,synthetic,passport_166,contrast_adjusted
backend/app/modules/m2_classifier/training/data/passport/passport_166_hue_sat_adjusted.png,passport,synthetic,passport_166,hue_sat_adjusted
backend/app/modules/m2_classifier/training/data/passport/passport_166_scaled_up.png,passport,synthetic,passport_166,scaled_up
backend/app/modules/m2_classifier/training/data/passport/passport_166_scaled_down.png,passport,synthetic,passport_166,scaled_down
backend/app/modules/m2_classifier/training/data/passport/passport_167_base.png,passport,synthetic,passport_167,original
backend/app/modules/m2_classifier/training/data/passport/passport_167_blurred.png,passport,synthetic,passport_167,blurred
backend/app/modules/m2_classifier/training/data/passport/passport_167_contrast_adjusted.png,passport,synthetic,passport_167,contrast_adjusted
backend/app/modules/m2_classifier/training/data/passport/passport_167_hue_sat_adjusted.png,passport,synthetic,passport_167,hue_sat_adjusted
backend/app/modules/m2_classifier/training/data/passport/passport_167_scaled_up.png,passport,synthetic,passport_167,scaled_up
backend/app/modules/m2_classifier/training/data/passport/passport_167_scaled_down.png,passport,synthetic,passport_167,scaled_down
backend/app/modules/m2_classifier/training/data/passport/passport_168_base.png,passport,synthetic,passport_168,original
backend/app/modules/m2_classifier/training/data/passport/passport_168_blurred.png,passport,synthetic,passport_168,blurred
backend/app/modules/m2_classifier/training/data/passport/passport_168_contrast_adjusted.png,passport,synthetic,passport_168,contrast_adjusted
backend/app/modules/m2_classifier/training/data/passport/passport_168_hue_sat_adjusted.png,passport,synthetic,passport_168,hue_sat_adjusted
backend/app/modules/m2_classifier/training/data/passport/passport_168_scaled_up.png,passport,synthetic,passport_168,scaled_up
backend/app/modules/m2_classifier/training/data/passport/passport_168_scaled_down.png,passport,synthetic,passport_168,scaled_down
backend/app/modules/m2_classifier/training/data/passport/passport_169_base.png,passport,synthetic,passport_169,original
backend/app/modules/m2_classifier/training/data/passport/passport_169_blurred.png,passport,synthetic,passport_169,blurred
backend/app/modules/m2_classifier/training/data/passport/passport_169_contrast_adjusted.png,passport,synthetic,passport_169,contrast_adjusted
backend/app/modules/m2_classifier/training/data/passport/passport_169_hue_sat_adjusted.png,passport,synthetic,passport_169,hue_sat_adjusted
backend/app/modules/m2_classifier/training/data/passport/passport_169_scaled_up.png,passport,synthetic,passport_169,scaled_up
backend/app/modules/m2_classifier/training/data/passport/passport_169_scaled_down.png,passport,synthetic,passport_169,scaled_down
backend/app/modules/m2_classifier/training/data/passport/passport_170_base.png,passport,synthetic,passport_170,original
backend/app/modules/m2_classifier/training/data/passport/passport_170_blurred.png,passport,synthetic,passport_170,blurred
backend/app/modules/m2_classifier/training/data/passport/passport_170_contrast_adjusted.png,passport,synthetic,passport_170,contrast_adjusted
backend/app/modules/m2_classifier/training/data/passport/passport_170_hue_sat_adjusted.png,passport,synthetic,passport_170,hue_sat_adjusted
backend/app/modules/m2_classifier/training/data/passport/passport_170_scaled_up.png,passport,synthetic,passport_170,scaled_up
backend/app/modules/m2_classifier/training/data/passport/passport_170_scaled_down.png,passport,synthetic,passport_170,scaled_down
backend/app/modules/m2_classifier/training/data/passport/passport_171_base.png,passport,synthetic,passport_171,original
backend/app/modules/m2_classifier/training/data/passport/passport_171_blurred.png,passport,synthetic,passport_171,blurred
backend/app/modules/m2_classifier/training/data/passport/passport_171_contrast_adjusted.png,passport,synthetic,passport_171,contrast_adjusted
backend/app/modules/m2_classifier/training/data/passport/passport_171_hue_sat_adjusted.png,passport,synthetic,passport_171,hue_sat_adjusted
backend/app/modules/m2_classifier/training/data/passport/passport_171_scaled_up.png,passport,synthetic,passport_171,scaled_up
backend/app/modules/m2_classifier/training/data/passport/passport_171_scaled_down.png,passport,synthetic,passport_171,scaled_down
backend/app/modules/m2_classifier/training/data/passport/passport_172_base.png,passport,synthetic,passport_172,original
backend/app/modules/m2_classifier/training/data/passport/passport_172_blurred.png,passport,synthetic,passport_172,blurred
backend/app/modules/m2_classifier/training/data/passport/passport_172_contrast_adjusted.png,passport,synthetic,passport_172,contrast_adjusted
backend/app/modules/m2_classifier/training/data/passport/passport_172_hue_sat_adjusted.png,passport,synthetic,passport_172,hue_sat_adjusted
backend/app/modules/m2_classifier/training/data/passport/passport_172_scaled_up.png,passport,synthetic,passport_172,scaled_up
backend/app/modules/m2_classifier/training/data/passport/passport_172_scaled_down.png,passport,synthetic,passport_172,scaled_down
backend/app/modules/m2_classifier/training/data/passport/passport_173_base.png,passport,synthetic,passport_173,original
backend/app/modules/m2_classifier/training/data/passport/passport_173_blurred.png,passport,synthetic,passport_173,blurred
backend/app/modules/m2_classifier/training/data/passport/passport_173_contrast_adjusted.png,passport,synthetic,passport_173,contrast_adjusted
backend/app/modules/m2_classifier/training/data/passport/passport_173_hue_sat_adjusted.png,passport,synthetic,passport_173,hue_sat_adjusted
backend/app/modules/m2_classifier/training/data/passport/passport_173_scaled_up.png,passport,synthetic,passport_173,scaled_up
backend/app/modules/m2_classifier/training/data/passport/passport_173_scaled_down.png,passport,synthetic,passport_173,scaled_down
backend/app/modules/m2_classifier/training/data/passport/passport_174_base.png,passport,synthetic,passport_174,original
backend/app/modules/m2_classifier/training/data/passport/passport_174_blurred.png,passport,synthetic,passport_174,blurred
backend/app/modules/m2_classifier/training/data/passport/passport_174_contrast_adjusted.png,passport,synthetic,passport_174,contrast_adjusted
backend/app/modules/m2_classifier/training/data/passport/passport_174_hue_sat_adjusted.png,passport,synthetic,passport_174,hue_sat_adjusted
backend/app/modules/m2_classifier/training/data/passport/passport_174_scaled_up.png,passport,synthetic,passport_174,scaled_up
backend/app/modules/m2_classifier/training/data/passport/passport_174_scaled_down.png,passport,synthetic,passport_174,scaled_down
backend/app/modules/m2_classifier/training/data/passport/passport_175_base.png,passport,synthetic,passport_175,original
backend/app/modules/m2_classifier/training/data/passport/passport_175_blurred.png,passport,synthetic,passport_175,blurred
backend/app/modules/m2_classifier/training/data/passport/passport_175_contrast_adjusted.png,passport,synthetic,passport_175,contrast_adjusted
backend/app/modules/m2_classifier/training/data/passport/passport_175_hue_sat_adjusted.png,passport,synthetic,passport_175,hue_sat_adjusted
backend/app/modules/m2_classifier/training/data/passport/passport_175_scaled_up.png,passport,synthetic,passport_175,scaled_up
backend/app/modules/m2_classifier/training/data/passport/passport_175_scaled_down.png,passport,synthetic,passport_175,scaled_down
backend/app/modules/m2_classifier/training/data/passport/passport_176_base.png,passport,synthetic,passport_176,original
backend/app/modules/m2_classifier/training/data/passport/passport_176_blurred.png,passport,synthetic,passport_176,blurred
backend/app/modules/m2_classifier/training/data/passport/passport_176_contrast_adjusted.png,passport,synthetic,passport_176,contrast_adjusted
backend/app/modules/m2_classifier/training/data/passport/passport_176_hue_sat_adjusted.png,passport,synthetic,passport_176,hue_sat_adjusted
backend/app/modules/m2_classifier/training/data/passport/passport_176_scaled_up.png,passport,synthetic,passport_176,scaled_up
backend/app/modules/m2_classifier/training/data/passport/passport_176_scaled_down.png,passport,synthetic,passport_176,scaled_down
backend/app/modules/m2_classifier/training/data/passport/passport_177_base.png,passport,synthetic,passport_177,original
backend/app/modules/m2_classifier/training/data/passport/passport_177_blurred.png,passport,synthetic,passport_177,blurred
backend/app/modules/m2_classifier/training/data/passport/passport_177_contrast_adjusted.png,passport,synthetic,passport_177,contrast_adjusted
backend/app/modules/m2_classifier/training/data/passport/passport_177_hue_sat_adjusted.png,passport,synthetic,passport_177,hue_sat_adjusted
backend/app/modules/m2_classifier/training/data/passport/passport_177_scaled_up.png,passport,synthetic,passport_177,scaled_up
backend/app/modules/m2_classifier/training/data/passport/passport_177_scaled_down.png,passport,synthetic,passport_177,scaled_down
backend/app/modules/m2_classifier/training/data/passport/passport_178_base.png,passport,synthetic,passport_178,original
backend/app/modules/m2_classifier/training/data/passport/passport_178_blurred.png,passport,synthetic,passport_178,blurred
backend/app/modules/m2_classifier/training/data/passport/passport_178_contrast_adjusted.png,passport,synthetic,passport_178,contrast_adjusted
backend/app/modules/m2_classifier/training/data/passport/passport_178_hue_sat_adjusted.png,passport,synthetic,passport_178,hue_sat_adjusted
backend/app/modules/m2_classifier/training/data/passport/passport_178_scaled_up.png,passport,synthetic,passport_178,scaled_up
backend/app/modules/m2_classifier/training/data/passport/passport_178_scaled_down.png,passport,synthetic,passport_178,scaled_down
backend/app/modules/m2_classifier/training/data/passport/passport_179_base.png,passport,synthetic,passport_179,original
backend/app/modules/m2_classifier/training/data/passport/passport_179_blurred.png,passport,synthetic,passport_179,blurred
backend/app/modules/m2_classifier/training/data/passport/passport_179_contrast_adjusted.png,passport,synthetic,passport_179,contrast_adjusted
backend/app/modules/m2_classifier/training/data/passport/passport_179_hue_sat_adjusted.png,passport,synthetic,passport_179,hue_sat_adjusted
backend/app/modules/m2_classifier/training/data/passport/passport_179_scaled_up.png,passport,synthetic,passport_179,scaled_up
backend/app/modules/m2_classifier/training/data/passport/passport_179_scaled_down.png,passport,synthetic,passport_179,scaled_down
backend/app/modules/m2_classifier/training/data/passport/passport_180_base.png,passport,synthetic,passport_180,original
backend/app/modules/m2_classifier/training/data/passport/passport_180_blurred.png,passport,synthetic,passport_180,blurred
backend/app/modules/m2_classifier/training/data/passport/passport_180_contrast_adjusted.png,passport,synthetic,passport_180,contrast_adjusted
backend/app/modules/m2_classifier/training/data/passport/passport_180_hue_sat_adjusted.png,passport,synthetic,passport_180,hue_sat_adjusted
backend/app/modules/m2_classifier/training/data/passport/passport_180_scaled_up.png,passport,synthetic,passport_180,scaled_up
backend/app/modules/m2_classifier/training/data/passport/passport_180_scaled_down.png,passport,synthetic,passport_180,scaled_down
backend/app/modules/m2_classifier/training/data/passport/passport_181_base.png,passport,synthetic,passport_181,original
backend/app/modules/m2_classifier/training/data/passport/passport_181_blurred.png,passport,synthetic,passport_181,blurred
backend/app/modules/m2_classifier/training/data/passport/passport_181_contrast_adjusted.png,passport,synthetic,passport_181,contrast_adjusted
backend/app/modules/m2_classifier/training/data/passport/passport_181_hue_sat_adjusted.png,passport,synthetic,passport_181,hue_sat_adjusted
backend/app/modules/m2_classifier/training/data/passport/passport_181_scaled_up.png,passport,synthetic,passport_181,scaled_up
backend/app/modules/m2_classifier/training/data/passport/passport_181_scaled_down.png,passport,synthetic,passport_181,scaled_down
backend/app/modules/m2_classifier/training/data/passport/passport_182_base.png,passport,synthetic,passport_182,original
backend/app/modules/m2_classifier/training/data/passport/passport_182_blurred.png,passport,synthetic,passport_182,blurred
backend/app/modules/m2_classifier/training/data/passport/passport_182_contrast_adjusted.png,passport,synthetic,passport_182,contrast_adjusted
backend/app/modules/m2_classifier/training/data/passport/passport_182_hue_sat_adjusted.png,passport,synthetic,passport_182,hue_sat_adjusted
backend/app/modules/m2_classifier/training/data/passport/passport_182_scaled_up.png,passport,synthetic,passport_182,scaled_up
backend/app/modules/m2_classifier/training/data/passport/passport_182_scaled_down.png,passport,synthetic,passport_182,scaled_down
backend/app/modules/m2_classifier/training/data/passport/passport_183_base.png,passport,synthetic,passport_183,original
backend/app/modules/m2_classifier/training/data/passport/passport_183_blurred.png,passport,synthetic,passport_183,blurred
backend/app/modules/m2_classifier/training/data/passport/passport_183_contrast_adjusted.png,passport,synthetic,passport_183,contrast_adjusted
backend/app/modules/m2_classifier/training/data/passport/passport_183_hue_sat_adjusted.png,passport,synthetic,passport_183,hue_sat_adjusted
backend/app/modules/m2_classifier/training/data/passport/passport_183_scaled_up.png,passport,synthetic,passport_183,scaled_up
backend/app/modules/m2_classifier/training/data/passport/passport_183_scaled_down.png,passport,synthetic,passport_183,scaled_down
backend/app/modules/m2_classifier/training/data/passport/passport_184_base.png,passport,synthetic,passport_184,original
backend/app/modules/m2_classifier/training/data/passport/passport_184_blurred.png,passport,synthetic,passport_184,blurred
backend/app/modules/m2_classifier/training/data/passport/passport_184_contrast_adjusted.png,passport,synthetic,passport_184,contrast_adjusted
backend/app/modules/m2_classifier/training/data/passport/passport_184_hue_sat_adjusted.png,passport,synthetic,passport_184,hue_sat_adjusted
backend/app/modules/m2_classifier/training/data/passport/passport_184_scaled_up.png,passport,synthetic,passport_184,scaled_up
backend/app/modules/m2_classifier/training/data/passport/passport_184_scaled_down.png,passport,synthetic,passport_184,scaled_down
backend/app/modules/m2_classifier/training/data/passport/passport_185_base.png,passport,synthetic,passport_185,original
backend/app/modules/m2_classifier/training/data/passport/passport_185_blurred.png,passport,synthetic,passport_185,blurred
backend/app/modules/m2_classifier/training/data/passport/passport_185_contrast_adjusted.png,passport,synthetic,passport_185,contrast_adjusted
backend/app/modules/m2_classifier/training/data/passport/passport_185_hue_sat_adjusted.png,passport,synthetic,passport_185,hue_sat_adjusted
backend/app/modules/m2_classifier/training/data/passport/passport_185_scaled_up.png,passport,synthetic,passport_185,scaled_up
backend/app/modules/m2_classifier/training/data/passport/passport_185_scaled_down.png,passport,synthetic,passport_185,scaled_down
backend/app/modules/m2_classifier/training/data/passport/passport_186_base.png,passport,synthetic,passport_186,original
backend/app/modules/m2_classifier/training/data/passport/passport_186_blurred.png,passport,synthetic,passport_186,blurred
backend/app/modules/m2_classifier/training/data/passport/passport_186_contrast_adjusted.png,passport,synthetic,passport_186,contrast_adjusted
backend/app/modules/m2_classifier/training/data/passport/passport_186_hue_sat_adjusted.png,passport,synthetic,passport_186,hue_sat_adjusted
backend/app/modules/m2_classifier/training/data/passport/passport_186_scaled_up.png,passport,synthetic,passport_186,scaled_up
backend/app/modules/m2_classifier/training/data/passport/passport_186_scaled_down.png,passport,synthetic,passport_186,scaled_down
backend/app/modules/m2_classifier/training/data/passport/passport_187_base.png,passport,synthetic,passport_187,original
backend/app/modules/m2_classifier/training/data/passport/passport_187_blurred.png,passport,synthetic,passport_187,blurred
backend/app/modules/m2_classifier/training/data/passport/passport_187_contrast_adjusted.png,passport,synthetic,passport_187,contrast_adjusted
backend/app/modules/m2_classifier/training/data/passport/passport_187_hue_sat_adjusted.png,passport,synthetic,passport_187,hue_sat_adjusted
backend/app/modules/m2_classifier/training/data/passport/passport_187_scaled_up.png,passport,synthetic,passport_187,scaled_up
backend/app/modules/m2_classifier/training/data/passport/passport_187_scaled_down.png,passport,synthetic,passport_187,scaled_down
backend/app/modules/m2_classifier/training/data/passport/passport_188_base.png,passport,synthetic,passport_188,original
backend/app/modules/m2_classifier/training/data/passport/passport_188_blurred.png,passport,synthetic,passport_188,blurred
backend/app/modules/m2_classifier/training/data/passport/passport_188_contrast_adjusted.png,passport,synthetic,passport_188,contrast_adjusted
backend/app/modules/m2_classifier/training/data/passport/passport_188_hue_sat_adjusted.png,passport,synthetic,passport_188,hue_sat_adjusted
backend/app/modules/m2_classifier/training/data/passport/passport_188_scaled_up.png,passport,synthetic,passport_188,scaled_up
backend/app/modules/m2_classifier/training/data/passport/passport_188_scaled_down.png,passport,synthetic,passport_188,scaled_down
backend/app/modules/m2_classifier/training/data/passport/passport_189_base.png,passport,synthetic,passport_189,original
backend/app/modules/m2_classifier/training/data/passport/passport_189_blurred.png,passport,synthetic,passport_189,blurred
backend/app/modules/m2_classifier/training/data/passport/passport_189_contrast_adjusted.png,passport,synthetic,passport_189,contrast_adjusted
backend/app/modules/m2_classifier/training/data/passport/passport_189_hue_sat_adjusted.png,passport,synthetic,passport_189,hue_sat_adjusted
backend/app/modules/m2_classifier/training/data/passport/passport_189_scaled_up.png,passport,synthetic,passport_189,scaled_up
backend/app/modules/m2_classifier/training/data/passport/passport_189_scaled_down.png,passport,synthetic,passport_189,scaled_down
backend/app/modules/m2_classifier/training/data/passport/passport_190_base.png,passport,synthetic,passport_190,original
backend/app/modules/m2_classifier/training/data/passport/passport_190_blurred.png,passport,synthetic,passport_190,blurred
backend/app/modules/m2_classifier/training/data/passport/passport_190_contrast_adjusted.png,passport,synthetic,passport_190,contrast_adjusted
backend/app/modules/m2_classifier/training/data/passport/passport_190_hue_sat_adjusted.png,passport,synthetic,passport_190,hue_sat_adjusted
backend/app/modules/m2_classifier/training/data/passport/passport_190_scaled_up.png,passport,synthetic,passport_190,scaled_up
backend/app/modules/m2_classifier/training/data/passport/passport_190_scaled_down.png,passport,synthetic,passport_190,scaled_down
backend/app/modules/m2_classifier/training/data/passport/passport_191_base.png,passport,synthetic,passport_191,original
backend/app/modules/m2_classifier/training/data/passport/passport_191_blurred.png,passport,synthetic,passport_191,blurred
backend/app/modules/m2_classifier/training/data/passport/passport_191_contrast_adjusted.png,passport,synthetic,passport_191,contrast_adjusted
backend/app/modules/m2_classifier/training/data/passport/passport_191_hue_sat_adjusted.png,passport,synthetic,passport_191,hue_sat_adjusted
backend/app/modules/m2_classifier/training/data/passport/passport_191_scaled_up.png,passport,synthetic,passport_191,scaled_up
backend/app/modules/m2_classifier/training/data/passport/passport_191_scaled_down.png,passport,synthetic,passport_191,scaled_down
backend/app/modules/m2_classifier/training/data/passport/passport_192_base.png,passport,synthetic,passport_192,original
backend/app/modules/m2_classifier/training/data/passport/passport_192_blurred.png,passport,synthetic,passport_192,blurred
backend/app/modules/m2_classifier/training/data/passport/passport_192_contrast_adjusted.png,passport,synthetic,passport_192,contrast_adjusted
backend/app/modules/m2_classifier/training/data/passport/passport_192_hue_sat_adjusted.png,passport,synthetic,passport_192,hue_sat_adjusted
backend/app/modules/m2_classifier/training/data/passport/passport_192_scaled_up.png,passport,synthetic,passport_192,scaled_up
backend/app/modules/m2_classifier/training/data/passport/passport_192_scaled_down.png,passport,synthetic,passport_192,scaled_down
backend/app/modules/m2_classifier/training/data/passport/passport_193_base.png,passport,synthetic,passport_193,original
backend/app/modules/m2_classifier/training/data/passport/passport_193_blurred.png,passport,synthetic,passport_193,blurred
backend/app/modules/m2_classifier/training/data/passport/passport_193_contrast_adjusted.png,passport,synthetic,passport_193,contrast_adjusted
backend/app/modules/m2_classifier/training/data/passport/passport_193_hue_sat_adjusted.png,passport,synthetic,passport_193,hue_sat_adjusted
backend/app/modules/m2_classifier/training/data/passport/passport_193_scaled_up.png,passport,synthetic,passport_193,scaled_up
backend/app/modules/m2_classifier/training/data/passport/passport_193_scaled_down.png,passport,synthetic,passport_193,scaled_down
backend/app/modules/m2_classifier/training/data/passport/passport_194_base.png,passport,synthetic,passport_194,original
backend/app/modules/m2_classifier/training/data/passport/passport_194_blurred.png,passport,synthetic,passport_194,blurred
backend/app/modules/m2_classifier/training/data/passport/passport_194_contrast_adjusted.png,passport,synthetic,passport_194,contrast_adjusted
backend/app/modules/m2_classifier/training/data/passport/passport_194_hue_sat_adjusted.png,passport,synthetic,passport_194,hue_sat_adjusted
backend/app/modules/m2_classifier/training/data/passport/passport_194_scaled_up.png,passport,synthetic,passport_194,scaled_up
backend/app/modules/m2_classifier/training/data/passport/passport_194_scaled_down.png,passport,synthetic,passport_194,scaled_down
backend/app/modules/m2_classifier/training/data/passport/passport_195_base.png,passport,synthetic,passport_195,original
backend/app/modules/m2_classifier/training/data/passport/passport_195_blurred.png,passport,synthetic,passport_195,blurred
backend/app/modules/m2_classifier/training/data/passport/passport_195_contrast_adjusted.png,passport,synthetic,passport_195,contrast_adjusted
backend/app/modules/m2_classifier/training/data/passport/passport_195_hue_sat_adjusted.png,passport,synthetic,passport_195,hue_sat_adjusted
backend/app/modules/m2_classifier/training/data/passport/passport_195_scaled_up.png,passport,synthetic,passport_195,scaled_up
backend/app/modules/m2_classifier/training/data/passport/passport_195_scaled_down.png,passport,synthetic,passport_195,scaled_down
backend/app/modules/m2_classifier/training/data/passport/passport_196_base.png,passport,synthetic,passport_196,original
backend/app/modules/m2_classifier/training/data/passport/passport_196_blurred.png,passport,synthetic,passport_196,blurred
backend/app/modules/m2_classifier/training/data/passport/passport_196_contrast_adjusted.png,passport,synthetic,passport_196,contrast_adjusted
backend/app/modules/m2_classifier/training/data/passport/passport_196_hue_sat_adjusted.png,passport,synthetic,passport_196,hue_sat_adjusted
backend/app/modules/m2_classifier/training/data/passport/passport_196_scaled_up.png,passport,synthetic,passport_196,scaled_up
backend/app/modules/m2_classifier/training/data/passport/passport_196_scaled_down.png,passport,synthetic,passport_196,scaled_down
backend/app/modules/m2_classifier/training/data/passport/passport_197_base.png,passport,synthetic,passport_197,original
backend/app/modules/m2_classifier/training/data/passport/passport_197_blurred.png,passport,synthetic,passport_197,blurred
backend/app/modules/m2_classifier/training/data/passport/passport_197_contrast_adjusted.png,passport,synthetic,passport_197,contrast_adjusted
backend/app/modules/m2_classifier/training/data/passport/passport_197_hue_sat_adjusted.png,passport,synthetic,passport_197,hue_sat_adjusted
backend/app/modules/m2_classifier/training/data/passport/passport_197_scaled_up.png,passport,synthetic,passport_197,scaled_up
backend/app/modules/m2_classifier/training/data/passport/passport_197_scaled_down.png,passport,synthetic,passport_197,scaled_down
backend/app/modules/m2_classifier/training/data/passport/passport_198_base.png,passport,synthetic,passport_198,original
backend/app/modules/m2_classifier/training/data/passport/passport_198_blurred.png,passport,synthetic,passport_198,blurred
backend/app/modules/m2_classifier/training/data/passport/passport_198_contrast_adjusted.png,passport,synthetic,passport_198,contrast_adjusted
backend/app/modules/m2_classifier/training/data/passport/passport_198_hue_sat_adjusted.png,passport,synthetic,passport_198,hue_sat_adjusted
backend/app/modules/m2_classifier/training/data/passport/passport_198_scaled_up.png,passport,synthetic,passport_198,scaled_up
backend/app/modules/m2_classifier/training/data/passport/passport_198_scaled_down.png,passport,synthetic,passport_198,scaled_down
backend/app/modules/m2_classifier/training/data/passport/passport_199_base.png,passport,synthetic,passport_199,original
backend/app/modules/m2_classifier/training/data/passport/passport_199_blurred.png,passport,synthetic,passport_199,blurred
backend/app/modules/m2_classifier/training/data/passport/passport_199_contrast_adjusted.png,passport,synthetic,passport_199,contrast_adjusted
backend/app/modules/m2_classifier/training/data/passport/passport_199_hue_sat_adjusted.png,passport,synthetic,passport_199,hue_sat_adjusted
backend/app/modules/m2_classifier/training/data/passport/passport_199_scaled_up.png,passport,synthetic,passport_199,scaled_up
backend/app/modules/m2_classifier/training/data/passport/passport_199_scaled_down.png,passport,synthetic,passport_199,scaled_down
backend/app/modules/m2_classifier/training/data/passport/passport_200_base.png,passport,synthetic,passport_200,original
backend/app/modules/m2_classifier/training/data/passport/passport_200_blurred.png,passport,synthetic,passport_200,blurred
backend/app/modules/m2_classifier/training/data/passport/passport_200_contrast_adjusted.png,passport,synthetic,passport_200,contrast_adjusted
backend/app/modules/m2_classifier/training/data/passport/passport_200_hue_sat_adjusted.png,passport,synthetic,passport_200,hue_sat_adjusted
backend/app/modules/m2_classifier/training/data/passport/passport_200_scaled_up.png,passport,synthetic,passport_200,scaled_up
backend/app/modules/m2_classifier/training/data/passport/passport_200_scaled_down.png,passport,synthetic,passport_200,scaled_down
backend/app/modules/m2_classifier/training/data/visa/visa_001_base.png,visa,synthetic,visa_001,original
backend/app/modules/m2_classifier/training/data/visa/visa_001_blurred.png,visa,synthetic,visa_001,blurred
backend/app/modules/m2_classifier/training/data/visa/visa_001_contrast_adjusted.png,visa,synthetic,visa_001,contrast_adjusted
backend/app/modules/m2_classifier/training/data/visa/visa_001_hue_sat_adjusted.png,visa,synthetic,visa_001,hue_sat_adjusted
backend/app/modules/m2_classifier/training/data/visa/visa_001_scaled_up.png,visa,synthetic,visa_001,scaled_up
backend/app/modules/m2_classifier/training/data/visa/visa_001_scaled_down.png,visa,synthetic,visa_001,scaled_down
backend/app/modules/m2_classifier/training/data/visa/visa_002_base.png,visa,synthetic,visa_002,original
backend/app/modules/m2_classifier/training/data/visa/visa_002_blurred.png,visa,synthetic,visa_002,blurred
backend/app/modules/m2_classifier/training/data/visa/visa_002_contrast_adjusted.png,visa,synthetic,visa_002,contrast_adjusted
backend/app/modules/m2_classifier/training/data/visa/visa_002_hue_sat_adjusted.png,visa,synthetic,visa_002,hue_sat_adjusted
backend/app/modules/m2_classifier/training/data/visa/visa_002_scaled_up.png,visa,synthetic,visa_002,scaled_up
backend/app/modules/m2_classifier/training/data/visa/visa_002_scaled_down.png,visa,synthetic,visa_002,scaled_down
backend/app/modules/m2_classifier/training/data/visa/visa_003_base.png,visa,synthetic,visa_003,original
backend/app/modules/m2_classifier/training/data/visa/visa_003_blurred.png,visa,synthetic,visa_003,blurred
backend/app/modules/m2_classifier/training/data/visa/visa_003_contrast_adjusted.png,visa,synthetic,visa_003,contrast_adjusted
backend/app/modules/m2_classifier/training/data/visa/visa_003_hue_sat_adjusted.png,visa,synthetic,visa_003,hue_sat_adjusted
backend/app/modules/m2_classifier/training/data/visa/visa_003_scaled_up.png,visa,synthetic,visa_003,scaled_up
backend/app/modules/m2_classifier/training/data/visa/visa_003_scaled_down.png,visa,synthetic,visa_003,scaled_down
backend/app/modules/m2_classifier/training/data/visa/visa_004_base.png,visa,synthetic,visa_004,original
backend/app/modules/m2_classifier/training/data/visa/visa_004_blurred.png,visa,synthetic,visa_004,blurred
backend/app/modules/m2_classifier/training/data/visa/visa_004_contrast_adjusted.png,visa,synthetic,visa_004,contrast_adjusted
backend/app/modules/m2_classifier/training/data/visa/visa_004_hue_sat_adjusted.png,visa,synthetic,visa_004,hue_sat_adjusted
backend/app/modules/m2_classifier/training/data/visa/visa_004_scaled_up.png,visa,synthetic,visa_004,scaled_up
backend/app/modules/m2_classifier/training/data/visa/visa_004_scaled_down.png,visa,synthetic,visa_004,scaled_down
backend/app/modules/m2_classifier/training/data/visa/visa_005_base.png,visa,synthetic,visa_005,original
backend/app/modules/m2_classifier/training/data/visa/visa_005_blurred.png,visa,synthetic,visa_005,blurred
backend/app/modules/m2_classifier/training/data/visa/visa_005_contrast_adjusted.png,visa,synthetic,visa_005,contrast_adjusted
backend/app/modules/m2_classifier/training/data/visa/visa_005_hue_sat_adjusted.png,visa,synthetic,visa_005,hue_sat_adjusted
backend/app/modules/m2_classifier/training/data/visa/visa_005_scaled_up.png,visa,synthetic,visa_005,scaled_up
backend/app/modules/m2_classifier/training/data/visa/visa_005_scaled_down.png,visa,synthetic,visa_005,scaled_down
backend/app/modules/m2_classifier/training/data/visa/visa_006_base.png,visa,synthetic,visa_006,original
backend/app/modules/m2_classifier/training/data/visa/visa_006_blurred.png,visa,synthetic,visa_006,blurred
backend/app/modules/m2_classifier/training/data/visa/visa_006_contrast_adjusted.png,visa,synthetic,visa_006,contrast_adjusted
backend/app/modules/m2_classifier/training/data/visa/visa_006_hue_sat_adjusted.png,visa,synthetic,visa_006,hue_sat_adjusted
backend/app/modules/m2_classifier/training/data/visa/visa_006_scaled_up.png,visa,synthetic,visa_006,scaled_up
backend/app/modules/m2_classifier/training/data/visa/visa_006_scaled_down.png,visa,synthetic,visa_006,scaled_down
backend/app/modules/m2_classifier/training/data/visa/visa_007_base.png,visa,synthetic,visa_007,original
backend/app/modules/m2_classifier/training/data/visa/visa_007_blurred.png,visa,synthetic,visa_007,blurred
backend/app/modules/m2_classifier/training/data/visa/visa_007_contrast_adjusted.png,visa,synthetic,visa_007,contrast_adjusted
backend/app/modules/m2_classifier/training/data/visa/visa_007_hue_sat_adjusted.png,visa,synthetic,visa_007,hue_sat_adjusted
backend/app/modules/m2_classifier/training/data/visa/visa_007_scaled_up.png,visa,synthetic,visa_007,scaled_up
backend/app/modules/m2_classifier/training/data/visa/visa_007_scaled_down.png,visa,synthetic,visa_007,scaled_down
backend/app/modules/m2_classifier/training/data/visa/visa_008_base.png,visa,synthetic,visa_008,original
backend/app/modules/m2_classifier/training/data/visa/visa_008_blurred.png,visa,synthetic,visa_008,blurred
backend/app/modules/m2_classifier/training/data/visa/visa_008_contrast_adjusted.png,visa,synthetic,visa_008,contrast_adjusted
backend/app/modules/m2_classifier/training/data/visa/visa_008_hue_sat_adjusted.png,visa,synthetic,visa_008,hue_sat_adjusted
backend/app/modules/m2_classifier/training/data/visa/visa_008_scaled_up.png,visa,synthetic,visa_008,scaled_up
backend/app/modules/m2_classifier/training/data/visa/visa_008_scaled_down.png,visa,synthetic,visa_008,scaled_down
backend/app/modules/m2_classifier/training/data/visa/visa_009_base.png,visa,synthetic,visa_009,original
backend/app/modules/m2_classifier/training/data/visa/visa_009_blurred.png,visa,synthetic,visa_009,blurred
backend/app/modules/m2_classifier/training/data/visa/visa_009_contrast_adjusted.png,visa,synthetic,visa_009,contrast_adjusted
backend/app/modules/m2_classifier/training/data/visa/visa_009_hue_sat_adjusted.png,visa,synthetic,visa_009,hue_sat_adjusted
backend/app/modules/m2_classifier/training/data/visa/visa_009_scaled_up.png,visa,synthetic,visa_009,scaled_up
backend/app/modules/m2_classifier/training/data/visa/visa_009_scaled_down.png,visa,synthetic,visa_009,scaled_down
backend/app/modules/m2_classifier/training/data/visa/visa_010_base.png,visa,synthetic,visa_010,original
backend/app/modules/m2_classifier/training/data/visa/visa_010_blurred.png,visa,synthetic,visa_010,blurred
backend/app/modules/m2_classifier/training/data/visa/visa_010_contrast_adjusted.png,visa,synthetic,visa_010,contrast_adjusted
backend/app/modules/m2_classifier/training/data/visa/visa_010_hue_sat_adjusted.png,visa,synthetic,visa_010,hue_sat_adjusted
backend/app/modules/m2_classifier/training/data/visa/visa_010_scaled_up.png,visa,synthetic,visa_010,scaled_up
backend/app/modules/m2_classifier/training/data/visa/visa_010_scaled_down.png,visa,synthetic,visa_010,scaled_down
backend/app/modules/m2_classifier/training/data/visa/visa_011_base.png,visa,synthetic,visa_011,original
backend/app/modules/m2_classifier/training/data/visa/visa_011_blurred.png,visa,synthetic,visa_011,blurred
backend/app/modules/m2_classifier/training/data/visa/visa_011_contrast_adjusted.png,visa,synthetic,visa_011,contrast_adjusted
backend/app/modules/m2_classifier/training/data/visa/visa_011_hue_sat_adjusted.png,visa,synthetic,visa_011,hue_sat_adjusted
backend/app/modules/m2_classifier/training/data/visa/visa_011_scaled_up.png,visa,synthetic,visa_011,scaled_up
backend/app/modules/m2_classifier/training/data/visa/visa_011_scaled_down.png,visa,synthetic,visa_011,scaled_down
backend/app/modules/m2_classifier/training/data/visa/visa_012_base.png,visa,synthetic,visa_012,original
backend/app/modules/m2_classifier/training/data/visa/visa_012_blurred.png,visa,synthetic,visa_012,blurred
backend/app/modules/m2_classifier/training/data/visa/visa_012_contrast_adjusted.png,visa,synthetic,visa_012,contrast_adjusted
backend/app/modules/m2_classifier/training/data/visa/visa_012_hue_sat_adjusted.png,visa,synthetic,visa_012,hue_sat_adjusted
backend/app/modules/m2_classifier/training/data/visa/visa_012_scaled_up.png,visa,synthetic,visa_012,scaled_up
backend/app/modules/m2_classifier/training/data/visa/visa_012_scaled_down.png,visa,synthetic,visa_012,scaled_down
backend/app/modules/m2_classifier/training/data/visa/visa_013_base.png,visa,synthetic,visa_013,original
backend/app/modules/m2_classifier/training/data/visa/visa_013_blurred.png,visa,synthetic,visa_013,blurred
backend/app/modules/m2_classifier/training/data/visa/visa_013_contrast_adjusted.png,visa,synthetic,visa_013,contrast_adjusted
backend/app/modules/m2_classifier/training/data/visa/visa_013_hue_sat_adjusted.png,visa,synthetic,visa_013,hue_sat_adjusted
backend/app/modules/m2_classifier/training/data/visa/visa_013_scaled_up.png,visa,synthetic,visa_013,scaled_up
backend/app/modules/m2_classifier/training/data/visa/visa_013_scaled_down.png,visa,synthetic,visa_013,scaled_down
backend/app/modules/m2_classifier/training/data/visa/visa_014_base.png,visa,synthetic,visa_014,original
backend/app/modules/m2_classifier/training/data/visa/visa_014_blurred.png,visa,synthetic,visa_014,blurred
backend/app/modules/m2_classifier/training/data/visa/visa_014_contrast_adjusted.png,visa,synthetic,visa_014,contrast_adjusted
backend/app/modules/m2_classifier/training/data/visa/visa_014_hue_sat_adjusted.png,visa,synthetic,visa_014,hue_sat_adjusted
backend/app/modules/m2_classifier/training/data/visa/visa_014_scaled_up.png,visa,synthetic,visa_014,scaled_up
backend/app/modules/m2_classifier/training/data/visa/visa_014_scaled_down.png,visa,synthetic,visa_014,scaled_down
backend/app/modules/m2_classifier/training/data/visa/visa_015_base.png,visa,synthetic,visa_015,original
backend/app/modules/m2_classifier/training/data/visa/visa_015_blurred.png,visa,synthetic,visa_015,blurred
backend/app/modules/m2_classifier/training/data/visa/visa_015_contrast_adjusted.png,visa,synthetic,visa_015,contrast_adjusted
backend/app/modules/m2_classifier/training/data/visa/visa_015_hue_sat_adjusted.png,visa,synthetic,visa_015,hue_sat_adjusted
backend/app/modules/m2_classifier/training/data/visa/visa_015_scaled_up.png,visa,synthetic,visa_015,scaled_up
backend/app/modules/m2_classifier/training/data/visa/visa_015_scaled_down.png,visa,synthetic,visa_015,scaled_down
backend/app/modules/m2_classifier/training/data/visa/visa_016_base.png,visa,synthetic,visa_016,original
backend/app/modules/m2_classifier/training/data/visa/visa_016_blurred.png,visa,synthetic,visa_016,blurred
backend/app/modules/m2_classifier/training/data/visa/visa_016_contrast_adjusted.png,visa,synthetic,visa_016,contrast_adjusted
backend/app/modules/m2_classifier/training/data/visa/visa_016_hue_sat_adjusted.png,visa,synthetic,visa_016,hue_sat_adjusted
backend/app/modules/m2_classifier/training/data/visa/visa_016_scaled_up.png,visa,synthetic,visa_016,scaled_up
backend/app/modules/m2_classifier/training/data/visa/visa_016_scaled_down.png,visa,synthetic,visa_016,scaled_down
backend/app/modules/m2_classifier/training/data/visa/visa_017_base.png,visa,synthetic,visa_017,original
backend/app/modules/m2_classifier/training/data/visa/visa_017_blurred.png,visa,synthetic,visa_017,blurred
backend/app/modules/m2_classifier/training/data/visa/visa_017_contrast_adjusted.png,visa,synthetic,visa_017,contrast_adjusted
backend/app/modules/m2_classifier/training/data/visa/visa_017_hue_sat_adjusted.png,visa,synthetic,visa_017,hue_sat_adjusted
backend/app/modules/m2_classifier/training/data/visa/visa_017_scaled_up.png,visa,synthetic,visa_017,scaled_up
backend/app/modules/m2_classifier/training/data/visa/visa_017_scaled_down.png,visa,synthetic,visa_017,scaled_down
backend/app/modules/m2_classifier/training/data/visa/visa_018_base.png,visa,synthetic,visa_018,original
backend/app/modules/m2_classifier/training/data/visa/visa_018_blurred.png,visa,synthetic,visa_018,blurred
backend/app/modules/m2_classifier/training/data/visa/visa_018_contrast_adjusted.png,visa,synthetic,visa_018,contrast_adjusted
backend/app/modules/m2_classifier/training/data/visa/visa_018_hue_sat_adjusted.png,visa,synthetic,visa_018,hue_sat_adjusted
backend/app/modules/m2_classifier/training/data/visa/visa_018_scaled_up.png,visa,synthetic,visa_018,scaled_up
backend/app/modules/m2_classifier/training/data/visa/visa_018_scaled_down.png,visa,synthetic,visa_018,scaled_down
backend/app/modules/m2_classifier/training/data/visa/visa_019_base.png,visa,synthetic,visa_019,original
backend/app/modules/m2_classifier/training/data/visa/visa_019_blurred.png,visa,synthetic,visa_019,blurred
backend/app/modules/m2_classifier/training/data/visa/visa_019_contrast_adjusted.png,visa,synthetic,visa_019,contrast_adjusted
backend/app/modules/m2_classifier/training/data/visa/visa_019_hue_sat_adjusted.png,visa,synthetic,visa_019,hue_sat_adjusted
backend/app/modules/m2_classifier/training/data/visa/visa_019_scaled_up.png,visa,synthetic,visa_019,scaled_up
backend/app/modules/m2_classifier/training/data/visa/visa_019_scaled_down.png,visa,synthetic,visa_019,scaled_down
backend/app/modules/m2_classifier/training/data/visa/visa_020_base.png,visa,synthetic,visa_020,original
backend/app/modules/m2_classifier/training/data/visa/visa_020_blurred.png,visa,synthetic,visa_020,blurred
backend/app/modules/m2_classifier/training/data/visa/visa_020_contrast_adjusted.png,visa,synthetic,visa_020,contrast_adjusted
backend/app/modules/m2_classifier/training/data/visa/visa_020_hue_sat_adjusted.png,visa,synthetic,visa_020,hue_sat_adjusted
backend/app/modules/m2_classifier/training/data/visa/visa_020_scaled_up.png,visa,synthetic,visa_020,scaled_up
backend/app/modules/m2_classifier/training/data/visa/visa_020_scaled_down.png,visa,synthetic,visa_020,scaled_down
backend/app/modules/m2_classifier/training/data/visa/visa_021_base.png,visa,synthetic,visa_021,original
backend/app/modules/m2_classifier/training/data/visa/visa_021_blurred.png,visa,synthetic,visa_021,blurred
backend/app/modules/m2_classifier/training/data/visa/visa_021_contrast_adjusted.png,visa,synthetic,visa_021,contrast_adjusted
backend/app/modules/m2_classifier/training/data/visa/visa_021_hue_sat_adjusted.png,visa,synthetic,visa_021,hue_sat_adjusted
backend/app/modules/m2_classifier/training/data/visa/visa_021_scaled_up.png,visa,synthetic,visa_021,scaled_up
backend/app/modules/m2_classifier/training/data/visa/visa_021_scaled_down.png,visa,synthetic,visa_021,scaled_down
backend/app/modules/m2_classifier/training/data/visa/visa_022_base.png,visa,synthetic,visa_022,original
backend/app/modules/m2_classifier/training/data/visa/visa_022_blurred.png,visa,synthetic,visa_022,blurred
backend/app/modules/m2_classifier/training/data/visa/visa_022_contrast_adjusted.png,visa,synthetic,visa_022,contrast_adjusted
backend/app/modules/m2_classifier/training/data/visa/visa_022_hue_sat_adjusted.png,visa,synthetic,visa_022,hue_sat_adjusted
backend/app/modules/m2_classifier/training/data/visa/visa_022_scaled_up.png,visa,synthetic,visa_022,scaled_up
backend/app/modules/m2_classifier/training/data/visa/visa_022_scaled_down.png,visa,synthetic,visa_022,scaled_down
backend/app/modules/m2_classifier/training/data/visa/visa_023_base.png,visa,synthetic,visa_023,original
backend/app/modules/m2_classifier/training/data/visa/visa_023_blurred.png,visa,synthetic,visa_023,blurred
backend/app/modules/m2_classifier/training/data/visa/visa_023_contrast_adjusted.png,visa,synthetic,visa_023,contrast_adjusted
backend/app/modules/m2_classifier/training/data/visa/visa_023_hue_sat_adjusted.png,visa,synthetic,visa_023,hue_sat_adjusted
backend/app/modules/m2_classifier/training/data/visa/visa_023_scaled_up.png,visa,synthetic,visa_023,scaled_up
backend/app/modules/m2_classifier/training/data/visa/visa_023_scaled_down.png,visa,synthetic,visa_023,scaled_down
backend/app/modules/m2_classifier/training/data/visa/visa_024_base.png,visa,synthetic,visa_024,original
backend/app/modules/m2_classifier/training/data/visa/visa_024_blurred.png,visa,synthetic,visa_024,blurred
backend/app/modules/m2_classifier/training/data/visa/visa_024_contrast_adjusted.png,visa,synthetic,visa_024,contrast_adjusted
backend/app/modules/m2_classifier/training/data/visa/visa_024_hue_sat_adjusted.png,visa,synthetic,visa_024,hue_sat_adjusted
backend/app/modules/m2_classifier/training/data/visa/visa_024_scaled_up.png,visa,synthetic,visa_024,scaled_up
backend/app/modules/m2_classifier/training/data/visa/visa_024_scaled_down.png,visa,synthetic,visa_024,scaled_down
backend/app/modules/m2_classifier/training/data/visa/visa_025_base.png,visa,synthetic,visa_025,original
backend/app/modules/m2_classifier/training/data/visa/visa_025_blurred.png,visa,synthetic,visa_025,blurred
backend/app/modules/m2_classifier/training/data/visa/visa_025_contrast_adjusted.png,visa,synthetic,visa_025,contrast_adjusted
backend/app/modules/m2_classifier/training/data/visa/visa_025_hue_sat_adjusted.png,visa,synthetic,visa_025,hue_sat_adjusted
backend/app/modules/m2_classifier/training/data/visa/visa_025_scaled_up.png,visa,synthetic,visa_025,scaled_up
backend/app/modules/m2_classifier/training/data/visa/visa_025_scaled_down.png,visa,synthetic,visa_025,scaled_down
backend/app/modules/m2_classifier/training/data/visa/visa_026_base.png,visa,synthetic,visa_026,original
backend/app/modules/m2_classifier/training/data/visa/visa_026_blurred.png,visa,synthetic,visa_026,blurred
backend/app/modules/m2_classifier/training/data/visa/visa_026_contrast_adjusted.png,visa,synthetic,visa_026,contrast_adjusted
backend/app/modules/m2_classifier/training/data/visa/visa_026_hue_sat_adjusted.png,visa,synthetic,visa_026,hue_sat_adjusted
backend/app/modules/m2_classifier/training/data/visa/visa_026_scaled_up.png,visa,synthetic,visa_026,scaled_up
backend/app/modules/m2_classifier/training/data/visa/visa_026_scaled_down.png,visa,synthetic,visa_026,scaled_down
backend/app/modules/m2_classifier/training/data/visa/visa_027_base.png,visa,synthetic,visa_027,original
backend/app/modules/m2_classifier/training/data/visa/visa_027_blurred.png,visa,synthetic,visa_027,blurred
backend/app/modules/m2_classifier/training/data/visa/visa_027_contrast_adjusted.png,visa,synthetic,visa_027,contrast_adjusted
backend/app/modules/m2_classifier/training/data/visa/visa_027_hue_sat_adjusted.png,visa,synthetic,visa_027,hue_sat_adjusted
backend/app/modules/m2_classifier/training/data/visa/visa_027_scaled_up.png,visa,synthetic,visa_027,scaled_up
backend/app/modules/m2_classifier/training/data/visa/visa_027_scaled_down.png,visa,synthetic,visa_027,scaled_down
backend/app/modules/m2_classifier/training/data/visa/visa_028_base.png,visa,synthetic,visa_028,original
backend/app/modules/m2_classifier/training/data/visa/visa_028_blurred.png,visa,synthetic,visa_028,blurred
backend/app/modules/m2_classifier/training/data/visa/visa_028_contrast_adjusted.png,visa,synthetic,visa_028,contrast_adjusted
backend/app/modules/m2_classifier/training/data/visa/visa_028_hue_sat_adjusted.png,visa,synthetic,visa_028,hue_sat_adjusted
backend/app/modules/m2_classifier/training/data/visa/visa_028_scaled_up.png,visa,synthetic,visa_028,scaled_up
backend/app/modules/m2_classifier/training/data/visa/visa_028_scaled_down.png,visa,synthetic,visa_028,scaled_down
backend/app/modules/m2_classifier/training/data/visa/visa_029_base.png,visa,synthetic,visa_029,original
backend/app/modules/m2_classifier/training/data/visa/visa_029_blurred.png,visa,synthetic,visa_029,blurred
backend/app/modules/m2_classifier/training/data/visa/visa_029_contrast_adjusted.png,visa,synthetic,visa_029,contrast_adjusted
backend/app/modules/m2_classifier/training/data/visa/visa_029_hue_sat_adjusted.png,visa,synthetic,visa_029,hue_sat_adjusted
backend/app/modules/m2_classifier/training/data/visa/visa_029_scaled_up.png,visa,synthetic,visa_029,scaled_up
backend/app/modules/m2_classifier/training/data/visa/visa_029_scaled_down.png,visa,synthetic,visa_029,scaled_down
backend/app/modules/m2_classifier/training/data/visa/visa_030_base.png,visa,synthetic,visa_030,original
backend/app/modules/m2_classifier/training/data/visa/visa_030_blurred.png,visa,synthetic,visa_030,blurred
backend/app/modules/m2_classifier/training/data/visa/visa_030_contrast_adjusted.png,visa,synthetic,visa_030,contrast_adjusted
backend/app/modules/m2_classifier/training/data/visa/visa_030_hue_sat_adjusted.png,visa,synthetic,visa_030,hue_sat_adjusted
backend/app/modules/m2_classifier/training/data/visa/visa_030_scaled_up.png,visa,synthetic,visa_030,scaled_up
backend/app/modules/m2_classifier/training/data/visa/visa_030_scaled_down.png,visa,synthetic,visa_030,scaled_down
backend/app/modules/m2_classifier/training/data/visa/visa_031_base.png,visa,synthetic,visa_031,original
backend/app/modules/m2_classifier/training/data/visa/visa_031_blurred.png,visa,synthetic,visa_031,blurred
backend/app/modules/m2_classifier/training/data/visa/visa_031_contrast_adjusted.png,visa,synthetic,visa_031,contrast_adjusted
backend/app/modules/m2_classifier/training/data/visa/visa_031_hue_sat_adjusted.png,visa,synthetic,visa_031,hue_sat_adjusted
backend/app/modules/m2_classifier/training/data/visa/visa_031_scaled_up.png,visa,synthetic,visa_031,scaled_up
backend/app/modules/m2_classifier/training/data/visa/visa_031_scaled_down.png,visa,synthetic,visa_031,scaled_down
backend/app/modules/m2_classifier/training/data/visa/visa_032_base.png,visa,synthetic,visa_032,original
backend/app/modules/m2_classifier/training/data/visa/visa_032_blurred.png,visa,synthetic,visa_032,blurred
backend/app/modules/m2_classifier/training/data/visa/visa_032_contrast_adjusted.png,visa,synthetic,visa_032,contrast_adjusted
backend/app/modules/m2_classifier/training/data/visa/visa_032_hue_sat_adjusted.png,visa,synthetic,visa_032,hue_sat_adjusted
backend/app/modules/m2_classifier/training/data/visa/visa_032_scaled_up.png,visa,synthetic,visa_032,scaled_up
backend/app/modules/m2_classifier/training/data/visa/visa_032_scaled_down.png,visa,synthetic,visa_032,scaled_down
backend/app/modules/m2_classifier/training/data/visa/visa_033_base.png,visa,synthetic,visa_033,original
backend/app/modules/m2_classifier/training/data/visa/visa_033_blurred.png,visa,synthetic,visa_033,blurred
backend/app/modules/m2_classifier/training/data/visa/visa_033_contrast_adjusted.png,visa,synthetic,visa_033,contrast_adjusted
backend/app/modules/m2_classifier/training/data/visa/visa_033_hue_sat_adjusted.png,visa,synthetic,visa_033,hue_sat_adjusted
backend/app/modules/m2_classifier/training/data/visa/visa_033_scaled_up.png,visa,synthetic,visa_033,scaled_up
backend/app/modules/m2_classifier/training/data/visa/visa_033_scaled_down.png,visa,synthetic,visa_033,scaled_down
backend/app/modules/m2_classifier/training/data/visa/visa_034_base.png,visa,synthetic,visa_034,original
backend/app/modules/m2_classifier/training/data/visa/visa_034_blurred.png,visa,synthetic,visa_034,blurred
backend/app/modules/m2_classifier/training/data/visa/visa_034_contrast_adjusted.png,visa,synthetic,visa_034,contrast_adjusted
backend/app/modules/m2_classifier/training/data/visa/visa_034_hue_sat_adjusted.png,visa,synthetic,visa_034,hue_sat_adjusted
backend/app/modules/m2_classifier/training/data/visa/visa_034_scaled_up.png,visa,synthetic,visa_034,scaled_up
backend/app/modules/m2_classifier/training/data/visa/visa_034_scaled_down.png,visa,synthetic,visa_034,scaled_down
backend/app/modules/m2_classifier/training/data/visa/visa_035_base.png,visa,synthetic,visa_035,original
backend/app/modules/m2_classifier/training/data/visa/visa_035_blurred.png,visa,synthetic,visa_035,blurred
backend/app/modules/m2_classifier/training/data/visa/visa_035_contrast_adjusted.png,visa,synthetic,visa_035,contrast_adjusted
backend/app/modules/m2_classifier/training/data/visa/visa_035_hue_sat_adjusted.png,visa,synthetic,visa_035,hue_sat_adjusted
backend/app/modules/m2_classifier/training/data/visa/visa_035_scaled_up.png,visa,synthetic,visa_035,scaled_up
backend/app/modules/m2_classifier/training/data/visa/visa_035_scaled_down.png,visa,synthetic,visa_035,scaled_down
backend/app/modules/m2_classifier/training/data/visa/visa_036_base.png,visa,synthetic,visa_036,original
backend/app/modules/m2_classifier/training/data/visa/visa_036_blurred.png,visa,synthetic,visa_036,blurred
backend/app/modules/m2_classifier/training/data/visa/visa_036_contrast_adjusted.png,visa,synthetic,visa_036,contrast_adjusted
backend/app/modules/m2_classifier/training/data/visa/visa_036_hue_sat_adjusted.png,visa,synthetic,visa_036,hue_sat_adjusted
backend/app/modules/m2_classifier/training/data/visa/visa_036_scaled_up.png,visa,synthetic,visa_036,scaled_up
backend/app/modules/m2_classifier/training/data/visa/visa_036_scaled_down.png,visa,synthetic,visa_036,scaled_down
backend/app/modules/m2_classifier/training/data/visa/visa_037_base.png,visa,synthetic,visa_037,original
backend/app/modules/m2_classifier/training/data/visa/visa_037_blurred.png,visa,synthetic,visa_037,blurred
backend/app/modules/m2_classifier/training/data/visa/visa_037_contrast_adjusted.png,visa,synthetic,visa_037,contrast_adjusted
backend/app/modules/m2_classifier/training/data/visa/visa_037_hue_sat_adjusted.png,visa,synthetic,visa_037,hue_sat_adjusted
backend/app/modules/m2_classifier/training/data/visa/visa_037_scaled_up.png,visa,synthetic,visa_037,scaled_up
backend/app/modules/m2_classifier/training/data/visa/visa_037_scaled_down.png,visa,synthetic,visa_037,scaled_down
backend/app/modules/m2_classifier/training/data/visa/visa_038_base.png,visa,synthetic,visa_038,original
backend/app/modules/m2_classifier/training/data/visa/visa_038_blurred.png,visa,synthetic,visa_038,blurred
backend/app/modules/m2_classifier/training/data/visa/visa_038_contrast_adjusted.png,visa,synthetic,visa_038,contrast_adjusted
backend/app/modules/m2_classifier/training/data/visa/visa_038_hue_sat_adjusted.png,visa,synthetic,visa_038,hue_sat_adjusted
backend/app/modules/m2_classifier/training/data/visa/visa_038_scaled_up.png,visa,synthetic,visa_038,scaled_up
backend/app/modules/m2_classifier/training/data/visa/visa_038_scaled_down.png,visa,synthetic,visa_038,scaled_down
backend/app/modules/m2_classifier/training/data/visa/visa_039_base.png,visa,synthetic,visa_039,original
backend/app/modules/m2_classifier/training/data/visa/visa_039_blurred.png,visa,synthetic,visa_039,blurred
backend/app/modules/m2_classifier/training/data/visa/visa_039_contrast_adjusted.png,visa,synthetic,visa_039,contrast_adjusted
backend/app/modules/m2_classifier/training/data/visa/visa_039_hue_sat_adjusted.png,visa,synthetic,visa_039,hue_sat_adjusted
backend/app/modules/m2_classifier/training/data/visa/visa_039_scaled_up.png,visa,synthetic,visa_039,scaled_up
backend/app/modules/m2_classifier/training/data/visa/visa_039_scaled_down.png,visa,synthetic,visa_039,scaled_down
backend/app/modules/m2_classifier/training/data/visa/visa_040_base.png,visa,synthetic,visa_040,original
backend/app/modules/m2_classifier/training/data/visa/visa_040_blurred.png,visa,synthetic,visa_040,blurred
backend/app/modules/m2_classifier/training/data/visa/visa_040_contrast_adjusted.png,visa,synthetic,visa_040,contrast_adjusted
backend/app/modules/m2_classifier/training/data/visa/visa_040_hue_sat_adjusted.png,visa,synthetic,visa_040,hue_sat_adjusted
backend/app/modules/m2_classifier/training/data/visa/visa_040_scaled_up.png,visa,synthetic,visa_040,scaled_up
backend/app/modules/m2_classifier/training/data/visa/visa_040_scaled_down.png,visa,synthetic,visa_040,scaled_down
backend/app/modules/m2_classifier/training/data/visa/visa_041_base.png,visa,synthetic,visa_041,original
backend/app/modules/m2_classifier/training/data/visa/visa_041_blurred.png,visa,synthetic,visa_041,blurred
backend/app/modules/m2_classifier/training/data/visa/visa_041_contrast_adjusted.png,visa,synthetic,visa_041,contrast_adjusted
backend/app/modules/m2_classifier/training/data/visa/visa_041_hue_sat_adjusted.png,visa,synthetic,visa_041,hue_sat_adjusted
backend/app/modules/m2_classifier/training/data/visa/visa_041_scaled_up.png,visa,synthetic,visa_041,scaled_up
backend/app/modules/m2_classifier/training/data/visa/visa_041_scaled_down.png,visa,synthetic,visa_041,scaled_down
backend/app/modules/m2_classifier/training/data/visa/visa_042_base.png,visa,synthetic,visa_042,original
backend/app/modules/m2_classifier/training/data/visa/visa_042_blurred.png,visa,synthetic,visa_042,blurred
backend/app/modules/m2_classifier/training/data/visa/visa_042_contrast_adjusted.png,visa,synthetic,visa_042,contrast_adjusted
backend/app/modules/m2_classifier/training/data/visa/visa_042_hue_sat_adjusted.png,visa,synthetic,visa_042,hue_sat_adjusted
backend/app/modules/m2_classifier/training/data/visa/visa_042_scaled_up.png,visa,synthetic,visa_042,scaled_up
backend/app/modules/m2_classifier/training/data/visa/visa_042_scaled_down.png,visa,synthetic,visa_042,scaled_down
backend/app/modules/m2_classifier/training/data/visa/visa_043_base.png,visa,synthetic,visa_043,original
backend/app/modules/m2_classifier/training/data/visa/visa_043_blurred.png,visa,synthetic,visa_043,blurred
backend/app/modules/m2_classifier/training/data/visa/visa_043_contrast_adjusted.png,visa,synthetic,visa_043,contrast_adjusted
backend/app/modules/m2_classifier/training/data/visa/visa_043_hue_sat_adjusted.png,visa,synthetic,visa_043,hue_sat_adjusted
backend/app/modules/m2_classifier/training/data/visa/visa_043_scaled_up.png,visa,synthetic,visa_043,scaled_up
backend/app/modules/m2_classifier/training/data/visa/visa_043_scaled_down.png,visa,synthetic,visa_043,scaled_down
backend/app/modules/m2_classifier/training/data/visa/visa_044_base.png,visa,synthetic,visa_044,original
backend/app/modules/m2_classifier/training/data/visa/visa_044_blurred.png,visa,synthetic,visa_044,blurred
backend/app/modules/m2_classifier/training/data/visa/visa_044_contrast_adjusted.png,visa,synthetic,visa_044,contrast_adjusted
backend/app/modules/m2_classifier/training/data/visa/visa_044_hue_sat_adjusted.png,visa,synthetic,visa_044,hue_sat_adjusted
backend/app/modules/m2_classifier/training/data/visa/visa_044_scaled_up.png,visa,synthetic,visa_044,scaled_up
backend/app/modules/m2_classifier/training/data/visa/visa_044_scaled_down.png,visa,synthetic,visa_044,scaled_down
backend/app/modules/m2_classifier/training/data/visa/visa_045_base.png,visa,synthetic,visa_045,original
backend/app/modules/m2_classifier/training/data/visa/visa_045_blurred.png,visa,synthetic,visa_045,blurred
backend/app/modules/m2_classifier/training/data/visa/visa_045_contrast_adjusted.png,visa,synthetic,visa_045,contrast_adjusted
backend/app/modules/m2_classifier/training/data/visa/visa_045_hue_sat_adjusted.png,visa,synthetic,visa_045,hue_sat_adjusted
backend/app/modules/m2_classifier/training/data/visa/visa_045_scaled_up.png,visa,synthetic,visa_045,scaled_up
backend/app/modules/m2_classifier/training/data/visa/visa_045_scaled_down.png,visa,synthetic,visa_045,scaled_down
backend/app/modules/m2_classifier/training/data/visa/visa_046_base.png,visa,synthetic,visa_046,original
backend/app/modules/m2_classifier/training/data/visa/visa_046_blurred.png,visa,synthetic,visa_046,blurred
backend/app/modules/m2_classifier/training/data/visa/visa_046_contrast_adjusted.png,visa,synthetic,visa_046,contrast_adjusted
backend/app/modules/m2_classifier/training/data/visa/visa_046_hue_sat_adjusted.png,visa,synthetic,visa_046,hue_sat_adjusted
backend/app/modules/m2_classifier/training/data/visa/visa_046_scaled_up.png,visa,synthetic,visa_046,scaled_up
backend/app/modules/m2_classifier/training/data/visa/visa_046_scaled_down.png,visa,synthetic,visa_046,scaled_down
backend/app/modules/m2_classifier/training/data/visa/visa_047_base.png,visa,synthetic,visa_047,original
backend/app/modules/m2_classifier/training/data/visa/visa_047_blurred.png,visa,synthetic,visa_047,blurred
backend/app/modules/m2_classifier/training/data/visa/visa_047_contrast_adjusted.png,visa,synthetic,visa_047,contrast_adjusted
backend/app/modules/m2_classifier/training/data/visa/visa_047_hue_sat_adjusted.png,visa,synthetic,visa_047,hue_sat_adjusted
backend/app/modules/m2_classifier/training/data/visa/visa_047_scaled_up.png,visa,synthetic,visa_047,scaled_up
backend/app/modules/m2_classifier/training/data/visa/visa_047_scaled_down.png,visa,synthetic,visa_047,scaled_down
backend/app/modules/m2_classifier/training/data/visa/visa_048_base.png,visa,synthetic,visa_048,original
backend/app/modules/m2_classifier/training/data/visa/visa_048_blurred.png,visa,synthetic,visa_048,blurred
backend/app/modules/m2_classifier/training/data/visa/visa_048_contrast_adjusted.png,visa,synthetic,visa_048,contrast_adjusted
backend/app/modules/m2_classifier/training/data/visa/visa_048_hue_sat_adjusted.png,visa,synthetic,visa_048,hue_sat_adjusted
backend/app/modules/m2_classifier/training/data/visa/visa_048_scaled_up.png,visa,synthetic,visa_048,scaled_up
backend/app/modules/m2_classifier/training/data/visa/visa_048_scaled_down.png,visa,synthetic,visa_048,scaled_down
backend/app/modules/m2_classifier/training/data/visa/visa_049_base.png,visa,synthetic,visa_049,original
backend/app/modules/m2_classifier/training/data/visa/visa_049_blurred.png,visa,synthetic,visa_049,blurred
backend/app/modules/m2_classifier/training/data/visa/visa_049_contrast_adjusted.png,visa,synthetic,visa_049,contrast_adjusted
backend/app/modules/m2_classifier/training/data/visa/visa_049_hue_sat_adjusted.png,visa,synthetic,visa_049,hue_sat_adjusted
backend/app/modules/m2_classifier/training/data/visa/visa_049_scaled_up.png,visa,synthetic,visa_049,scaled_up
backend/app/modules/m2_classifier/training/data/visa/visa_049_scaled_down.png,visa,synthetic,visa_049,scaled_down
backend/app/modules/m2_classifier/training/data/visa/visa_050_base.png,visa,synthetic,visa_050,original
backend/app/modules/m2_classifier/training/data/visa/visa_050_blurred.png,visa,synthetic,visa_050,blurred
backend/app/modules/m2_classifier/training/data/visa/visa_050_contrast_adjusted.png,visa,synthetic,visa_050,contrast_adjusted
backend/app/modules/m2_classifier/training/data/visa/visa_050_hue_sat_adjusted.png,visa,synthetic,visa_050,hue_sat_adjusted
backend/app/modules/m2_classifier/training/data/visa/visa_050_scaled_up.png,visa,synthetic,visa_050,scaled_up
backend/app/modules/m2_classifier/training/data/visa/visa_050_scaled_down.png,visa,synthetic,visa_050,scaled_down
backend/app/modules/m2_classifier/training/data/visa/visa_051_base.png,visa,synthetic,visa_051,original
backend/app/modules/m2_classifier/training/data/visa/visa_051_blurred.png,visa,synthetic,visa_051,blurred
backend/app/modules/m2_classifier/training/data/visa/visa_051_contrast_adjusted.png,visa,synthetic,visa_051,contrast_adjusted
backend/app/modules/m2_classifier/training/data/visa/visa_051_hue_sat_adjusted.png,visa,synthetic,visa_051,hue_sat_adjusted
backend/app/modules/m2_classifier/training/data/visa/visa_051_scaled_up.png,visa,synthetic,visa_051,scaled_up
backend/app/modules/m2_classifier/training/data/visa/visa_051_scaled_down.png,visa,synthetic,visa_051,scaled_down
backend/app/modules/m2_classifier/training/data/visa/visa_052_base.png,visa,synthetic,visa_052,original
backend/app/modules/m2_classifier/training/data/visa/visa_052_blurred.png,visa,synthetic,visa_052,blurred
backend/app/modules/m2_classifier/training/data/visa/visa_052_contrast_adjusted.png,visa,synthetic,visa_052,contrast_adjusted
backend/app/modules/m2_classifier/training/data/visa/visa_052_hue_sat_adjusted.png,visa,synthetic,visa_052,hue_sat_adjusted
backend/app/modules/m2_classifier/training/data/visa/visa_052_scaled_up.png,visa,synthetic,visa_052,scaled_up
backend/app/modules/m2_classifier/training/data/visa/visa_052_scaled_down.png,visa,synthetic,visa_052,scaled_down
backend/app/modules/m2_classifier/training/data/visa/visa_053_base.png,visa,synthetic,visa_053,original
backend/app/modules/m2_classifier/training/data/visa/visa_053_blurred.png,visa,synthetic,visa_053,blurred
backend/app/modules/m2_classifier/training/data/visa/visa_053_contrast_adjusted.png,visa,synthetic,visa_053,contrast_adjusted
backend/app/modules/m2_classifier/training/data/visa/visa_053_hue_sat_adjusted.png,visa,synthetic,visa_053,hue_sat_adjusted
backend/app/modules/m2_classifier/training/data/visa/visa_053_scaled_up.png,visa,synthetic,visa_053,scaled_up
backend/app/modules/m2_classifier/training/data/visa/visa_053_scaled_down.png,visa,synthetic,visa_053,scaled_down
backend/app/modules/m2_classifier/training/data/visa/visa_054_base.png,visa,synthetic,visa_054,original
backend/app/modules/m2_classifier/training/data/visa/visa_054_blurred.png,visa,synthetic,visa_054,blurred
backend/app/modules/m2_classifier/training/data/visa/visa_054_contrast_adjusted.png,visa,synthetic,visa_054,contrast_adjusted
backend/app/modules/m2_classifier/training/data/visa/visa_054_hue_sat_adjusted.png,visa,synthetic,visa_054,hue_sat_adjusted
backend/app/modules/m2_classifier/training/data/visa/visa_054_scaled_up.png,visa,synthetic,visa_054,scaled_up
backend/app/modules/m2_classifier/training/data/visa/visa_054_scaled_down.png,visa,synthetic,visa_054,scaled_down
backend/app/modules/m2_classifier/training/data/visa/visa_055_base.png,visa,synthetic,visa_055,original
backend/app/modules/m2_classifier/training/data/visa/visa_055_blurred.png,visa,synthetic,visa_055,blurred
backend/app/modules/m2_classifier/training/data/visa/visa_055_contrast_adjusted.png,visa,synthetic,visa_055,contrast_adjusted
backend/app/modules/m2_classifier/training/data/visa/visa_055_hue_sat_adjusted.png,visa,synthetic,visa_055,hue_sat_adjusted
backend/app/modules/m2_classifier/training/data/visa/visa_055_scaled_up.png,visa,synthetic,visa_055,scaled_up
backend/app/modules/m2_classifier/training/data/visa/visa_055_scaled_down.png,visa,synthetic,visa_055,scaled_down
backend/app/modules/m2_classifier/training/data/visa/visa_056_base.png,visa,synthetic,visa_056,original
backend/app/modules/m2_classifier/training/data/visa/visa_056_blurred.png,visa,synthetic,visa_056,blurred
backend/app/modules/m2_classifier/training/data/visa/visa_056_contrast_adjusted.png,visa,synthetic,visa_056,contrast_adjusted
backend/app/modules/m2_classifier/training/data/visa/visa_056_hue_sat_adjusted.png,visa,synthetic,visa_056,hue_sat_adjusted
backend/app/modules/m2_classifier/training/data/visa/visa_056_scaled_up.png,visa,synthetic,visa_056,scaled_up
backend/app/modules/m2_classifier/training/data/visa/visa_056_scaled_down.png,visa,synthetic,visa_056,scaled_down
backend/app/modules/m2_classifier/training/data/visa/visa_057_base.png,visa,synthetic,visa_057,original
backend/app/modules/m2_classifier/training/data/visa/visa_057_blurred.png,visa,synthetic,visa_057,blurred
backend/app/modules/m2_classifier/training/data/visa/visa_057_contrast_adjusted.png,visa,synthetic,visa_057,contrast_adjusted
backend/app/modules/m2_classifier/training/data/visa/visa_057_hue_sat_adjusted.png,visa,synthetic,visa_057,hue_sat_adjusted
backend/app/modules/m2_classifier/training/data/visa/visa_057_scaled_up.png,visa,synthetic,visa_057,scaled_up
backend/app/modules/m2_classifier/training/data/visa/visa_057_scaled_down.png,visa,synthetic,visa_057,scaled_down
backend/app/modules/m2_classifier/training/data/visa/visa_058_base.png,visa,synthetic,visa_058,original
backend/app/modules/m2_classifier/training/data/visa/visa_058_blurred.png,visa,synthetic,visa_058,blurred
backend/app/modules/m2_classifier/training/data/visa/visa_058_contrast_adjusted.png,visa,synthetic,visa_058,contrast_adjusted
backend/app/modules/m2_classifier/training/data/visa/visa_058_hue_sat_adjusted.png,visa,synthetic,visa_058,hue_sat_adjusted
backend/app/modules/m2_classifier/training/data/visa/visa_058_scaled_up.png,visa,synthetic,visa_058,scaled_up
backend/app/modules/m2_classifier/training/data/visa/visa_058_scaled_down.png,visa,synthetic,visa_058,scaled_down
backend/app/modules/m2_classifier/training/data/visa/visa_059_base.png,visa,synthetic,visa_059,original
backend/app/modules/m2_classifier/training/data/visa/visa_059_blurred.png,visa,synthetic,visa_059,blurred
backend/app/modules/m2_classifier/training/data/visa/visa_059_contrast_adjusted.png,visa,synthetic,visa_059,contrast_adjusted
backend/app/modules/m2_classifier/training/data/visa/visa_059_hue_sat_adjusted.png,visa,synthetic,visa_059,hue_sat_adjusted
backend/app/modules/m2_classifier/training/data/visa/visa_059_scaled_up.png,visa,synthetic,visa_059,scaled_up
backend/app/modules/m2_classifier/training/data/visa/visa_059_scaled_down.png,visa,synthetic,visa_059,scaled_down
backend/app/modules/m2_classifier/training/data/visa/visa_060_base.png,visa,synthetic,visa_060,original
backend/app/modules/m2_classifier/training/data/visa/visa_060_blurred.png,visa,synthetic,visa_060,blurred
backend/app/modules/m2_classifier/training/data/visa/visa_060_contrast_adjusted.png,visa,synthetic,visa_060,contrast_adjusted
backend/app/modules/m2_classifier/training/data/visa/visa_060_hue_sat_adjusted.png,visa,synthetic,visa_060,hue_sat_adjusted
backend/app/modules/m2_classifier/training/data/visa/visa_060_scaled_up.png,visa,synthetic,visa_060,scaled_up
backend/app/modules/m2_classifier/training/data/visa/visa_060_scaled_down.png,visa,synthetic,visa_060,scaled_down
backend/app/modules/m2_classifier/training/data/visa/visa_061_base.png,visa,synthetic,visa_061,original
backend/app/modules/m2_classifier/training/data/visa/visa_061_blurred.png,visa,synthetic,visa_061,blurred
backend/app/modules/m2_classifier/training/data/visa/visa_061_contrast_adjusted.png,visa,synthetic,visa_061,contrast_adjusted
backend/app/modules/m2_classifier/training/data/visa/visa_061_hue_sat_adjusted.png,visa,synthetic,visa_061,hue_sat_adjusted
backend/app/modules/m2_classifier/training/data/visa/visa_061_scaled_up.png,visa,synthetic,visa_061,scaled_up
backend/app/modules/m2_classifier/training/data/visa/visa_061_scaled_down.png,visa,synthetic,visa_061,scaled_down
backend/app/modules/m2_classifier/training/data/visa/visa_062_base.png,visa,synthetic,visa_062,original
backend/app/modules/m2_classifier/training/data/visa/visa_062_blurred.png,visa,synthetic,visa_062,blurred
backend/app/modules/m2_classifier/training/data/visa/visa_062_contrast_adjusted.png,visa,synthetic,visa_062,contrast_adjusted
backend/app/modules/m2_classifier/training/data/visa/visa_062_hue_sat_adjusted.png,visa,synthetic,visa_062,hue_sat_adjusted
backend/app/modules/m2_classifier/training/data/visa/visa_062_scaled_up.png,visa,synthetic,visa_062,scaled_up
backend/app/modules/m2_classifier/training/data/visa/visa_062_scaled_down.png,visa,synthetic,visa_062,scaled_down
backend/app/modules/m2_classifier/training/data/visa/visa_063_base.png,visa,synthetic,visa_063,original
backend/app/modules/m2_classifier/training/data/visa/visa_063_blurred.png,visa,synthetic,visa_063,blurred
backend/app/modules/m2_classifier/training/data/visa/visa_063_contrast_adjusted.png,visa,synthetic,visa_063,contrast_adjusted
backend/app/modules/m2_classifier/training/data/visa/visa_063_hue_sat_adjusted.png,visa,synthetic,visa_063,hue_sat_adjusted
backend/app/modules/m2_classifier/training/data/visa/visa_063_scaled_up.png,visa,synthetic,visa_063,scaled_up
backend/app/modules/m2_classifier/training/data/visa/visa_063_scaled_down.png,visa,synthetic,visa_063,scaled_down
backend/app/modules/m2_classifier/training/data/visa/visa_064_base.png,visa,synthetic,visa_064,original
backend/app/modules/m2_classifier/training/data/visa/visa_064_blurred.png,visa,synthetic,visa_064,blurred
backend/app/modules/m2_classifier/training/data/visa/visa_064_contrast_adjusted.png,visa,synthetic,visa_064,contrast_adjusted
backend/app/modules/m2_classifier/training/data/visa/visa_064_hue_sat_adjusted.png,visa,synthetic,visa_064,hue_sat_adjusted
backend/app/modules/m2_classifier/training/data/visa/visa_064_scaled_up.png,visa,synthetic,visa_064,scaled_up
backend/app/modules/m2_classifier/training/data/visa/visa_064_scaled_down.png,visa,synthetic,visa_064,scaled_down
backend/app/modules/m2_classifier/training/data/visa/visa_065_base.png,visa,synthetic,visa_065,original
backend/app/modules/m2_classifier/training/data/visa/visa_065_blurred.png,visa,synthetic,visa_065,blurred
backend/app/modules/m2_classifier/training/data/visa/visa_065_contrast_adjusted.png,visa,synthetic,visa_065,contrast_adjusted
backend/app/modules/m2_classifier/training/data/visa/visa_065_hue_sat_adjusted.png,visa,synthetic,visa_065,hue_sat_adjusted
backend/app/modules/m2_classifier/training/data/visa/visa_065_scaled_up.png,visa,synthetic,visa_065,scaled_up
backend/app/modules/m2_classifier/training/data/visa/visa_065_scaled_down.png,visa,synthetic,visa_065,scaled_down
backend/app/modules/m2_classifier/training/data/visa/visa_066_base.png,visa,synthetic,visa_066,original
backend/app/modules/m2_classifier/training/data/visa/visa_066_blurred.png,visa,synthetic,visa_066,blurred
backend/app/modules/m2_classifier/training/data/visa/visa_066_contrast_adjusted.png,visa,synthetic,visa_066,contrast_adjusted
backend/app/modules/m2_classifier/training/data/visa/visa_066_hue_sat_adjusted.png,visa,synthetic,visa_066,hue_sat_adjusted
backend/app/modules/m2_classifier/training/data/visa/visa_066_scaled_up.png,visa,synthetic,visa_066,scaled_up
backend/app/modules/m2_classifier/training/data/visa/visa_066_scaled_down.png,visa,synthetic,visa_066,scaled_down
backend/app/modules/m2_classifier/training/data/visa/visa_067_base.png,visa,synthetic,visa_067,original
backend/app/modules/m2_classifier/training/data/visa/visa_067_blurred.png,visa,synthetic,visa_067,blurred
backend/app/modules/m2_classifier/training/data/visa/visa_067_contrast_adjusted.png,visa,synthetic,visa_067,contrast_adjusted
backend/app/modules/m2_classifier/training/data/visa/visa_067_hue_sat_adjusted.png,visa,synthetic,visa_067,hue_sat_adjusted
backend/app/modules/m2_classifier/training/data/visa/visa_067_scaled_up.png,visa,synthetic,visa_067,scaled_up
backend/app/modules/m2_classifier/training/data/visa/visa_067_scaled_down.png,visa,synthetic,visa_067,scaled_down
backend/app/modules/m2_classifier/training/data/visa/visa_068_base.png,visa,synthetic,visa_068,original
backend/app/modules/m2_classifier/training/data/visa/visa_068_blurred.png,visa,synthetic,visa_068,blurred
backend/app/modules/m2_classifier/training/data/visa/visa_068_contrast_adjusted.png,visa,synthetic,visa_068,contrast_adjusted
backend/app/modules/m2_classifier/training/data/visa/visa_068_hue_sat_adjusted.png,visa,synthetic,visa_068,hue_sat_adjusted
backend/app/modules/m2_classifier/training/data/visa/visa_068_scaled_up.png,visa,synthetic,visa_068,scaled_up
backend/app/modules/m2_classifier/training/data/visa/visa_068_scaled_down.png,visa,synthetic,visa_068,scaled_down
backend/app/modules/m2_classifier/training/data/visa/visa_069_base.png,visa,synthetic,visa_069,original
backend/app/modules/m2_classifier/training/data/visa/visa_069_blurred.png,visa,synthetic,visa_069,blurred
backend/app/modules/m2_classifier/training/data/visa/visa_069_contrast_adjusted.png,visa,synthetic,visa_069,contrast_adjusted
backend/app/modules/m2_classifier/training/data/visa/visa_069_hue_sat_adjusted.png,visa,synthetic,visa_069,hue_sat_adjusted
backend/app/modules/m2_classifier/training/data/visa/visa_069_scaled_up.png,visa,synthetic,visa_069,scaled_up
backend/app/modules/m2_classifier/training/data/visa/visa_069_scaled_down.png,visa,synthetic,visa_069,scaled_down
backend/app/modules/m2_classifier/training/data/visa/visa_070_base.png,visa,synthetic,visa_070,original
backend/app/modules/m2_classifier/training/data/visa/visa_070_blurred.png,visa,synthetic,visa_070,blurred
backend/app/modules/m2_classifier/training/data/visa/visa_070_contrast_adjusted.png,visa,synthetic,visa_070,contrast_adjusted
backend/app/modules/m2_classifier/training/data/visa/visa_070_hue_sat_adjusted.png,visa,synthetic,visa_070,hue_sat_adjusted
backend/app/modules/m2_classifier/training/data/visa/visa_070_scaled_up.png,visa,synthetic,visa_070,scaled_up
backend/app/modules/m2_classifier/training/data/visa/visa_070_scaled_down.png,visa,synthetic,visa_070,scaled_down
backend/app/modules/m2_classifier/training/data/visa/visa_071_base.png,visa,synthetic,visa_071,original
backend/app/modules/m2_classifier/training/data/visa/visa_071_blurred.png,visa,synthetic,visa_071,blurred
backend/app/modules/m2_classifier/training/data/visa/visa_071_contrast_adjusted.png,visa,synthetic,visa_071,contrast_adjusted
backend/app/modules/m2_classifier/training/data/visa/visa_071_hue_sat_adjusted.png,visa,synthetic,visa_071,hue_sat_adjusted
backend/app/modules/m2_classifier/training/data/visa/visa_071_scaled_up.png,visa,synthetic,visa_071,scaled_up
backend/app/modules/m2_classifier/training/data/visa/visa_071_scaled_down.png,visa,synthetic,visa_071,scaled_down
backend/app/modules/m2_classifier/training/data/visa/visa_072_base.png,visa,synthetic,visa_072,original
backend/app/modules/m2_classifier/training/data/visa/visa_072_blurred.png,visa,synthetic,visa_072,blurred
backend/app/modules/m2_classifier/training/data/visa/visa_072_contrast_adjusted.png,visa,synthetic,visa_072,contrast_adjusted
backend/app/modules/m2_classifier/training/data/visa/visa_072_hue_sat_adjusted.png,visa,synthetic,visa_072,hue_sat_adjusted
backend/app/modules/m2_classifier/training/data/visa/visa_072_scaled_up.png,visa,synthetic,visa_072,scaled_up
backend/app/modules/m2_classifier/training/data/visa/visa_072_scaled_down.png,visa,synthetic,visa_072,scaled_down
backend/app/modules/m2_classifier/training/data/visa/visa_073_base.png,visa,synthetic,visa_073,original
backend/app/modules/m2_classifier/training/data/visa/visa_073_blurred.png,visa,synthetic,visa_073,blurred
backend/app/modules/m2_classifier/training/data/visa/visa_073_contrast_adjusted.png,visa,synthetic,visa_073,contrast_adjusted
backend/app/modules/m2_classifier/training/data/visa/visa_073_hue_sat_adjusted.png,visa,synthetic,visa_073,hue_sat_adjusted
backend/app/modules/m2_classifier/training/data/visa/visa_073_scaled_up.png,visa,synthetic,visa_073,scaled_up
backend/app/modules/m2_classifier/training/data/visa/visa_073_scaled_down.png,visa,synthetic,visa_073,scaled_down
backend/app/modules/m2_classifier/training/data/visa/visa_074_base.png,visa,synthetic,visa_074,original
backend/app/modules/m2_classifier/training/data/visa/visa_074_blurred.png,visa,synthetic,visa_074,blurred
backend/app/modules/m2_classifier/training/data/visa/visa_074_contrast_adjusted.png,visa,synthetic,visa_074,contrast_adjusted
backend/app/modules/m2_classifier/training/data/visa/visa_074_hue_sat_adjusted.png,visa,synthetic,visa_074,hue_sat_adjusted
backend/app/modules/m2_classifier/training/data/visa/visa_074_scaled_up.png,visa,synthetic,visa_074,scaled_up
backend/app/modules/m2_classifier/training/data/visa/visa_074_scaled_down.png,visa,synthetic,visa_074,scaled_down
backend/app/modules/m2_classifier/training/data/visa/visa_075_base.png,visa,synthetic,visa_075,original
backend/app/modules/m2_classifier/training/data/visa/visa_075_blurred.png,visa,synthetic,visa_075,blurred
backend/app/modules/m2_classifier/training/data/visa/visa_075_contrast_adjusted.png,visa,synthetic,visa_075,contrast_adjusted
backend/app/modules/m2_classifier/training/data/visa/visa_075_hue_sat_adjusted.png,visa,synthetic,visa_075,hue_sat_adjusted
backend/app/modules/m2_classifier/training/data/visa/visa_075_scaled_up.png,visa,synthetic,visa_075,scaled_up
backend/app/modules/m2_classifier/training/data/visa/visa_075_scaled_down.png,visa,synthetic,visa_075,scaled_down
backend/app/modules/m2_classifier/training/data/visa/visa_076_base.png,visa,synthetic,visa_076,original
backend/app/modules/m2_classifier/training/data/visa/visa_076_blurred.png,visa,synthetic,visa_076,blurred
backend/app/modules/m2_classifier/training/data/visa/visa_076_contrast_adjusted.png,visa,synthetic,visa_076,contrast_adjusted
backend/app/modules/m2_classifier/training/data/visa/visa_076_hue_sat_adjusted.png,visa,synthetic,visa_076,hue_sat_adjusted
backend/app/modules/m2_classifier/training/data/visa/visa_076_scaled_up.png,visa,synthetic,visa_076,scaled_up
backend/app/modules/m2_classifier/training/data/visa/visa_076_scaled_down.png,visa,synthetic,visa_076,scaled_down
backend/app/modules/m2_classifier/training/data/visa/visa_077_base.png,visa,synthetic,visa_077,original
backend/app/modules/m2_classifier/training/data/visa/visa_077_blurred.png,visa,synthetic,visa_077,blurred
backend/app/modules/m2_classifier/training/data/visa/visa_077_contrast_adjusted.png,visa,synthetic,visa_077,contrast_adjusted
backend/app/modules/m2_classifier/training/data/visa/visa_077_hue_sat_adjusted.png,visa,synthetic,visa_077,hue_sat_adjusted
backend/app/modules/m2_classifier/training/data/visa/visa_077_scaled_up.png,visa,synthetic,visa_077,scaled_up
backend/app/modules/m2_classifier/training/data/visa/visa_077_scaled_down.png,visa,synthetic,visa_077,scaled_down
backend/app/modules/m2_classifier/training/data/visa/visa_078_base.png,visa,synthetic,visa_078,original
backend/app/modules/m2_classifier/training/data/visa/visa_078_blurred.png,visa,synthetic,visa_078,blurred
backend/app/modules/m2_classifier/training/data/visa/visa_078_contrast_adjusted.png,visa,synthetic,visa_078,contrast_adjusted
backend/app/modules/m2_classifier/training/data/visa/visa_078_hue_sat_adjusted.png,visa,synthetic,visa_078,hue_sat_adjusted
backend/app/modules/m2_classifier/training/data/visa/visa_078_scaled_up.png,visa,synthetic,visa_078,scaled_up
backend/app/modules/m2_classifier/training/data/visa/visa_078_scaled_down.png,visa,synthetic,visa_078,scaled_down
backend/app/modules/m2_classifier/training/data/visa/visa_079_base.png,visa,synthetic,visa_079,original
backend/app/modules/m2_classifier/training/data/visa/visa_079_blurred.png,visa,synthetic,visa_079,blurred
backend/app/modules/m2_classifier/training/data/visa/visa_079_contrast_adjusted.png,visa,synthetic,visa_079,contrast_adjusted
backend/app/modules/m2_classifier/training/data/visa/visa_079_hue_sat_adjusted.png,visa,synthetic,visa_079,hue_sat_adjusted
backend/app/modules/m2_classifier/training/data/visa/visa_079_scaled_up.png,visa,synthetic,visa_079,scaled_up
backend/app/modules/m2_classifier/training/data/visa/visa_079_scaled_down.png,visa,synthetic,visa_079,scaled_down
backend/app/modules/m2_classifier/training/data/visa/visa_080_base.png,visa,synthetic,visa_080,original
backend/app/modules/m2_classifier/training/data/visa/visa_080_blurred.png,visa,synthetic,visa_080,blurred
backend/app/modules/m2_classifier/training/data/visa/visa_080_contrast_adjusted.png,visa,synthetic,visa_080,contrast_adjusted
backend/app/modules/m2_classifier/training/data/visa/visa_080_hue_sat_adjusted.png,visa,synthetic,visa_080,hue_sat_adjusted
backend/app/modules/m2_classifier/training/data/visa/visa_080_scaled_up.png,visa,synthetic,visa_080,scaled_up
backend/app/modules/m2_classifier/training/data/visa/visa_080_scaled_down.png,visa,synthetic,visa_080,scaled_down
backend/app/modules/m2_classifier/training/data/visa/visa_081_base.png,visa,synthetic,visa_081,original
backend/app/modules/m2_classifier/training/data/visa/visa_081_blurred.png,visa,synthetic,visa_081,blurred
backend/app/modules/m2_classifier/training/data/visa/visa_081_contrast_adjusted.png,visa,synthetic,visa_081,contrast_adjusted
backend/app/modules/m2_classifier/training/data/visa/visa_081_hue_sat_adjusted.png,visa,synthetic,visa_081,hue_sat_adjusted
backend/app/modules/m2_classifier/training/data/visa/visa_081_scaled_up.png,visa,synthetic,visa_081,scaled_up
backend/app/modules/m2_classifier/training/data/visa/visa_081_scaled_down.png,visa,synthetic,visa_081,scaled_down
backend/app/modules/m2_classifier/training/data/visa/visa_082_base.png,visa,synthetic,visa_082,original
backend/app/modules/m2_classifier/training/data/visa/visa_082_blurred.png,visa,synthetic,visa_082,blurred
backend/app/modules/m2_classifier/training/data/visa/visa_082_contrast_adjusted.png,visa,synthetic,visa_082,contrast_adjusted
backend/app/modules/m2_classifier/training/data/visa/visa_082_hue_sat_adjusted.png,visa,synthetic,visa_082,hue_sat_adjusted
backend/app/modules/m2_classifier/training/data/visa/visa_082_scaled_up.png,visa,synthetic,visa_082,scaled_up
backend/app/modules/m2_classifier/training/data/visa/visa_082_scaled_down.png,visa,synthetic,visa_082,scaled_down
backend/app/modules/m2_classifier/training/data/visa/visa_083_base.png,visa,synthetic,visa_083,original
backend/app/modules/m2_classifier/training/data/visa/visa_083_blurred.png,visa,synthetic,visa_083,blurred
backend/app/modules/m2_classifier/training/data/visa/visa_083_contrast_adjusted.png,visa,synthetic,visa_083,contrast_adjusted
backend/app/modules/m2_classifier/training/data/visa/visa_083_hue_sat_adjusted.png,visa,synthetic,visa_083,hue_sat_adjusted
backend/app/modules/m2_classifier/training/data/visa/visa_083_scaled_up.png,visa,synthetic,visa_083,scaled_up
backend/app/modules/m2_classifier/training/data/visa/visa_083_scaled_down.png,visa,synthetic,visa_083,scaled_down
backend/app/modules/m2_classifier/training/data/visa/visa_084_base.png,visa,synthetic,visa_084,original
backend/app/modules/m2_classifier/training/data/visa/visa_084_blurred.png,visa,synthetic,visa_084,blurred
backend/app/modules/m2_classifier/training/data/visa/visa_084_contrast_adjusted.png,visa,synthetic,visa_084,contrast_adjusted
backend/app/modules/m2_classifier/training/data/visa/visa_084_hue_sat_adjusted.png,visa,synthetic,visa_084,hue_sat_adjusted
backend/app/modules/m2_classifier/training/data/visa/visa_084_scaled_up.png,visa,synthetic,visa_084,scaled_up
backend/app/modules/m2_classifier/training/data/visa/visa_084_scaled_down.png,visa,synthetic,visa_084,scaled_down
backend/app/modules/m2_classifier/training/data/visa/visa_085_base.png,visa,synthetic,visa_085,original
backend/app/modules/m2_classifier/training/data/visa/visa_085_blurred.png,visa,synthetic,visa_085,blurred
backend/app/modules/m2_classifier/training/data/visa/visa_085_contrast_adjusted.png,visa,synthetic,visa_085,contrast_adjusted
backend/app/modules/m2_classifier/training/data/visa/visa_085_hue_sat_adjusted.png,visa,synthetic,visa_085,hue_sat_adjusted
backend/app/modules/m2_classifier/training/data/visa/visa_085_scaled_up.png,visa,synthetic,visa_085,scaled_up
backend/app/modules/m2_classifier/training/data/visa/visa_085_scaled_down.png,visa,synthetic,visa_085,scaled_down
backend/app/modules/m2_classifier/training/data/visa/visa_086_base.png,visa,synthetic,visa_086,original
backend/app/modules/m2_classifier/training/data/visa/visa_086_blurred.png,visa,synthetic,visa_086,blurred
backend/app/modules/m2_classifier/training/data/visa/visa_086_contrast_adjusted.png,visa,synthetic,visa_086,contrast_adjusted
backend/app/modules/m2_classifier/training/data/visa/visa_086_hue_sat_adjusted.png,visa,synthetic,visa_086,hue_sat_adjusted
backend/app/modules/m2_classifier/training/data/visa/visa_086_scaled_up.png,visa,synthetic,visa_086,scaled_up
backend/app/modules/m2_classifier/training/data/visa/visa_086_scaled_down.png,visa,synthetic,visa_086,scaled_down
backend/app/modules/m2_classifier/training/data/visa/visa_087_base.png,visa,synthetic,visa_087,original
backend/app/modules/m2_classifier/training/data/visa/visa_087_blurred.png,visa,synthetic,visa_087,blurred
backend/app/modules/m2_classifier/training/data/visa/visa_087_contrast_adjusted.png,visa,synthetic,visa_087,contrast_adjusted
backend/app/modules/m2_classifier/training/data/visa/visa_087_hue_sat_adjusted.png,visa,synthetic,visa_087,hue_sat_adjusted
backend/app/modules/m2_classifier/training/data/visa/visa_087_scaled_up.png,visa,synthetic,visa_087,scaled_up
backend/app/modules/m2_classifier/training/data/visa/visa_087_scaled_down.png,visa,synthetic,visa_087,scaled_down
backend/app/modules/m2_classifier/training/data/visa/visa_088_base.png,visa,synthetic,visa_088,original
backend/app/modules/m2_classifier/training/data/visa/visa_088_blurred.png,visa,synthetic,visa_088,blurred
backend/app/modules/m2_classifier/training/data/visa/visa_088_contrast_adjusted.png,visa,synthetic,visa_088,contrast_adjusted
backend/app/modules/m2_classifier/training/data/visa/visa_088_hue_sat_adjusted.png,visa,synthetic,visa_088,hue_sat_adjusted
backend/app/modules/m2_classifier/training/data/visa/visa_088_scaled_up.png,visa,synthetic,visa_088,scaled_up
backend/app/modules/m2_classifier/training/data/visa/visa_088_scaled_down.png,visa,synthetic,visa_088,scaled_down
backend/app/modules/m2_classifier/training/data/visa/visa_089_base.png,visa,synthetic,visa_089,original
backend/app/modules/m2_classifier/training/data/visa/visa_089_blurred.png,visa,synthetic,visa_089,blurred
backend/app/modules/m2_classifier/training/data/visa/visa_089_contrast_adjusted.png,visa,synthetic,visa_089,contrast_adjusted
backend/app/modules/m2_classifier/training/data/visa/visa_089_hue_sat_adjusted.png,visa,synthetic,visa_089,hue_sat_adjusted
backend/app/modules/m2_classifier/training/data/visa/visa_089_scaled_up.png,visa,synthetic,visa_089,scaled_up
backend/app/modules/m2_classifier/training/data/visa/visa_089_scaled_down.png,visa,synthetic,visa_089,scaled_down
backend/app/modules/m2_classifier/training/data/visa/visa_090_base.png,visa,synthetic,visa_090,original
backend/app/modules/m2_classifier/training/data/visa/visa_090_blurred.png,visa,synthetic,visa_090,blurred
backend/app/modules/m2_classifier/training/data/visa/visa_090_contrast_adjusted.png,visa,synthetic,visa_090,contrast_adjusted
backend/app/modules/m2_classifier/training/data/visa/visa_090_hue_sat_adjusted.png,visa,synthetic,visa_090,hue_sat_adjusted
backend/app/modules/m2_classifier/training/data/visa/visa_090_scaled_up.png,visa,synthetic,visa_090,scaled_up
backend/app/modules/m2_classifier/training/data/visa/visa_090_scaled_down.png,visa,synthetic,visa_090,scaled_down
backend/app/modules/m2_classifier/training/data/visa/visa_091_base.png,visa,synthetic,visa_091,original
backend/app/modules/m2_classifier/training/data/visa/visa_091_blurred.png,visa,synthetic,visa_091,blurred
backend/app/modules/m2_classifier/training/data/visa/visa_091_contrast_adjusted.png,visa,synthetic,visa_091,contrast_adjusted
backend/app/modules/m2_classifier/training/data/visa/visa_091_hue_sat_adjusted.png,visa,synthetic,visa_091,hue_sat_adjusted
backend/app/modules/m2_classifier/training/data/visa/visa_091_scaled_up.png,visa,synthetic,visa_091,scaled_up
backend/app/modules/m2_classifier/training/data/visa/visa_091_scaled_down.png,visa,synthetic,visa_091,scaled_down
backend/app/modules/m2_classifier/training/data/visa/visa_092_base.png,visa,synthetic,visa_092,original
backend/app/modules/m2_classifier/training/data/visa/visa_092_blurred.png,visa,synthetic,visa_092,blurred
backend/app/modules/m2_classifier/training/data/visa/visa_092_contrast_adjusted.png,visa,synthetic,visa_092,contrast_adjusted
backend/app/modules/m2_classifier/training/data/visa/visa_092_hue_sat_adjusted.png,visa,synthetic,visa_092,hue_sat_adjusted
backend/app/modules/m2_classifier/training/data/visa/visa_092_scaled_up.png,visa,synthetic,visa_092,scaled_up
backend/app/modules/m2_classifier/training/data/visa/visa_092_scaled_down.png,visa,synthetic,visa_092,scaled_down
backend/app/modules/m2_classifier/training/data/visa/visa_093_base.png,visa,synthetic,visa_093,original
backend/app/modules/m2_classifier/training/data/visa/visa_093_blurred.png,visa,synthetic,visa_093,blurred
backend/app/modules/m2_classifier/training/data/visa/visa_093_contrast_adjusted.png,visa,synthetic,visa_093,contrast_adjusted
backend/app/modules/m2_classifier/training/data/visa/visa_093_hue_sat_adjusted.png,visa,synthetic,visa_093,hue_sat_adjusted
backend/app/modules/m2_classifier/training/data/visa/visa_093_scaled_up.png,visa,synthetic,visa_093,scaled_up
backend/app/modules/m2_classifier/training/data/visa/visa_093_scaled_down.png,visa,synthetic,visa_093,scaled_down
backend/app/modules/m2_classifier/training/data/visa/visa_094_base.png,visa,synthetic,visa_094,original
backend/app/modules/m2_classifier/training/data/visa/visa_094_blurred.png,visa,synthetic,visa_094,blurred
backend/app/modules/m2_classifier/training/data/visa/visa_094_contrast_adjusted.png,visa,synthetic,visa_094,contrast_adjusted
backend/app/modules/m2_classifier/training/data/visa/visa_094_hue_sat_adjusted.png,visa,synthetic,visa_094,hue_sat_adjusted
backend/app/modules/m2_classifier/training/data/visa/visa_094_scaled_up.png,visa,synthetic,visa_094,scaled_up
backend/app/modules/m2_classifier/training/data/visa/visa_094_scaled_down.png,visa,synthetic,visa_094,scaled_down
backend/app/modules/m2_classifier/training/data/visa/visa_095_base.png,visa,synthetic,visa_095,original
backend/app/modules/m2_classifier/training/data/visa/visa_095_blurred.png,visa,synthetic,visa_095,blurred
backend/app/modules/m2_classifier/training/data/visa/visa_095_contrast_adjusted.png,visa,synthetic,visa_095,contrast_adjusted
backend/app/modules/m2_classifier/training/data/visa/visa_095_hue_sat_adjusted.png,visa,synthetic,visa_095,hue_sat_adjusted
backend/app/modules/m2_classifier/training/data/visa/visa_095_scaled_up.png,visa,synthetic,visa_095,scaled_up
backend/app/modules/m2_classifier/training/data/visa/visa_095_scaled_down.png,visa,synthetic,visa_095,scaled_down
backend/app/modules/m2_classifier/training/data/visa/visa_096_base.png,visa,synthetic,visa_096,original
backend/app/modules/m2_classifier/training/data/visa/visa_096_blurred.png,visa,synthetic,visa_096,blurred
backend/app/modules/m2_classifier/training/data/visa/visa_096_contrast_adjusted.png,visa,synthetic,visa_096,contrast_adjusted
backend/app/modules/m2_classifier/training/data/visa/visa_096_hue_sat_adjusted.png,visa,synthetic,visa_096,hue_sat_adjusted
backend/app/modules/m2_classifier/training/data/visa/visa_096_scaled_up.png,visa,synthetic,visa_096,scaled_up
backend/app/modules/m2_classifier/training/data/visa/visa_096_scaled_down.png,visa,synthetic,visa_096,scaled_down
backend/app/modules/m2_classifier/training/data/visa/visa_097_base.png,visa,synthetic,visa_097,original
backend/app/modules/m2_classifier/training/data/visa/visa_097_blurred.png,visa,synthetic,visa_097,blurred
backend/app/modules/m2_classifier/training/data/visa/visa_097_contrast_adjusted.png,visa,synthetic,visa_097,contrast_adjusted
backend/app/modules/m2_classifier/training/data/visa/visa_097_hue_sat_adjusted.png,visa,synthetic,visa_097,hue_sat_adjusted
backend/app/modules/m2_classifier/training/data/visa/visa_097_scaled_up.png,visa,synthetic,visa_097,scaled_up
backend/app/modules/m2_classifier/training/data/visa/visa_097_scaled_down.png,visa,synthetic,visa_097,scaled_down
backend/app/modules/m2_classifier/training/data/visa/visa_098_base.png,visa,synthetic,visa_098,original
backend/app/modules/m2_classifier/training/data/visa/visa_098_blurred.png,visa,synthetic,visa_098,blurred
backend/app/modules/m2_classifier/training/data/visa/visa_098_contrast_adjusted.png,visa,synthetic,visa_098,contrast_adjusted
backend/app/modules/m2_classifier/training/data/visa/visa_098_hue_sat_adjusted.png,visa,synthetic,visa_098,hue_sat_adjusted
backend/app/modules/m2_classifier/training/data/visa/visa_098_scaled_up.png,visa,synthetic,visa_098,scaled_up
backend/app/modules/m2_classifier/training/data/visa/visa_098_scaled_down.png,visa,synthetic,visa_098,scaled_down
backend/app/modules/m2_classifier/training/data/visa/visa_099_base.png,visa,synthetic,visa_099,original
backend/app/modules/m2_classifier/training/data/visa/visa_099_blurred.png,visa,synthetic,visa_099,blurred
backend/app/modules/m2_classifier/training/data/visa/visa_099_contrast_adjusted.png,visa,synthetic,visa_099,contrast_adjusted
backend/app/modules/m2_classifier/training/data/visa/visa_099_hue_sat_adjusted.png,visa,synthetic,visa_099,hue_sat_adjusted
backend/app/modules/m2_classifier/training/data/visa/visa_099_scaled_up.png,visa,synthetic,visa_099,scaled_up
backend/app/modules/m2_classifier/training/data/visa/visa_099_scaled_down.png,visa,synthetic,visa_099,scaled_down
backend/app/modules/m2_classifier/training/data/visa/visa_100_base.png,visa,synthetic,visa_100,original
backend/app/modules/m2_classifier/training/data/visa/visa_100_blurred.png,visa,synthetic,visa_100,blurred
backend/app/modules/m2_classifier/training/data/visa/visa_100_contrast_adjusted.png,visa,synthetic,visa_100,contrast_adjusted
backend/app/modules/m2_classifier/training/data/visa/visa_100_hue_sat_adjusted.png,visa,synthetic,visa_100,hue_sat_adjusted
backend/app/modules/m2_classifier/training/data/visa/visa_100_scaled_up.png,visa,synthetic,visa_100,scaled_up
backend/app/modules/m2_classifier/training/data/visa/visa_100_scaled_down.png,visa,synthetic,visa_100,scaled_down
backend/app/modules/m2_classifier/training/data/visa/visa_101_base.png,visa,synthetic,visa_101,original
backend/app/modules/m2_classifier/training/data/visa/visa_101_blurred.png,visa,synthetic,visa_101,blurred
backend/app/modules/m2_classifier/training/data/visa/visa_101_contrast_adjusted.png,visa,synthetic,visa_101,contrast_adjusted
backend/app/modules/m2_classifier/training/data/visa/visa_101_hue_sat_adjusted.png,visa,synthetic,visa_101,hue_sat_adjusted
backend/app/modules/m2_classifier/training/data/visa/visa_101_scaled_up.png,visa,synthetic,visa_101,scaled_up
backend/app/modules/m2_classifier/training/data/visa/visa_101_scaled_down.png,visa,synthetic,visa_101,scaled_down
backend/app/modules/m2_classifier/training/data/visa/visa_102_base.png,visa,synthetic,visa_102,original
backend/app/modules/m2_classifier/training/data/visa/visa_102_blurred.png,visa,synthetic,visa_102,blurred
backend/app/modules/m2_classifier/training/data/visa/visa_102_contrast_adjusted.png,visa,synthetic,visa_102,contrast_adjusted
backend/app/modules/m2_classifier/training/data/visa/visa_102_hue_sat_adjusted.png,visa,synthetic,visa_102,hue_sat_adjusted
backend/app/modules/m2_classifier/training/data/visa/visa_102_scaled_up.png,visa,synthetic,visa_102,scaled_up
backend/app/modules/m2_classifier/training/data/visa/visa_102_scaled_down.png,visa,synthetic,visa_102,scaled_down
backend/app/modules/m2_classifier/training/data/visa/visa_103_base.png,visa,synthetic,visa_103,original
backend/app/modules/m2_classifier/training/data/visa/visa_103_blurred.png,visa,synthetic,visa_103,blurred
backend/app/modules/m2_classifier/training/data/visa/visa_103_contrast_adjusted.png,visa,synthetic,visa_103,contrast_adjusted
backend/app/modules/m2_classifier/training/data/visa/visa_103_hue_sat_adjusted.png,visa,synthetic,visa_103,hue_sat_adjusted
backend/app/modules/m2_classifier/training/data/visa/visa_103_scaled_up.png,visa,synthetic,visa_103,scaled_up
backend/app/modules/m2_classifier/training/data/visa/visa_103_scaled_down.png,visa,synthetic,visa_103,scaled_down
backend/app/modules/m2_classifier/training/data/visa/visa_104_base.png,visa,synthetic,visa_104,original
backend/app/modules/m2_classifier/training/data/visa/visa_104_blurred.png,visa,synthetic,visa_104,blurred
backend/app/modules/m2_classifier/training/data/visa/visa_104_contrast_adjusted.png,visa,synthetic,visa_104,contrast_adjusted
backend/app/modules/m2_classifier/training/data/visa/visa_104_hue_sat_adjusted.png,visa,synthetic,visa_104,hue_sat_adjusted
backend/app/modules/m2_classifier/training/data/visa/visa_104_scaled_up.png,visa,synthetic,visa_104,scaled_up
backend/app/modules/m2_classifier/training/data/visa/visa_104_scaled_down.png,visa,synthetic,visa_104,scaled_down
backend/app/modules/m2_classifier/training/data/visa/visa_105_base.png,visa,synthetic,visa_105,original
backend/app/modules/m2_classifier/training/data/visa/visa_105_blurred.png,visa,synthetic,visa_105,blurred
backend/app/modules/m2_classifier/training/data/visa/visa_105_contrast_adjusted.png,visa,synthetic,visa_105,contrast_adjusted
backend/app/modules/m2_classifier/training/data/visa/visa_105_hue_sat_adjusted.png,visa,synthetic,visa_105,hue_sat_adjusted
backend/app/modules/m2_classifier/training/data/visa/visa_105_scaled_up.png,visa,synthetic,visa_105,scaled_up
backend/app/modules/m2_classifier/training/data/visa/visa_105_scaled_down.png,visa,synthetic,visa_105,scaled_down
backend/app/modules/m2_classifier/training/data/visa/visa_106_base.png,visa,synthetic,visa_106,original
backend/app/modules/m2_classifier/training/data/visa/visa_106_blurred.png,visa,synthetic,visa_106,blurred
backend/app/modules/m2_classifier/training/data/visa/visa_106_contrast_adjusted.png,visa,synthetic,visa_106,contrast_adjusted
backend/app/modules/m2_classifier/training/data/visa/visa_106_hue_sat_adjusted.png,visa,synthetic,visa_106,hue_sat_adjusted
backend/app/modules/m2_classifier/training/data/visa/visa_106_scaled_up.png,visa,synthetic,visa_106,scaled_up
backend/app/modules/m2_classifier/training/data/visa/visa_106_scaled_down.png,visa,synthetic,visa_106,scaled_down
backend/app/modules/m2_classifier/training/data/visa/visa_107_base.png,visa,synthetic,visa_107,original
backend/app/modules/m2_classifier/training/data/visa/visa_107_blurred.png,visa,synthetic,visa_107,blurred
backend/app/modules/m2_classifier/training/data/visa/visa_107_contrast_adjusted.png,visa,synthetic,visa_107,contrast_adjusted
backend/app/modules/m2_classifier/training/data/visa/visa_107_hue_sat_adjusted.png,visa,synthetic,visa_107,hue_sat_adjusted
backend/app/modules/m2_classifier/training/data/visa/visa_107_scaled_up.png,visa,synthetic,visa_107,scaled_up
backend/app/modules/m2_classifier/training/data/visa/visa_107_scaled_down.png,visa,synthetic,visa_107,scaled_down
backend/app/modules/m2_classifier/training/data/visa/visa_108_base.png,visa,synthetic,visa_108,original
backend/app/modules/m2_classifier/training/data/visa/visa_108_blurred.png,visa,synthetic,visa_108,blurred
backend/app/modules/m2_classifier/training/data/visa/visa_108_contrast_adjusted.png,visa,synthetic,visa_108,contrast_adjusted
backend/app/modules/m2_classifier/training/data/visa/visa_108_hue_sat_adjusted.png,visa,synthetic,visa_108,hue_sat_adjusted
backend/app/modules/m2_classifier/training/data/visa/visa_108_scaled_up.png,visa,synthetic,visa_108,scaled_up
backend/app/modules/m2_classifier/training/data/visa/visa_108_scaled_down.png,visa,synthetic,visa_108,scaled_down
backend/app/modules/m2_classifier/training/data/visa/visa_109_base.png,visa,synthetic,visa_109,original
backend/app/modules/m2_classifier/training/data/visa/visa_109_blurred.png,visa,synthetic,visa_109,blurred
backend/app/modules/m2_classifier/training/data/visa/visa_109_contrast_adjusted.png,visa,synthetic,visa_109,contrast_adjusted
backend/app/modules/m2_classifier/training/data/visa/visa_109_hue_sat_adjusted.png,visa,synthetic,visa_109,hue_sat_adjusted
backend/app/modules/m2_classifier/training/data/visa/visa_109_scaled_up.png,visa,synthetic,visa_109,scaled_up
backend/app/modules/m2_classifier/training/data/visa/visa_109_scaled_down.png,visa,synthetic,visa_109,scaled_down
backend/app/modules/m2_classifier/training/data/visa/visa_110_base.png,visa,synthetic,visa_110,original
backend/app/modules/m2_classifier/training/data/visa/visa_110_blurred.png,visa,synthetic,visa_110,blurred
backend/app/modules/m2_classifier/training/data/visa/visa_110_contrast_adjusted.png,visa,synthetic,visa_110,contrast_adjusted
backend/app/modules/m2_classifier/training/data/visa/visa_110_hue_sat_adjusted.png,visa,synthetic,visa_110,hue_sat_adjusted
backend/app/modules/m2_classifier/training/data/visa/visa_110_scaled_up.png,visa,synthetic,visa_110,scaled_up
backend/app/modules/m2_classifier/training/data/visa/visa_110_scaled_down.png,visa,synthetic,visa_110,scaled_down
backend/app/modules/m2_classifier/training/data/visa/visa_111_base.png,visa,synthetic,visa_111,original
backend/app/modules/m2_classifier/training/data/visa/visa_111_blurred.png,visa,synthetic,visa_111,blurred
backend/app/modules/m2_classifier/training/data/visa/visa_111_contrast_adjusted.png,visa,synthetic,visa_111,contrast_adjusted
backend/app/modules/m2_classifier/training/data/visa/visa_111_hue_sat_adjusted.png,visa,synthetic,visa_111,hue_sat_adjusted
backend/app/modules/m2_classifier/training/data/visa/visa_111_scaled_up.png,visa,synthetic,visa_111,scaled_up
backend/app/modules/m2_classifier/training/data/visa/visa_111_scaled_down.png,visa,synthetic,visa_111,scaled_down
backend/app/modules/m2_classifier/training/data/visa/visa_112_base.png,visa,synthetic,visa_112,original
backend/app/modules/m2_classifier/training/data/visa/visa_112_blurred.png,visa,synthetic,visa_112,blurred
backend/app/modules/m2_classifier/training/data/visa/visa_112_contrast_adjusted.png,visa,synthetic,visa_112,contrast_adjusted
backend/app/modules/m2_classifier/training/data/visa/visa_112_hue_sat_adjusted.png,visa,synthetic,visa_112,hue_sat_adjusted
backend/app/modules/m2_classifier/training/data/visa/visa_112_scaled_up.png,visa,synthetic,visa_112,scaled_up
backend/app/modules/m2_classifier/training/data/visa/visa_112_scaled_down.png,visa,synthetic,visa_112,scaled_down
backend/app/modules/m2_classifier/training/data/visa/visa_113_base.png,visa,synthetic,visa_113,original
backend/app/modules/m2_classifier/training/data/visa/visa_113_blurred.png,visa,synthetic,visa_113,blurred
backend/app/modules/m2_classifier/training/data/visa/visa_113_contrast_adjusted.png,visa,synthetic,visa_113,contrast_adjusted
backend/app/modules/m2_classifier/training/data/visa/visa_113_hue_sat_adjusted.png,visa,synthetic,visa_113,hue_sat_adjusted
backend/app/modules/m2_classifier/training/data/visa/visa_113_scaled_up.png,visa,synthetic,visa_113,scaled_up
backend/app/modules/m2_classifier/training/data/visa/visa_113_scaled_down.png,visa,synthetic,visa_113,scaled_down
backend/app/modules/m2_classifier/training/data/visa/visa_114_base.png,visa,synthetic,visa_114,original
backend/app/modules/m2_classifier/training/data/visa/visa_114_blurred.png,visa,synthetic,visa_114,blurred
backend/app/modules/m2_classifier/training/data/visa/visa_114_contrast_adjusted.png,visa,synthetic,visa_114,contrast_adjusted
backend/app/modules/m2_classifier/training/data/visa/visa_114_hue_sat_adjusted.png,visa,synthetic,visa_114,hue_sat_adjusted
backend/app/modules/m2_classifier/training/data/visa/visa_114_scaled_up.png,visa,synthetic,visa_114,scaled_up
backend/app/modules/m2_classifier/training/data/visa/visa_114_scaled_down.png,visa,synthetic,visa_114,scaled_down
backend/app/modules/m2_classifier/training/data/visa/visa_115_base.png,visa,synthetic,visa_115,original
backend/app/modules/m2_classifier/training/data/visa/visa_115_blurred.png,visa,synthetic,visa_115,blurred
backend/app/modules/m2_classifier/training/data/visa/visa_115_contrast_adjusted.png,visa,synthetic,visa_115,contrast_adjusted
backend/app/modules/m2_classifier/training/data/visa/visa_115_hue_sat_adjusted.png,visa,synthetic,visa_115,hue_sat_adjusted
backend/app/modules/m2_classifier/training/data/visa/visa_115_scaled_up.png,visa,synthetic,visa_115,scaled_up
backend/app/modules/m2_classifier/training/data/visa/visa_115_scaled_down.png,visa,synthetic,visa_115,scaled_down
backend/app/modules/m2_classifier/training/data/visa/visa_116_base.png,visa,synthetic,visa_116,original
backend/app/modules/m2_classifier/training/data/visa/visa_116_blurred.png,visa,synthetic,visa_116,blurred
backend/app/modules/m2_classifier/training/data/visa/visa_116_contrast_adjusted.png,visa,synthetic,visa_116,contrast_adjusted
backend/app/modules/m2_classifier/training/data/visa/visa_116_hue_sat_adjusted.png,visa,synthetic,visa_116,hue_sat_adjusted
backend/app/modules/m2_classifier/training/data/visa/visa_116_scaled_up.png,visa,synthetic,visa_116,scaled_up
backend/app/modules/m2_classifier/training/data/visa/visa_116_scaled_down.png,visa,synthetic,visa_116,scaled_down
backend/app/modules/m2_classifier/training/data/visa/visa_117_base.png,visa,synthetic,visa_117,original
backend/app/modules/m2_classifier/training/data/visa/visa_117_blurred.png,visa,synthetic,visa_117,blurred
backend/app/modules/m2_classifier/training/data/visa/visa_117_contrast_adjusted.png,visa,synthetic,visa_117,contrast_adjusted
backend/app/modules/m2_classifier/training/data/visa/visa_117_hue_sat_adjusted.png,visa,synthetic,visa_117,hue_sat_adjusted
backend/app/modules/m2_classifier/training/data/visa/visa_117_scaled_up.png,visa,synthetic,visa_117,scaled_up
backend/app/modules/m2_classifier/training/data/visa/visa_117_scaled_down.png,visa,synthetic,visa_117,scaled_down
backend/app/modules/m2_classifier/training/data/visa/visa_118_base.png,visa,synthetic,visa_118,original
backend/app/modules/m2_classifier/training/data/visa/visa_118_blurred.png,visa,synthetic,visa_118,blurred
backend/app/modules/m2_classifier/training/data/visa/visa_118_contrast_adjusted.png,visa,synthetic,visa_118,contrast_adjusted
backend/app/modules/m2_classifier/training/data/visa/visa_118_hue_sat_adjusted.png,visa,synthetic,visa_118,hue_sat_adjusted
backend/app/modules/m2_classifier/training/data/visa/visa_118_scaled_up.png,visa,synthetic,visa_118,scaled_up
backend/app/modules/m2_classifier/training/data/visa/visa_118_scaled_down.png,visa,synthetic,visa_118,scaled_down
backend/app/modules/m2_classifier/training/data/visa/visa_119_base.png,visa,synthetic,visa_119,original
backend/app/modules/m2_classifier/training/data/visa/visa_119_blurred.png,visa,synthetic,visa_119,blurred
backend/app/modules/m2_classifier/training/data/visa/visa_119_contrast_adjusted.png,visa,synthetic,visa_119,contrast_adjusted
backend/app/modules/m2_classifier/training/data/visa/visa_119_hue_sat_adjusted.png,visa,synthetic,visa_119,hue_sat_adjusted
backend/app/modules/m2_classifier/training/data/visa/visa_119_scaled_up.png,visa,synthetic,visa_119,scaled_up
backend/app/modules/m2_classifier/training/data/visa/visa_119_scaled_down.png,visa,synthetic,visa_119,scaled_down
backend/app/modules/m2_classifier/training/data/visa/visa_120_base.png,visa,synthetic,visa_120,original
backend/app/modules/m2_classifier/training/data/visa/visa_120_blurred.png,visa,synthetic,visa_120,blurred
backend/app/modules/m2_classifier/training/data/visa/visa_120_contrast_adjusted.png,visa,synthetic,visa_120,contrast_adjusted
backend/app/modules/m2_classifier/training/data/visa/visa_120_hue_sat_adjusted.png,visa,synthetic,visa_120,hue_sat_adjusted
backend/app/modules/m2_classifier/training/data/visa/visa_120_scaled_up.png,visa,synthetic,visa_120,scaled_up
backend/app/modules/m2_classifier/training/data/visa/visa_120_scaled_down.png,visa,synthetic,visa_120,scaled_down
backend/app/modules/m2_classifier/training/data/visa/visa_121_base.png,visa,synthetic,visa_121,original
backend/app/modules/m2_classifier/training/data/visa/visa_121_blurred.png,visa,synthetic,visa_121,blurred
backend/app/modules/m2_classifier/training/data/visa/visa_121_contrast_adjusted.png,visa,synthetic,visa_121,contrast_adjusted
backend/app/modules/m2_classifier/training/data/visa/visa_121_hue_sat_adjusted.png,visa,synthetic,visa_121,hue_sat_adjusted
backend/app/modules/m2_classifier/training/data/visa/visa_121_scaled_up.png,visa,synthetic,visa_121,scaled_up
backend/app/modules/m2_classifier/training/data/visa/visa_121_scaled_down.png,visa,synthetic,visa_121,scaled_down
backend/app/modules/m2_classifier/training/data/visa/visa_122_base.png,visa,synthetic,visa_122,original
backend/app/modules/m2_classifier/training/data/visa/visa_122_blurred.png,visa,synthetic,visa_122,blurred
backend/app/modules/m2_classifier/training/data/visa/visa_122_contrast_adjusted.png,visa,synthetic,visa_122,contrast_adjusted
backend/app/modules/m2_classifier/training/data/visa/visa_122_hue_sat_adjusted.png,visa,synthetic,visa_122,hue_sat_adjusted
backend/app/modules/m2_classifier/training/data/visa/visa_122_scaled_up.png,visa,synthetic,visa_122,scaled_up
backend/app/modules/m2_classifier/training/data/visa/visa_122_scaled_down.png,visa,synthetic,visa_122,scaled_down
backend/app/modules/m2_classifier/training/data/visa/visa_123_base.png,visa,synthetic,visa_123,original
backend/app/modules/m2_classifier/training/data/visa/visa_123_blurred.png,visa,synthetic,visa_123,blurred
backend/app/modules/m2_classifier/training/data/visa/visa_123_contrast_adjusted.png,visa,synthetic,visa_123,contrast_adjusted
backend/app/modules/m2_classifier/training/data/visa/visa_123_hue_sat_adjusted.png,visa,synthetic,visa_123,hue_sat_adjusted
backend/app/modules/m2_classifier/training/data/visa/visa_123_scaled_up.png,visa,synthetic,visa_123,scaled_up
backend/app/modules/m2_classifier/training/data/visa/visa_123_scaled_down.png,visa,synthetic,visa_123,scaled_down
backend/app/modules/m2_classifier/training/data/visa/visa_124_base.png,visa,synthetic,visa_124,original
backend/app/modules/m2_classifier/training/data/visa/visa_124_blurred.png,visa,synthetic,visa_124,blurred
backend/app/modules/m2_classifier/training/data/visa/visa_124_contrast_adjusted.png,visa,synthetic,visa_124,contrast_adjusted
backend/app/modules/m2_classifier/training/data/visa/visa_124_hue_sat_adjusted.png,visa,synthetic,visa_124,hue_sat_adjusted
backend/app/modules/m2_classifier/training/data/visa/visa_124_scaled_up.png,visa,synthetic,visa_124,scaled_up
backend/app/modules/m2_classifier/training/data/visa/visa_124_scaled_down.png,visa,synthetic,visa_124,scaled_down
backend/app/modules/m2_classifier/training/data/visa/visa_125_base.png,visa,synthetic,visa_125,original
backend/app/modules/m2_classifier/training/data/visa/visa_125_blurred.png,visa,synthetic,visa_125,blurred
backend/app/modules/m2_classifier/training/data/visa/visa_125_contrast_adjusted.png,visa,synthetic,visa_125,contrast_adjusted
backend/app/modules/m2_classifier/training/data/visa/visa_125_hue_sat_adjusted.png,visa,synthetic,visa_125,hue_sat_adjusted
backend/app/modules/m2_classifier/training/data/visa/visa_125_scaled_up.png,visa,synthetic,visa_125,scaled_up
backend/app/modules/m2_classifier/training/data/visa/visa_125_scaled_down.png,visa,synthetic,visa_125,scaled_down
backend/app/modules/m2_classifier/training/data/visa/visa_126_base.png,visa,synthetic,visa_126,original
backend/app/modules/m2_classifier/training/data/visa/visa_126_blurred.png,visa,synthetic,visa_126,blurred
backend/app/modules/m2_classifier/training/data/visa/visa_126_contrast_adjusted.png,visa,synthetic,visa_126,contrast_adjusted
backend/app/modules/m2_classifier/training/data/visa/visa_126_hue_sat_adjusted.png,visa,synthetic,visa_126,hue_sat_adjusted
backend/app/modules/m2_classifier/training/data/visa/visa_126_scaled_up.png,visa,synthetic,visa_126,scaled_up
backend/app/modules/m2_classifier/training/data/visa/visa_126_scaled_down.png,visa,synthetic,visa_126,scaled_down
backend/app/modules/m2_classifier/training/data/visa/visa_127_base.png,visa,synthetic,visa_127,original
backend/app/modules/m2_classifier/training/data/visa/visa_127_blurred.png,visa,synthetic,visa_127,blurred
backend/app/modules/m2_classifier/training/data/visa/visa_127_contrast_adjusted.png,visa,synthetic,visa_127,contrast_adjusted
backend/app/modules/m2_classifier/training/data/visa/visa_127_hue_sat_adjusted.png,visa,synthetic,visa_127,hue_sat_adjusted
backend/app/modules/m2_classifier/training/data/visa/visa_127_scaled_up.png,visa,synthetic,visa_127,scaled_up
backend/app/modules/m2_classifier/training/data/visa/visa_127_scaled_down.png,visa,synthetic,visa_127,scaled_down
backend/app/modules/m2_classifier/training/data/visa/visa_128_base.png,visa,synthetic,visa_128,original
backend/app/modules/m2_classifier/training/data/visa/visa_128_blurred.png,visa,synthetic,visa_128,blurred
backend/app/modules/m2_classifier/training/data/visa/visa_128_contrast_adjusted.png,visa,synthetic,visa_128,contrast_adjusted
backend/app/modules/m2_classifier/training/data/visa/visa_128_hue_sat_adjusted.png,visa,synthetic,visa_128,hue_sat_adjusted
backend/app/modules/m2_classifier/training/data/visa/visa_128_scaled_up.png,visa,synthetic,visa_128,scaled_up
backend/app/modules/m2_classifier/training/data/visa/visa_128_scaled_down.png,visa,synthetic,visa_128,scaled_down
backend/app/modules/m2_classifier/training/data/visa/visa_129_base.png,visa,synthetic,visa_129,original
backend/app/modules/m2_classifier/training/data/visa/visa_129_blurred.png,visa,synthetic,visa_129,blurred
backend/app/modules/m2_classifier/training/data/visa/visa_129_contrast_adjusted.png,visa,synthetic,visa_129,contrast_adjusted
backend/app/modules/m2_classifier/training/data/visa/visa_129_hue_sat_adjusted.png,visa,synthetic,visa_129,hue_sat_adjusted
backend/app/modules/m2_classifier/training/data/visa/visa_129_scaled_up.png,visa,synthetic,visa_129,scaled_up
backend/app/modules/m2_classifier/training/data/visa/visa_129_scaled_down.png,visa,synthetic,visa_129,scaled_down
backend/app/modules/m2_classifier/training/data/visa/visa_130_base.png,visa,synthetic,visa_130,original
backend/app/modules/m2_classifier/training/data/visa/visa_130_blurred.png,visa,synthetic,visa_130,blurred
backend/app/modules/m2_classifier/training/data/visa/visa_130_contrast_adjusted.png,visa,synthetic,visa_130,contrast_adjusted
backend/app/modules/m2_classifier/training/data/visa/visa_130_hue_sat_adjusted.png,visa,synthetic,visa_130,hue_sat_adjusted
backend/app/modules/m2_classifier/training/data/visa/visa_130_scaled_up.png,visa,synthetic,visa_130,scaled_up
backend/app/modules/m2_classifier/training/data/visa/visa_130_scaled_down.png,visa,synthetic,visa_130,scaled_down
backend/app/modules/m2_classifier/training/data/visa/visa_131_base.png,visa,synthetic,visa_131,original
backend/app/modules/m2_classifier/training/data/visa/visa_131_blurred.png,visa,synthetic,visa_131,blurred
backend/app/modules/m2_classifier/training/data/visa/visa_131_contrast_adjusted.png,visa,synthetic,visa_131,contrast_adjusted
backend/app/modules/m2_classifier/training/data/visa/visa_131_hue_sat_adjusted.png,visa,synthetic,visa_131,hue_sat_adjusted
backend/app/modules/m2_classifier/training/data/visa/visa_131_scaled_up.png,visa,synthetic,visa_131,scaled_up
backend/app/modules/m2_classifier/training/data/visa/visa_131_scaled_down.png,visa,synthetic,visa_131,scaled_down
backend/app/modules/m2_classifier/training/data/visa/visa_132_base.png,visa,synthetic,visa_132,original
backend/app/modules/m2_classifier/training/data/visa/visa_132_blurred.png,visa,synthetic,visa_132,blurred
backend/app/modules/m2_classifier/training/data/visa/visa_132_contrast_adjusted.png,visa,synthetic,visa_132,contrast_adjusted
backend/app/modules/m2_classifier/training/data/visa/visa_132_hue_sat_adjusted.png,visa,synthetic,visa_132,hue_sat_adjusted
backend/app/modules/m2_classifier/training/data/visa/visa_132_scaled_up.png,visa,synthetic,visa_132,scaled_up
backend/app/modules/m2_classifier/training/data/visa/visa_132_scaled_down.png,visa,synthetic,visa_132,scaled_down
backend/app/modules/m2_classifier/training/data/visa/visa_133_base.png,visa,synthetic,visa_133,original
backend/app/modules/m2_classifier/training/data/visa/visa_133_blurred.png,visa,synthetic,visa_133,blurred
backend/app/modules/m2_classifier/training/data/visa/visa_133_contrast_adjusted.png,visa,synthetic,visa_133,contrast_adjusted
backend/app/modules/m2_classifier/training/data/visa/visa_133_hue_sat_adjusted.png,visa,synthetic,visa_133,hue_sat_adjusted
backend/app/modules/m2_classifier/training/data/visa/visa_133_scaled_up.png,visa,synthetic,visa_133,scaled_up
backend/app/modules/m2_classifier/training/data/visa/visa_133_scaled_down.png,visa,synthetic,visa_133,scaled_down
backend/app/modules/m2_classifier/training/data/visa/visa_134_base.png,visa,synthetic,visa_134,original
backend/app/modules/m2_classifier/training/data/visa/visa_134_blurred.png,visa,synthetic,visa_134,blurred
backend/app/modules/m2_classifier/training/data/visa/visa_134_contrast_adjusted.png,visa,synthetic,visa_134,contrast_adjusted
backend/app/modules/m2_classifier/training/data/visa/visa_134_hue_sat_adjusted.png,visa,synthetic,visa_134,hue_sat_adjusted
backend/app/modules/m2_classifier/training/data/visa/visa_134_scaled_up.png,visa,synthetic,visa_134,scaled_up
backend/app/modules/m2_classifier/training/data/visa/visa_134_scaled_down.png,visa,synthetic,visa_134,scaled_down
backend/app/modules/m2_classifier/training/data/visa/visa_135_base.png,visa,synthetic,visa_135,original
backend/app/modules/m2_classifier/training/data/visa/visa_135_blurred.png,visa,synthetic,visa_135,blurred
backend/app/modules/m2_classifier/training/data/visa/visa_135_contrast_adjusted.png,visa,synthetic,visa_135,contrast_adjusted
backend/app/modules/m2_classifier/training/data/visa/visa_135_hue_sat_adjusted.png,visa,synthetic,visa_135,hue_sat_adjusted
backend/app/modules/m2_classifier/training/data/visa/visa_135_scaled_up.png,visa,synthetic,visa_135,scaled_up
backend/app/modules/m2_classifier/training/data/visa/visa_135_scaled_down.png,visa,synthetic,visa_135,scaled_down
backend/app/modules/m2_classifier/training/data/visa/visa_136_base.png,visa,synthetic,visa_136,original
backend/app/modules/m2_classifier/training/data/visa/visa_136_blurred.png,visa,synthetic,visa_136,blurred
backend/app/modules/m2_classifier/training/data/visa/visa_136_contrast_adjusted.png,visa,synthetic,visa_136,contrast_adjusted
backend/app/modules/m2_classifier/training/data/visa/visa_136_hue_sat_adjusted.png,visa,synthetic,visa_136,hue_sat_adjusted
backend/app/modules/m2_classifier/training/data/visa/visa_136_scaled_up.png,visa,synthetic,visa_136,scaled_up
backend/app/modules/m2_classifier/training/data/visa/visa_136_scaled_down.png,visa,synthetic,visa_136,scaled_down
backend/app/modules/m2_classifier/training/data/visa/visa_137_base.png,visa,synthetic,visa_137,original
backend/app/modules/m2_classifier/training/data/visa/visa_137_blurred.png,visa,synthetic,visa_137,blurred
backend/app/modules/m2_classifier/training/data/visa/visa_137_contrast_adjusted.png,visa,synthetic,visa_137,contrast_adjusted
backend/app/modules/m2_classifier/training/data/visa/visa_137_hue_sat_adjusted.png,visa,synthetic,visa_137,hue_sat_adjusted
backend/app/modules/m2_classifier/training/data/visa/visa_137_scaled_up.png,visa,synthetic,visa_137,scaled_up
backend/app/modules/m2_classifier/training/data/visa/visa_137_scaled_down.png,visa,synthetic,visa_137,scaled_down
backend/app/modules/m2_classifier/training/data/visa/visa_138_base.png,visa,synthetic,visa_138,original
backend/app/modules/m2_classifier/training/data/visa/visa_138_blurred.png,visa,synthetic,visa_138,blurred
backend/app/modules/m2_classifier/training/data/visa/visa_138_contrast_adjusted.png,visa,synthetic,visa_138,contrast_adjusted
backend/app/modules/m2_classifier/training/data/visa/visa_138_hue_sat_adjusted.png,visa,synthetic,visa_138,hue_sat_adjusted
backend/app/modules/m2_classifier/training/data/visa/visa_138_scaled_up.png,visa,synthetic,visa_138,scaled_up
backend/app/modules/m2_classifier/training/data/visa/visa_138_scaled_down.png,visa,synthetic,visa_138,scaled_down
backend/app/modules/m2_classifier/training/data/visa/visa_139_base.png,visa,synthetic,visa_139,original
backend/app/modules/m2_classifier/training/data/visa/visa_139_blurred.png,visa,synthetic,visa_139,blurred
backend/app/modules/m2_classifier/training/data/visa/visa_139_contrast_adjusted.png,visa,synthetic,visa_139,contrast_adjusted
backend/app/modules/m2_classifier/training/data/visa/visa_139_hue_sat_adjusted.png,visa,synthetic,visa_139,hue_sat_adjusted
backend/app/modules/m2_classifier/training/data/visa/visa_139_scaled_up.png,visa,synthetic,visa_139,scaled_up
backend/app/modules/m2_classifier/training/data/visa/visa_139_scaled_down.png,visa,synthetic,visa_139,scaled_down
backend/app/modules/m2_classifier/training/data/visa/visa_140_base.png,visa,synthetic,visa_140,original
backend/app/modules/m2_classifier/training/data/visa/visa_140_blurred.png,visa,synthetic,visa_140,blurred
backend/app/modules/m2_classifier/training/data/visa/visa_140_contrast_adjusted.png,visa,synthetic,visa_140,contrast_adjusted
backend/app/modules/m2_classifier/training/data/visa/visa_140_hue_sat_adjusted.png,visa,synthetic,visa_140,hue_sat_adjusted
backend/app/modules/m2_classifier/training/data/visa/visa_140_scaled_up.png,visa,synthetic,visa_140,scaled_up
backend/app/modules/m2_classifier/training/data/visa/visa_140_scaled_down.png,visa,synthetic,visa_140,scaled_down
backend/app/modules/m2_classifier/training/data/visa/visa_141_base.png,visa,synthetic,visa_141,original
backend/app/modules/m2_classifier/training/data/visa/visa_141_blurred.png,visa,synthetic,visa_141,blurred
backend/app/modules/m2_classifier/training/data/visa/visa_141_contrast_adjusted.png,visa,synthetic,visa_141,contrast_adjusted
backend/app/modules/m2_classifier/training/data/visa/visa_141_hue_sat_adjusted.png,visa,synthetic,visa_141,hue_sat_adjusted
backend/app/modules/m2_classifier/training/data/visa/visa_141_scaled_up.png,visa,synthetic,visa_141,scaled_up
backend/app/modules/m2_classifier/training/data/visa/visa_141_scaled_down.png,visa,synthetic,visa_141,scaled_down
backend/app/modules/m2_classifier/training/data/visa/visa_142_base.png,visa,synthetic,visa_142,original
backend/app/modules/m2_classifier/training/data/visa/visa_142_blurred.png,visa,synthetic,visa_142,blurred
backend/app/modules/m2_classifier/training/data/visa/visa_142_contrast_adjusted.png,visa,synthetic,visa_142,contrast_adjusted
backend/app/modules/m2_classifier/training/data/visa/visa_142_hue_sat_adjusted.png,visa,synthetic,visa_142,hue_sat_adjusted
backend/app/modules/m2_classifier/training/data/visa/visa_142_scaled_up.png,visa,synthetic,visa_142,scaled_up
backend/app/modules/m2_classifier/training/data/visa/visa_142_scaled_down.png,visa,synthetic,visa_142,scaled_down
backend/app/modules/m2_classifier/training/data/visa/visa_143_base.png,visa,synthetic,visa_143,original
backend/app/modules/m2_classifier/training/data/visa/visa_143_blurred.png,visa,synthetic,visa_143,blurred
backend/app/modules/m2_classifier/training/data/visa/visa_143_contrast_adjusted.png,visa,synthetic,visa_143,contrast_adjusted
backend/app/modules/m2_classifier/training/data/visa/visa_143_hue_sat_adjusted.png,visa,synthetic,visa_143,hue_sat_adjusted
backend/app/modules/m2_classifier/training/data/visa/visa_143_scaled_up.png,visa,synthetic,visa_143,scaled_up
backend/app/modules/m2_classifier/training/data/visa/visa_143_scaled_down.png,visa,synthetic,visa_143,scaled_down
backend/app/modules/m2_classifier/training/data/visa/visa_144_base.png,visa,synthetic,visa_144,original
backend/app/modules/m2_classifier/training/data/visa/visa_144_blurred.png,visa,synthetic,visa_144,blurred
backend/app/modules/m2_classifier/training/data/visa/visa_144_contrast_adjusted.png,visa,synthetic,visa_144,contrast_adjusted
backend/app/modules/m2_classifier/training/data/visa/visa_144_hue_sat_adjusted.png,visa,synthetic,visa_144,hue_sat_adjusted
backend/app/modules/m2_classifier/training/data/visa/visa_144_scaled_up.png,visa,synthetic,visa_144,scaled_up
backend/app/modules/m2_classifier/training/data/visa/visa_144_scaled_down.png,visa,synthetic,visa_144,scaled_down
backend/app/modules/m2_classifier/training/data/visa/visa_145_base.png,visa,synthetic,visa_145,original
backend/app/modules/m2_classifier/training/data/visa/visa_145_blurred.png,visa,synthetic,visa_145,blurred
backend/app/modules/m2_classifier/training/data/visa/visa_145_contrast_adjusted.png,visa,synthetic,visa_145,contrast_adjusted
backend/app/modules/m2_classifier/training/data/visa/visa_145_hue_sat_adjusted.png,visa,synthetic,visa_145,hue_sat_adjusted
backend/app/modules/m2_classifier/training/data/visa/visa_145_scaled_up.png,visa,synthetic,visa_145,scaled_up
backend/app/modules/m2_classifier/training/data/visa/visa_145_scaled_down.png,visa,synthetic,visa_145,scaled_down
backend/app/modules/m2_classifier/training/data/visa/visa_146_base.png,visa,synthetic,visa_146,original
backend/app/modules/m2_classifier/training/data/visa/visa_146_blurred.png,visa,synthetic,visa_146,blurred
backend/app/modules/m2_classifier/training/data/visa/visa_146_contrast_adjusted.png,visa,synthetic,visa_146,contrast_adjusted
backend/app/modules/m2_classifier/training/data/visa/visa_146_hue_sat_adjusted.png,visa,synthetic,visa_146,hue_sat_adjusted
backend/app/modules/m2_classifier/training/data/visa/visa_146_scaled_up.png,visa,synthetic,visa_146,scaled_up
backend/app/modules/m2_classifier/training/data/visa/visa_146_scaled_down.png,visa,synthetic,visa_146,scaled_down
backend/app/modules/m2_classifier/training/data/visa/visa_147_base.png,visa,synthetic,visa_147,original
backend/app/modules/m2_classifier/training/data/visa/visa_147_blurred.png,visa,synthetic,visa_147,blurred
backend/app/modules/m2_classifier/training/data/visa/visa_147_contrast_adjusted.png,visa,synthetic,visa_147,contrast_adjusted
backend/app/modules/m2_classifier/training/data/visa/visa_147_hue_sat_adjusted.png,visa,synthetic,visa_147,hue_sat_adjusted
backend/app/modules/m2_classifier/training/data/visa/visa_147_scaled_up.png,visa,synthetic,visa_147,scaled_up
backend/app/modules/m2_classifier/training/data/visa/visa_147_scaled_down.png,visa,synthetic,visa_147,scaled_down
backend/app/modules/m2_classifier/training/data/visa/visa_148_base.png,visa,synthetic,visa_148,original
backend/app/modules/m2_classifier/training/data/visa/visa_148_blurred.png,visa,synthetic,visa_148,blurred
backend/app/modules/m2_classifier/training/data/visa/visa_148_contrast_adjusted.png,visa,synthetic,visa_148,contrast_adjusted
backend/app/modules/m2_classifier/training/data/visa/visa_148_hue_sat_adjusted.png,visa,synthetic,visa_148,hue_sat_adjusted
backend/app/modules/m2_classifier/training/data/visa/visa_148_scaled_up.png,visa,synthetic,visa_148,scaled_up
backend/app/modules/m2_classifier/training/data/visa/visa_148_scaled_down.png,visa,synthetic,visa_148,scaled_down
backend/app/modules/m2_classifier/training/data/visa/visa_149_base.png,visa,synthetic,visa_149,original
backend/app/modules/m2_classifier/training/data/visa/visa_149_blurred.png,visa,synthetic,visa_149,blurred
backend/app/modules/m2_classifier/training/data/visa/visa_149_contrast_adjusted.png,visa,synthetic,visa_149,contrast_adjusted
backend/app/modules/m2_classifier/training/data/visa/visa_149_hue_sat_adjusted.png,visa,synthetic,visa_149,hue_sat_adjusted
backend/app/modules/m2_classifier/training/data/visa/visa_149_scaled_up.png,visa,synthetic,visa_149,scaled_up
backend/app/modules/m2_classifier/training/data/visa/visa_149_scaled_down.png,visa,synthetic,visa_149,scaled_down
backend/app/modules/m2_classifier/training/data/visa/visa_150_base.png,visa,synthetic,visa_150,original
backend/app/modules/m2_classifier/training/data/visa/visa_150_blurred.png,visa,synthetic,visa_150,blurred
backend/app/modules/m2_classifier/training/data/visa/visa_150_contrast_adjusted.png,visa,synthetic,visa_150,contrast_adjusted
backend/app/modules/m2_classifier/training/data/visa/visa_150_hue_sat_adjusted.png,visa,synthetic,visa_150,hue_sat_adjusted
backend/app/modules/m2_classifier/training/data/visa/visa_150_scaled_up.png,visa,synthetic,visa_150,scaled_up
backend/app/modules/m2_classifier/training/data/visa/visa_150_scaled_down.png,visa,synthetic,visa_150,scaled_down
backend/app/modules/m2_classifier/training/data/visa/visa_151_base.png,visa,synthetic,visa_151,original
backend/app/modules/m2_classifier/training/data/visa/visa_151_blurred.png,visa,synthetic,visa_151,blurred
backend/app/modules/m2_classifier/training/data/visa/visa_151_contrast_adjusted.png,visa,synthetic,visa_151,contrast_adjusted
backend/app/modules/m2_classifier/training/data/visa/visa_151_hue_sat_adjusted.png,visa,synthetic,visa_151,hue_sat_adjusted
backend/app/modules/m2_classifier/training/data/visa/visa_151_scaled_up.png,visa,synthetic,visa_151,scaled_up
backend/app/modules/m2_classifier/training/data/visa/visa_151_scaled_down.png,visa,synthetic,visa_151,scaled_down
backend/app/modules/m2_classifier/training/data/visa/visa_152_base.png,visa,synthetic,visa_152,original
backend/app/modules/m2_classifier/training/data/visa/visa_152_blurred.png,visa,synthetic,visa_152,blurred
backend/app/modules/m2_classifier/training/data/visa/visa_152_contrast_adjusted.png,visa,synthetic,visa_152,contrast_adjusted
backend/app/modules/m2_classifier/training/data/visa/visa_152_hue_sat_adjusted.png,visa,synthetic,visa_152,hue_sat_adjusted
backend/app/modules/m2_classifier/training/data/visa/visa_152_scaled_up.png,visa,synthetic,visa_152,scaled_up
backend/app/modules/m2_classifier/training/data/visa/visa_152_scaled_down.png,visa,synthetic,visa_152,scaled_down
backend/app/modules/m2_classifier/training/data/visa/visa_153_base.png,visa,synthetic,visa_153,original
backend/app/modules/m2_classifier/training/data/visa/visa_153_blurred.png,visa,synthetic,visa_153,blurred
backend/app/modules/m2_classifier/training/data/visa/visa_153_contrast_adjusted.png,visa,synthetic,visa_153,contrast_adjusted
backend/app/modules/m2_classifier/training/data/visa/visa_153_hue_sat_adjusted.png,visa,synthetic,visa_153,hue_sat_adjusted
backend/app/modules/m2_classifier/training/data/visa/visa_153_scaled_up.png,visa,synthetic,visa_153,scaled_up
backend/app/modules/m2_classifier/training/data/visa/visa_153_scaled_down.png,visa,synthetic,visa_153,scaled_down
backend/app/modules/m2_classifier/training/data/visa/visa_154_base.png,visa,synthetic,visa_154,original
backend/app/modules/m2_classifier/training/data/visa/visa_154_blurred.png,visa,synthetic,visa_154,blurred
backend/app/modules/m2_classifier/training/data/visa/visa_154_contrast_adjusted.png,visa,synthetic,visa_154,contrast_adjusted
backend/app/modules/m2_classifier/training/data/visa/visa_154_hue_sat_adjusted.png,visa,synthetic,visa_154,hue_sat_adjusted
backend/app/modules/m2_classifier/training/data/visa/visa_154_scaled_up.png,visa,synthetic,visa_154,scaled_up
backend/app/modules/m2_classifier/training/data/visa/visa_154_scaled_down.png,visa,synthetic,visa_154,scaled_down
backend/app/modules/m2_classifier/training/data/visa/visa_155_base.png,visa,synthetic,visa_155,original
backend/app/modules/m2_classifier/training/data/visa/visa_155_blurred.png,visa,synthetic,visa_155,blurred
backend/app/modules/m2_classifier/training/data/visa/visa_155_contrast_adjusted.png,visa,synthetic,visa_155,contrast_adjusted
backend/app/modules/m2_classifier/training/data/visa/visa_155_hue_sat_adjusted.png,visa,synthetic,visa_155,hue_sat_adjusted
backend/app/modules/m2_classifier/training/data/visa/visa_155_scaled_up.png,visa,synthetic,visa_155,scaled_up
backend/app/modules/m2_classifier/training/data/visa/visa_155_scaled_down.png,visa,synthetic,visa_155,scaled_down
backend/app/modules/m2_classifier/training/data/visa/visa_156_base.png,visa,synthetic,visa_156,original
backend/app/modules/m2_classifier/training/data/visa/visa_156_blurred.png,visa,synthetic,visa_156,blurred
backend/app/modules/m2_classifier/training/data/visa/visa_156_contrast_adjusted.png,visa,synthetic,visa_156,contrast_adjusted
backend/app/modules/m2_classifier/training/data/visa/visa_156_hue_sat_adjusted.png,visa,synthetic,visa_156,hue_sat_adjusted
backend/app/modules/m2_classifier/training/data/visa/visa_156_scaled_up.png,visa,synthetic,visa_156,scaled_up
backend/app/modules/m2_classifier/training/data/visa/visa_156_scaled_down.png,visa,synthetic,visa_156,scaled_down
backend/app/modules/m2_classifier/training/data/visa/visa_157_base.png,visa,synthetic,visa_157,original
backend/app/modules/m2_classifier/training/data/visa/visa_157_blurred.png,visa,synthetic,visa_157,blurred
backend/app/modules/m2_classifier/training/data/visa/visa_157_contrast_adjusted.png,visa,synthetic,visa_157,contrast_adjusted
backend/app/modules/m2_classifier/training/data/visa/visa_157_hue_sat_adjusted.png,visa,synthetic,visa_157,hue_sat_adjusted
backend/app/modules/m2_classifier/training/data/visa/visa_157_scaled_up.png,visa,synthetic,visa_157,scaled_up
backend/app/modules/m2_classifier/training/data/visa/visa_157_scaled_down.png,visa,synthetic,visa_157,scaled_down
backend/app/modules/m2_classifier/training/data/visa/visa_158_base.png,visa,synthetic,visa_158,original
backend/app/modules/m2_classifier/training/data/visa/visa_158_blurred.png,visa,synthetic,visa_158,blurred
backend/app/modules/m2_classifier/training/data/visa/visa_158_contrast_adjusted.png,visa,synthetic,visa_158,contrast_adjusted
backend/app/modules/m2_classifier/training/data/visa/visa_158_hue_sat_adjusted.png,visa,synthetic,visa_158,hue_sat_adjusted
backend/app/modules/m2_classifier/training/data/visa/visa_158_scaled_up.png,visa,synthetic,visa_158,scaled_up
backend/app/modules/m2_classifier/training/data/visa/visa_158_scaled_down.png,visa,synthetic,visa_158,scaled_down
backend/app/modules/m2_classifier/training/data/visa/visa_159_base.png,visa,synthetic,visa_159,original
backend/app/modules/m2_classifier/training/data/visa/visa_159_blurred.png,visa,synthetic,visa_159,blurred
backend/app/modules/m2_classifier/training/data/visa/visa_159_contrast_adjusted.png,visa,synthetic,visa_159,contrast_adjusted
backend/app/modules/m2_classifier/training/data/visa/visa_159_hue_sat_adjusted.png,visa,synthetic,visa_159,hue_sat_adjusted
backend/app/modules/m2_classifier/training/data/visa/visa_159_scaled_up.png,visa,synthetic,visa_159,scaled_up
backend/app/modules/m2_classifier/training/data/visa/visa_159_scaled_down.png,visa,synthetic,visa_159,scaled_down
backend/app/modules/m2_classifier/training/data/visa/visa_160_base.png,visa,synthetic,visa_160,original
backend/app/modules/m2_classifier/training/data/visa/visa_160_blurred.png,visa,synthetic,visa_160,blurred
backend/app/modules/m2_classifier/training/data/visa/visa_160_contrast_adjusted.png,visa,synthetic,visa_160,contrast_adjusted
backend/app/modules/m2_classifier/training/data/visa/visa_160_hue_sat_adjusted.png,visa,synthetic,visa_160,hue_sat_adjusted
backend/app/modules/m2_classifier/training/data/visa/visa_160_scaled_up.png,visa,synthetic,visa_160,scaled_up
backend/app/modules/m2_classifier/training/data/visa/visa_160_scaled_down.png,visa,synthetic,visa_160,scaled_down
backend/app/modules/m2_classifier/training/data/visa/visa_161_base.png,visa,synthetic,visa_161,original
backend/app/modules/m2_classifier/training/data/visa/visa_161_blurred.png,visa,synthetic,visa_161,blurred
backend/app/modules/m2_classifier/training/data/visa/visa_161_contrast_adjusted.png,visa,synthetic,visa_161,contrast_adjusted
backend/app/modules/m2_classifier/training/data/visa/visa_161_hue_sat_adjusted.png,visa,synthetic,visa_161,hue_sat_adjusted
backend/app/modules/m2_classifier/training/data/visa/visa_161_scaled_up.png,visa,synthetic,visa_161,scaled_up
backend/app/modules/m2_classifier/training/data/visa/visa_161_scaled_down.png,visa,synthetic,visa_161,scaled_down
backend/app/modules/m2_classifier/training/data/visa/visa_162_base.png,visa,synthetic,visa_162,original
backend/app/modules/m2_classifier/training/data/visa/visa_162_blurred.png,visa,synthetic,visa_162,blurred
backend/app/modules/m2_classifier/training/data/visa/visa_162_contrast_adjusted.png,visa,synthetic,visa_162,contrast_adjusted
backend/app/modules/m2_classifier/training/data/visa/visa_162_hue_sat_adjusted.png,visa,synthetic,visa_162,hue_sat_adjusted
backend/app/modules/m2_classifier/training/data/visa/visa_162_scaled_up.png,visa,synthetic,visa_162,scaled_up
backend/app/modules/m2_classifier/training/data/visa/visa_162_scaled_down.png,visa,synthetic,visa_162,scaled_down
backend/app/modules/m2_classifier/training/data/visa/visa_163_base.png,visa,synthetic,visa_163,original
backend/app/modules/m2_classifier/training/data/visa/visa_163_blurred.png,visa,synthetic,visa_163,blurred
backend/app/modules/m2_classifier/training/data/visa/visa_163_contrast_adjusted.png,visa,synthetic,visa_163,contrast_adjusted
backend/app/modules/m2_classifier/training/data/visa/visa_163_hue_sat_adjusted.png,visa,synthetic,visa_163,hue_sat_adjusted
backend/app/modules/m2_classifier/training/data/visa/visa_163_scaled_up.png,visa,synthetic,visa_163,scaled_up
backend/app/modules/m2_classifier/training/data/visa/visa_163_scaled_down.png,visa,synthetic,visa_163,scaled_down
backend/app/modules/m2_classifier/training/data/visa/visa_164_base.png,visa,synthetic,visa_164,original
backend/app/modules/m2_classifier/training/data/visa/visa_164_blurred.png,visa,synthetic,visa_164,blurred
backend/app/modules/m2_classifier/training/data/visa/visa_164_contrast_adjusted.png,visa,synthetic,visa_164,contrast_adjusted
backend/app/modules/m2_classifier/training/data/visa/visa_164_hue_sat_adjusted.png,visa,synthetic,visa_164,hue_sat_adjusted
backend/app/modules/m2_classifier/training/data/visa/visa_164_scaled_up.png,visa,synthetic,visa_164,scaled_up
backend/app/modules/m2_classifier/training/data/visa/visa_164_scaled_down.png,visa,synthetic,visa_164,scaled_down
backend/app/modules/m2_classifier/training/data/visa/visa_165_base.png,visa,synthetic,visa_165,original
backend/app/modules/m2_classifier/training/data/visa/visa_165_blurred.png,visa,synthetic,visa_165,blurred
backend/app/modules/m2_classifier/training/data/visa/visa_165_contrast_adjusted.png,visa,synthetic,visa_165,contrast_adjusted
backend/app/modules/m2_classifier/training/data/visa/visa_165_hue_sat_adjusted.png,visa,synthetic,visa_165,hue_sat_adjusted
backend/app/modules/m2_classifier/training/data/visa/visa_165_scaled_up.png,visa,synthetic,visa_165,scaled_up
backend/app/modules/m2_classifier/training/data/visa/visa_165_scaled_down.png,visa,synthetic,visa_165,scaled_down
backend/app/modules/m2_classifier/training/data/visa/visa_166_base.png,visa,synthetic,visa_166,original
backend/app/modules/m2_classifier/training/data/visa/visa_166_blurred.png,visa,synthetic,visa_166,blurred
backend/app/modules/m2_classifier/training/data/visa/visa_166_contrast_adjusted.png,visa,synthetic,visa_166,contrast_adjusted
backend/app/modules/m2_classifier/training/data/visa/visa_166_hue_sat_adjusted.png,visa,synthetic,visa_166,hue_sat_adjusted
backend/app/modules/m2_classifier/training/data/visa/visa_166_scaled_up.png,visa,synthetic,visa_166,scaled_up
backend/app/modules/m2_classifier/training/data/visa/visa_166_scaled_down.png,visa,synthetic,visa_166,scaled_down
backend/app/modules/m2_classifier/training/data/visa/visa_167_base.png,visa,synthetic,visa_167,original
backend/app/modules/m2_classifier/training/data/visa/visa_167_blurred.png,visa,synthetic,visa_167,blurred
backend/app/modules/m2_classifier/training/data/visa/visa_167_contrast_adjusted.png,visa,synthetic,visa_167,contrast_adjusted
backend/app/modules/m2_classifier/training/data/visa/visa_167_hue_sat_adjusted.png,visa,synthetic,visa_167,hue_sat_adjusted
backend/app/modules/m2_classifier/training/data/visa/visa_167_scaled_up.png,visa,synthetic,visa_167,scaled_up
backend/app/modules/m2_classifier/training/data/visa/visa_167_scaled_down.png,visa,synthetic,visa_167,scaled_down
backend/app/modules/m2_classifier/training/data/visa/visa_168_base.png,visa,synthetic,visa_168,original
backend/app/modules/m2_classifier/training/data/visa/visa_168_blurred.png,visa,synthetic,visa_168,blurred
backend/app/modules/m2_classifier/training/data/visa/visa_168_contrast_adjusted.png,visa,synthetic,visa_168,contrast_adjusted
backend/app/modules/m2_classifier/training/data/visa/visa_168_hue_sat_adjusted.png,visa,synthetic,visa_168,hue_sat_adjusted
backend/app/modules/m2_classifier/training/data/visa/visa_168_scaled_up.png,visa,synthetic,visa_168,scaled_up
backend/app/modules/m2_classifier/training/data/visa/visa_168_scaled_down.png,visa,synthetic,visa_168,scaled_down
backend/app/modules/m2_classifier/training/data/visa/visa_169_base.png,visa,synthetic,visa_169,original
backend/app/modules/m2_classifier/training/data/visa/visa_169_blurred.png,visa,synthetic,visa_169,blurred
backend/app/modules/m2_classifier/training/data/visa/visa_169_contrast_adjusted.png,visa,synthetic,visa_169,contrast_adjusted
backend/app/modules/m2_classifier/training/data/visa/visa_169_hue_sat_adjusted.png,visa,synthetic,visa_169,hue_sat_adjusted
backend/app/modules/m2_classifier/training/data/visa/visa_169_scaled_up.png,visa,synthetic,visa_169,scaled_up
backend/app/modules/m2_classifier/training/data/visa/visa_169_scaled_down.png,visa,synthetic,visa_169,scaled_down
backend/app/modules/m2_classifier/training/data/visa/visa_170_base.png,visa,synthetic,visa_170,original
backend/app/modules/m2_classifier/training/data/visa/visa_170_blurred.png,visa,synthetic,visa_170,blurred
backend/app/modules/m2_classifier/training/data/visa/visa_170_contrast_adjusted.png,visa,synthetic,visa_170,contrast_adjusted
backend/app/modules/m2_classifier/training/data/visa/visa_170_hue_sat_adjusted.png,visa,synthetic,visa_170,hue_sat_adjusted
backend/app/modules/m2_classifier/training/data/visa/visa_170_scaled_up.png,visa,synthetic,visa_170,scaled_up
backend/app/modules/m2_classifier/training/data/visa/visa_170_scaled_down.png,visa,synthetic,visa_170,scaled_down
backend/app/modules/m2_classifier/training/data/visa/visa_171_base.png,visa,synthetic,visa_171,original
backend/app/modules/m2_classifier/training/data/visa/visa_171_blurred.png,visa,synthetic,visa_171,blurred
backend/app/modules/m2_classifier/training/data/visa/visa_171_contrast_adjusted.png,visa,synthetic,visa_171,contrast_adjusted
backend/app/modules/m2_classifier/training/data/visa/visa_171_hue_sat_adjusted.png,visa,synthetic,visa_171,hue_sat_adjusted
backend/app/modules/m2_classifier/training/data/visa/visa_171_scaled_up.png,visa,synthetic,visa_171,scaled_up
backend/app/modules/m2_classifier/training/data/visa/visa_171_scaled_down.png,visa,synthetic,visa_171,scaled_down
backend/app/modules/m2_classifier/training/data/visa/visa_172_base.png,visa,synthetic,visa_172,original
backend/app/modules/m2_classifier/training/data/visa/visa_172_blurred.png,visa,synthetic,visa_172,blurred
backend/app/modules/m2_classifier/training/data/visa/visa_172_contrast_adjusted.png,visa,synthetic,visa_172,contrast_adjusted
backend/app/modules/m2_classifier/training/data/visa/visa_172_hue_sat_adjusted.png,visa,synthetic,visa_172,hue_sat_adjusted
backend/app/modules/m2_classifier/training/data/visa/visa_172_scaled_up.png,visa,synthetic,visa_172,scaled_up
backend/app/modules/m2_classifier/training/data/visa/visa_172_scaled_down.png,visa,synthetic,visa_172,scaled_down
backend/app/modules/m2_classifier/training/data/visa/visa_173_base.png,visa,synthetic,visa_173,original
backend/app/modules/m2_classifier/training/data/visa/visa_173_blurred.png,visa,synthetic,visa_173,blurred
backend/app/modules/m2_classifier/training/data/visa/visa_173_contrast_adjusted.png,visa,synthetic,visa_173,contrast_adjusted
backend/app/modules/m2_classifier/training/data/visa/visa_173_hue_sat_adjusted.png,visa,synthetic,visa_173,hue_sat_adjusted
backend/app/modules/m2_classifier/training/data/visa/visa_173_scaled_up.png,visa,synthetic,visa_173,scaled_up
backend/app/modules/m2_classifier/training/data/visa/visa_173_scaled_down.png,visa,synthetic,visa_173,scaled_down
backend/app/modules/m2_classifier/training/data/visa/visa_174_base.png,visa,synthetic,visa_174,original
backend/app/modules/m2_classifier/training/data/visa/visa_174_blurred.png,visa,synthetic,visa_174,blurred
backend/app/modules/m2_classifier/training/data/visa/visa_174_contrast_adjusted.png,visa,synthetic,visa_174,contrast_adjusted
backend/app/modules/m2_classifier/training/data/visa/visa_174_hue_sat_adjusted.png,visa,synthetic,visa_174,hue_sat_adjusted
backend/app/modules/m2_classifier/training/data/visa/visa_174_scaled_up.png,visa,synthetic,visa_174,scaled_up
backend/app/modules/m2_classifier/training/data/visa/visa_174_scaled_down.png,visa,synthetic,visa_174,scaled_down
backend/app/modules/m2_classifier/training/data/visa/visa_175_base.png,visa,synthetic,visa_175,original
backend/app/modules/m2_classifier/training/data/visa/visa_175_blurred.png,visa,synthetic,visa_175,blurred
backend/app/modules/m2_classifier/training/data/visa/visa_175_contrast_adjusted.png,visa,synthetic,visa_175,contrast_adjusted
backend/app/modules/m2_classifier/training/data/visa/visa_175_hue_sat_adjusted.png,visa,synthetic,visa_175,hue_sat_adjusted
backend/app/modules/m2_classifier/training/data/visa/visa_175_scaled_up.png,visa,synthetic,visa_175,scaled_up
backend/app/modules/m2_classifier/training/data/visa/visa_175_scaled_down.png,visa,synthetic,visa_175,scaled_down
backend/app/modules/m2_classifier/training/data/visa/visa_176_base.png,visa,synthetic,visa_176,original
backend/app/modules/m2_classifier/training/data/visa/visa_176_blurred.png,visa,synthetic,visa_176,blurred
backend/app/modules/m2_classifier/training/data/visa/visa_176_contrast_adjusted.png,visa,synthetic,visa_176,contrast_adjusted
backend/app/modules/m2_classifier/training/data/visa/visa_176_hue_sat_adjusted.png,visa,synthetic,visa_176,hue_sat_adjusted
backend/app/modules/m2_classifier/training/data/visa/visa_176_scaled_up.png,visa,synthetic,visa_176,scaled_up
backend/app/modules/m2_classifier/training/data/visa/visa_176_scaled_down.png,visa,synthetic,visa_176,scaled_down
backend/app/modules/m2_classifier/training/data/visa/visa_177_base.png,visa,synthetic,visa_177,original
backend/app/modules/m2_classifier/training/data/visa/visa_177_blurred.png,visa,synthetic,visa_177,blurred
backend/app/modules/m2_classifier/training/data/visa/visa_177_contrast_adjusted.png,visa,synthetic,visa_177,contrast_adjusted
backend/app/modules/m2_classifier/training/data/visa/visa_177_hue_sat_adjusted.png,visa,synthetic,visa_177,hue_sat_adjusted
backend/app/modules/m2_classifier/training/data/visa/visa_177_scaled_up.png,visa,synthetic,visa_177,scaled_up
backend/app/modules/m2_classifier/training/data/visa/visa_177_scaled_down.png,visa,synthetic,visa_177,scaled_down
backend/app/modules/m2_classifier/training/data/visa/visa_178_base.png,visa,synthetic,visa_178,original
backend/app/modules/m2_classifier/training/data/visa/visa_178_blurred.png,visa,synthetic,visa_178,blurred
backend/app/modules/m2_classifier/training/data/visa/visa_178_contrast_adjusted.png,visa,synthetic,visa_178,contrast_adjusted
backend/app/modules/m2_classifier/training/data/visa/visa_178_hue_sat_adjusted.png,visa,synthetic,visa_178,hue_sat_adjusted
backend/app/modules/m2_classifier/training/data/visa/visa_178_scaled_up.png,visa,synthetic,visa_178,scaled_up
backend/app/modules/m2_classifier/training/data/visa/visa_178_scaled_down.png,visa,synthetic,visa_178,scaled_down
backend/app/modules/m2_classifier/training/data/visa/visa_179_base.png,visa,synthetic,visa_179,original
backend/app/modules/m2_classifier/training/data/visa/visa_179_blurred.png,visa,synthetic,visa_179,blurred
backend/app/modules/m2_classifier/training/data/visa/visa_179_contrast_adjusted.png,visa,synthetic,visa_179,contrast_adjusted
backend/app/modules/m2_classifier/training/data/visa/visa_179_hue_sat_adjusted.png,visa,synthetic,visa_179,hue_sat_adjusted
backend/app/modules/m2_classifier/training/data/visa/visa_179_scaled_up.png,visa,synthetic,visa_179,scaled_up
backend/app/modules/m2_classifier/training/data/visa/visa_179_scaled_down.png,visa,synthetic,visa_179,scaled_down
backend/app/modules/m2_classifier/training/data/visa/visa_180_base.png,visa,synthetic,visa_180,original
backend/app/modules/m2_classifier/training/data/visa/visa_180_blurred.png,visa,synthetic,visa_180,blurred
backend/app/modules/m2_classifier/training/data/visa/visa_180_contrast_adjusted.png,visa,synthetic,visa_180,contrast_adjusted
backend/app/modules/m2_classifier/training/data/visa/visa_180_hue_sat_adjusted.png,visa,synthetic,visa_180,hue_sat_adjusted
backend/app/modules/m2_classifier/training/data/visa/visa_180_scaled_up.png,visa,synthetic,visa_180,scaled_up
backend/app/modules/m2_classifier/training/data/visa/visa_180_scaled_down.png,visa,synthetic,visa_180,scaled_down
backend/app/modules/m2_classifier/training/data/visa/visa_181_base.png,visa,synthetic,visa_181,original
backend/app/modules/m2_classifier/training/data/visa/visa_181_blurred.png,visa,synthetic,visa_181,blurred
backend/app/modules/m2_classifier/training/data/visa/visa_181_contrast_adjusted.png,visa,synthetic,visa_181,contrast_adjusted
backend/app/modules/m2_classifier/training/data/visa/visa_181_hue_sat_adjusted.png,visa,synthetic,visa_181,hue_sat_adjusted
backend/app/modules/m2_classifier/training/data/visa/visa_181_scaled_up.png,visa,synthetic,visa_181,scaled_up
backend/app/modules/m2_classifier/training/data/visa/visa_181_scaled_down.png,visa,synthetic,visa_181,scaled_down
backend/app/modules/m2_classifier/training/data/visa/visa_182_base.png,visa,synthetic,visa_182,original
backend/app/modules/m2_classifier/training/data/visa/visa_182_blurred.png,visa,synthetic,visa_182,blurred
backend/app/modules/m2_classifier/training/data/visa/visa_182_contrast_adjusted.png,visa,synthetic,visa_182,contrast_adjusted
backend/app/modules/m2_classifier/training/data/visa/visa_182_hue_sat_adjusted.png,visa,synthetic,visa_182,hue_sat_adjusted
backend/app/modules/m2_classifier/training/data/visa/visa_182_scaled_up.png,visa,synthetic,visa_182,scaled_up
backend/app/modules/m2_classifier/training/data/visa/visa_182_scaled_down.png,visa,synthetic,visa_182,scaled_down
backend/app/modules/m2_classifier/training/data/visa/visa_183_base.png,visa,synthetic,visa_183,original
backend/app/modules/m2_classifier/training/data/visa/visa_183_blurred.png,visa,synthetic,visa_183,blurred
backend/app/modules/m2_classifier/training/data/visa/visa_183_contrast_adjusted.png,visa,synthetic,visa_183,contrast_adjusted
backend/app/modules/m2_classifier/training/data/visa/visa_183_hue_sat_adjusted.png,visa,synthetic,visa_183,hue_sat_adjusted
backend/app/modules/m2_classifier/training/data/visa/visa_183_scaled_up.png,visa,synthetic,visa_183,scaled_up
backend/app/modules/m2_classifier/training/data/visa/visa_183_scaled_down.png,visa,synthetic,visa_183,scaled_down
backend/app/modules/m2_classifier/training/data/visa/visa_184_base.png,visa,synthetic,visa_184,original
backend/app/modules/m2_classifier/training/data/visa/visa_184_blurred.png,visa,synthetic,visa_184,blurred
backend/app/modules/m2_classifier/training/data/visa/visa_184_contrast_adjusted.png,visa,synthetic,visa_184,contrast_adjusted
backend/app/modules/m2_classifier/training/data/visa/visa_184_hue_sat_adjusted.png,visa,synthetic,visa_184,hue_sat_adjusted
backend/app/modules/m2_classifier/training/data/visa/visa_184_scaled_up.png,visa,synthetic,visa_184,scaled_up
backend/app/modules/m2_classifier/training/data/visa/visa_184_scaled_down.png,visa,synthetic,visa_184,scaled_down
backend/app/modules/m2_classifier/training/data/visa/visa_185_base.png,visa,synthetic,visa_185,original
backend/app/modules/m2_classifier/training/data/visa/visa_185_blurred.png,visa,synthetic,visa_185,blurred
backend/app/modules/m2_classifier/training/data/visa/visa_185_contrast_adjusted.png,visa,synthetic,visa_185,contrast_adjusted
backend/app/modules/m2_classifier/training/data/visa/visa_185_hue_sat_adjusted.png,visa,synthetic,visa_185,hue_sat_adjusted
backend/app/modules/m2_classifier/training/data/visa/visa_185_scaled_up.png,visa,synthetic,visa_185,scaled_up
backend/app/modules/m2_classifier/training/data/visa/visa_185_scaled_down.png,visa,synthetic,visa_185,scaled_down
backend/app/modules/m2_classifier/training/data/visa/visa_186_base.png,visa,synthetic,visa_186,original
backend/app/modules/m2_classifier/training/data/visa/visa_186_blurred.png,visa,synthetic,visa_186,blurred
backend/app/modules/m2_classifier/training/data/visa/visa_186_contrast_adjusted.png,visa,synthetic,visa_186,contrast_adjusted
backend/app/modules/m2_classifier/training/data/visa/visa_186_hue_sat_adjusted.png,visa,synthetic,visa_186,hue_sat_adjusted
backend/app/modules/m2_classifier/training/data/visa/visa_186_scaled_up.png,visa,synthetic,visa_186,scaled_up
backend/app/modules/m2_classifier/training/data/visa/visa_186_scaled_down.png,visa,synthetic,visa_186,scaled_down
backend/app/modules/m2_classifier/training/data/visa/visa_187_base.png,visa,synthetic,visa_187,original
backend/app/modules/m2_classifier/training/data/visa/visa_187_blurred.png,visa,synthetic,visa_187,blurred
backend/app/modules/m2_classifier/training/data/visa/visa_187_contrast_adjusted.png,visa,synthetic,visa_187,contrast_adjusted
backend/app/modules/m2_classifier/training/data/visa/visa_187_hue_sat_adjusted.png,visa,synthetic,visa_187,hue_sat_adjusted
backend/app/modules/m2_classifier/training/data/visa/visa_187_scaled_up.png,visa,synthetic,visa_187,scaled_up
backend/app/modules/m2_classifier/training/data/visa/visa_187_scaled_down.png,visa,synthetic,visa_187,scaled_down
backend/app/modules/m2_classifier/training/data/visa/visa_188_base.png,visa,synthetic,visa_188,original
backend/app/modules/m2_classifier/training/data/visa/visa_188_blurred.png,visa,synthetic,visa_188,blurred
backend/app/modules/m2_classifier/training/data/visa/visa_188_contrast_adjusted.png,visa,synthetic,visa_188,contrast_adjusted
backend/app/modules/m2_classifier/training/data/visa/visa_188_hue_sat_adjusted.png,visa,synthetic,visa_188,hue_sat_adjusted
backend/app/modules/m2_classifier/training/data/visa/visa_188_scaled_up.png,visa,synthetic,visa_188,scaled_up
backend/app/modules/m2_classifier/training/data/visa/visa_188_scaled_down.png,visa,synthetic,visa_188,scaled_down
backend/app/modules/m2_classifier/training/data/visa/visa_189_base.png,visa,synthetic,visa_189,original
backend/app/modules/m2_classifier/training/data/visa/visa_189_blurred.png,visa,synthetic,visa_189,blurred
backend/app/modules/m2_classifier/training/data/visa/visa_189_contrast_adjusted.png,visa,synthetic,visa_189,contrast_adjusted
backend/app/modules/m2_classifier/training/data/visa/visa_189_hue_sat_adjusted.png,visa,synthetic,visa_189,hue_sat_adjusted
backend/app/modules/m2_classifier/training/data/visa/visa_189_scaled_up.png,visa,synthetic,visa_189,scaled_up
backend/app/modules/m2_classifier/training/data/visa/visa_189_scaled_down.png,visa,synthetic,visa_189,scaled_down
backend/app/modules/m2_classifier/training/data/visa/visa_190_base.png,visa,synthetic,visa_190,original
backend/app/modules/m2_classifier/training/data/visa/visa_190_blurred.png,visa,synthetic,visa_190,blurred
backend/app/modules/m2_classifier/training/data/visa/visa_190_contrast_adjusted.png,visa,synthetic,visa_190,contrast_adjusted
backend/app/modules/m2_classifier/training/data/visa/visa_190_hue_sat_adjusted.png,visa,synthetic,visa_190,hue_sat_adjusted
backend/app/modules/m2_classifier/training/data/visa/visa_190_scaled_up.png,visa,synthetic,visa_190,scaled_up
backend/app/modules/m2_classifier/training/data/visa/visa_190_scaled_down.png,visa,synthetic,visa_190,scaled_down
backend/app/modules/m2_classifier/training/data/visa/visa_191_base.png,visa,synthetic,visa_191,original
backend/app/modules/m2_classifier/training/data/visa/visa_191_blurred.png,visa,synthetic,visa_191,blurred
backend/app/modules/m2_classifier/training/data/visa/visa_191_contrast_adjusted.png,visa,synthetic,visa_191,contrast_adjusted
backend/app/modules/m2_classifier/training/data/visa/visa_191_hue_sat_adjusted.png,visa,synthetic,visa_191,hue_sat_adjusted
backend/app/modules/m2_classifier/training/data/visa/visa_191_scaled_up.png,visa,synthetic,visa_191,scaled_up
backend/app/modules/m2_classifier/training/data/visa/visa_191_scaled_down.png,visa,synthetic,visa_191,scaled_down
backend/app/modules/m2_classifier/training/data/visa/visa_192_base.png,visa,synthetic,visa_192,original
backend/app/modules/m2_classifier/training/data/visa/visa_192_blurred.png,visa,synthetic,visa_192,blurred
backend/app/modules/m2_classifier/training/data/visa/visa_192_contrast_adjusted.png,visa,synthetic,visa_192,contrast_adjusted
backend/app/modules/m2_classifier/training/data/visa/visa_192_hue_sat_adjusted.png,visa,synthetic,visa_192,hue_sat_adjusted
backend/app/modules/m2_classifier/training/data/visa/visa_192_scaled_up.png,visa,synthetic,visa_192,scaled_up
backend/app/modules/m2_classifier/training/data/visa/visa_192_scaled_down.png,visa,synthetic,visa_192,scaled_down
backend/app/modules/m2_classifier/training/data/visa/visa_193_base.png,visa,synthetic,visa_193,original
backend/app/modules/m2_classifier/training/data/visa/visa_193_blurred.png,visa,synthetic,visa_193,blurred
backend/app/modules/m2_classifier/training/data/visa/visa_193_contrast_adjusted.png,visa,synthetic,visa_193,contrast_adjusted
backend/app/modules/m2_classifier/training/data/visa/visa_193_hue_sat_adjusted.png,visa,synthetic,visa_193,hue_sat_adjusted
backend/app/modules/m2_classifier/training/data/visa/visa_193_scaled_up.png,visa,synthetic,visa_193,scaled_up
backend/app/modules/m2_classifier/training/data/visa/visa_193_scaled_down.png,visa,synthetic,visa_193,scaled_down
backend/app/modules/m2_classifier/training/data/visa/visa_194_base.png,visa,synthetic,visa_194,original
backend/app/modules/m2_classifier/training/data/visa/visa_194_blurred.png,visa,synthetic,visa_194,blurred
backend/app/modules/m2_classifier/training/data/visa/visa_194_contrast_adjusted.png,visa,synthetic,visa_194,contrast_adjusted
backend/app/modules/m2_classifier/training/data/visa/visa_194_hue_sat_adjusted.png,visa,synthetic,visa_194,hue_sat_adjusted
backend/app/modules/m2_classifier/training/data/visa/visa_194_scaled_up.png,visa,synthetic,visa_194,scaled_up
backend/app/modules/m2_classifier/training/data/visa/visa_194_scaled_down.png,visa,synthetic,visa_194,scaled_down
backend/app/modules/m2_classifier/training/data/visa/visa_195_base.png,visa,synthetic,visa_195,original
backend/app/modules/m2_classifier/training/data/visa/visa_195_blurred.png,visa,synthetic,visa_195,blurred
backend/app/modules/m2_classifier/training/data/visa/visa_195_contrast_adjusted.png,visa,synthetic,visa_195,contrast_adjusted
backend/app/modules/m2_classifier/training/data/visa/visa_195_hue_sat_adjusted.png,visa,synthetic,visa_195,hue_sat_adjusted
backend/app/modules/m2_classifier/training/data/visa/visa_195_scaled_up.png,visa,synthetic,visa_195,scaled_up
backend/app/modules/m2_classifier/training/data/visa/visa_195_scaled_down.png,visa,synthetic,visa_195,scaled_down
backend/app/modules/m2_classifier/training/data/visa/visa_196_base.png,visa,synthetic,visa_196,original
backend/app/modules/m2_classifier/training/data/visa/visa_196_blurred.png,visa,synthetic,visa_196,blurred
backend/app/modules/m2_classifier/training/data/visa/visa_196_contrast_adjusted.png,visa,synthetic,visa_196,contrast_adjusted
backend/app/modules/m2_classifier/training/data/visa/visa_196_hue_sat_adjusted.png,visa,synthetic,visa_196,hue_sat_adjusted
backend/app/modules/m2_classifier/training/data/visa/visa_196_scaled_up.png,visa,synthetic,visa_196,scaled_up
backend/app/modules/m2_classifier/training/data/visa/visa_196_scaled_down.png,visa,synthetic,visa_196,scaled_down
backend/app/modules/m2_classifier/training/data/visa/visa_197_base.png,visa,synthetic,visa_197,original
backend/app/modules/m2_classifier/training/data/visa/visa_197_blurred.png,visa,synthetic,visa_197,blurred
backend/app/modules/m2_classifier/training/data/visa/visa_197_contrast_adjusted.png,visa,synthetic,visa_197,contrast_adjusted
backend/app/modules/m2_classifier/training/data/visa/visa_197_hue_sat_adjusted.png,visa,synthetic,visa_197,hue_sat_adjusted
backend/app/modules/m2_classifier/training/data/visa/visa_197_scaled_up.png,visa,synthetic,visa_197,scaled_up
backend/app/modules/m2_classifier/training/data/visa/visa_197_scaled_down.png,visa,synthetic,visa_197,scaled_down
backend/app/modules/m2_classifier/training/data/visa/visa_198_base.png,visa,synthetic,visa_198,original
backend/app/modules/m2_classifier/training/data/visa/visa_198_blurred.png,visa,synthetic,visa_198,blurred
backend/app/modules/m2_classifier/training/data/visa/visa_198_contrast_adjusted.png,visa,synthetic,visa_198,contrast_adjusted
backend/app/modules/m2_classifier/training/data/visa/visa_198_hue_sat_adjusted.png,visa,synthetic,visa_198,hue_sat_adjusted
backend/app/modules/m2_classifier/training/data/visa/visa_198_scaled_up.png,visa,synthetic,visa_198,scaled_up
backend/app/modules/m2_classifier/training/data/visa/visa_198_scaled_down.png,visa,synthetic,visa_198,scaled_down
backend/app/modules/m2_classifier/training/data/visa/visa_199_base.png,visa,synthetic,visa_199,original
backend/app/modules/m2_classifier/training/data/visa/visa_199_blurred.png,visa,synthetic,visa_199,blurred
backend/app/modules/m2_classifier/training/data/visa/visa_199_contrast_adjusted.png,visa,synthetic,visa_199,contrast_adjusted
backend/app/modules/m2_classifier/training/data/visa/visa_199_hue_sat_adjusted.png,visa,synthetic,visa_199,hue_sat_adjusted
backend/app/modules/m2_classifier/training/data/visa/visa_199_scaled_up.png,visa,synthetic,visa_199,scaled_up
backend/app/modules/m2_classifier/training/data/visa/visa_199_scaled_down.png,visa,synthetic,visa_199,scaled_down
backend/app/modules/m2_classifier/training/data/visa/visa_200_base.png,visa,synthetic,visa_200,original
backend/app/modules/m2_classifier/training/data/visa/visa_200_blurred.png,visa,synthetic,visa_200,blurred
backend/app/modules/m2_classifier/training/data/visa/visa_200_contrast_adjusted.png,visa,synthetic,visa_200,contrast_adjusted
backend/app/modules/m2_classifier/training/data/visa/visa_200_hue_sat_adjusted.png,visa,synthetic,visa_200,hue_sat_adjusted
backend/app/modules/m2_classifier/training/data/visa/visa_200_scaled_up.png,visa,synthetic,visa_200,scaled_up
backend/app/modules/m2_classifier/training/data/visa/visa_200_scaled_down.png,visa,synthetic,visa_200,scaled_down
new_generated_aadharcard_images/100backside_blurred.jpg,id_card,real,100backside,blurred
new_generated_aadharcard_images/100backside_contrast_adjusted.jpg,id_card,real,100backside,contrast_adjusted
new_generated_aadharcard_images/100backside_hue_sat_adjusted.jpg,id_card,real,100backside,hue_sat_adjusted
new_generated_aadharcard_images/100backside_scaled_down.jpg,id_card,real,100backside,scaled_down
new_generated_aadharcard_images/100backside_scaled_up.jpg,id_card,real,100backside,scaled_up
new_generated_aadharcard_images/100front_blurred.jpg,id_card,real,100front,blurred
new_generated_aadharcard_images/100front_contrast_adjusted.jpg,id_card,real,100front,contrast_adjusted
new_generated_aadharcard_images/100front_hue_sat_adjusted.jpg,id_card,real,100front,hue_sat_adjusted
new_generated_aadharcard_images/100front_scaled_down.jpg,id_card,real,100front,scaled_down
new_generated_aadharcard_images/100front_scaled_up.jpg,id_card,real,100front,scaled_up
new_generated_aadharcard_images/101backside_blurred.jpg,id_card,real,101backside,blurred
new_generated_aadharcard_images/101backside_contrast_adjusted.jpg,id_card,real,101backside,contrast_adjusted
new_generated_aadharcard_images/101backside_hue_sat_adjusted.jpg,id_card,real,101backside,hue_sat_adjusted
new_generated_aadharcard_images/101backside_scaled_down.jpg,id_card,real,101backside,scaled_down
new_generated_aadharcard_images/101backside_scaled_up.jpg,id_card,real,101backside,scaled_up
new_generated_aadharcard_images/101front_blurred.jpg,id_card,real,101front,blurred
new_generated_aadharcard_images/101front_contrast_adjusted.jpg,id_card,real,101front,contrast_adjusted
new_generated_aadharcard_images/101front_hue_sat_adjusted.jpg,id_card,real,101front,hue_sat_adjusted
new_generated_aadharcard_images/101front_scaled_down.jpg,id_card,real,101front,scaled_down
new_generated_aadharcard_images/101front_scaled_up.jpg,id_card,real,101front,scaled_up
new_generated_aadharcard_images/102backside_blurred.jpg,id_card,real,102backside,blurred
new_generated_aadharcard_images/102backside_contrast_adjusted.jpg,id_card,real,102backside,contrast_adjusted
new_generated_aadharcard_images/102backside_hue_sat_adjusted.jpg,id_card,real,102backside,hue_sat_adjusted
new_generated_aadharcard_images/102backside_scaled_down.jpg,id_card,real,102backside,scaled_down
new_generated_aadharcard_images/102backside_scaled_up.jpg,id_card,real,102backside,scaled_up
new_generated_aadharcard_images/102front_blurred.jpg,id_card,real,102front,blurred
new_generated_aadharcard_images/102front_contrast_adjusted.jpg,id_card,real,102front,contrast_adjusted
new_generated_aadharcard_images/102front_hue_sat_adjusted.jpg,id_card,real,102front,hue_sat_adjusted
new_generated_aadharcard_images/102front_scaled_down.jpg,id_card,real,102front,scaled_down
new_generated_aadharcard_images/102front_scaled_up.jpg,id_card,real,102front,scaled_up
new_generated_aadharcard_images/103backside_blurred.jpg,id_card,real,103backside,blurred
new_generated_aadharcard_images/103backside_contrast_adjusted.jpg,id_card,real,103backside,contrast_adjusted
new_generated_aadharcard_images/103backside_hue_sat_adjusted.jpg,id_card,real,103backside,hue_sat_adjusted
new_generated_aadharcard_images/103backside_scaled_down.jpg,id_card,real,103backside,scaled_down
new_generated_aadharcard_images/103backside_scaled_up.jpg,id_card,real,103backside,scaled_up
new_generated_aadharcard_images/103front_blurred.jpg,id_card,real,103front,blurred
new_generated_aadharcard_images/103front_contrast_adjusted.jpg,id_card,real,103front,contrast_adjusted
new_generated_aadharcard_images/103front_hue_sat_adjusted.jpg,id_card,real,103front,hue_sat_adjusted
new_generated_aadharcard_images/103front_scaled_down.jpg,id_card,real,103front,scaled_down
new_generated_aadharcard_images/103front_scaled_up.jpg,id_card,real,103front,scaled_up
new_generated_aadharcard_images/104backside_blurred.jpg,id_card,real,104backside,blurred
new_generated_aadharcard_images/104backside_contrast_adjusted.jpg,id_card,real,104backside,contrast_adjusted
new_generated_aadharcard_images/104backside_hue_sat_adjusted.jpg,id_card,real,104backside,hue_sat_adjusted
new_generated_aadharcard_images/104backside_scaled_down.jpg,id_card,real,104backside,scaled_down
new_generated_aadharcard_images/104backside_scaled_up.jpg,id_card,real,104backside,scaled_up
new_generated_aadharcard_images/104front_blurred.jpg,id_card,real,104front,blurred
new_generated_aadharcard_images/104front_contrast_adjusted.jpg,id_card,real,104front,contrast_adjusted
new_generated_aadharcard_images/104front_hue_sat_adjusted.jpg,id_card,real,104front,hue_sat_adjusted
new_generated_aadharcard_images/104front_scaled_down.jpg,id_card,real,104front,scaled_down
new_generated_aadharcard_images/104front_scaled_up.jpg,id_card,real,104front,scaled_up
new_generated_aadharcard_images/105backside_blurred.jpg,id_card,real,105backside,blurred
new_generated_aadharcard_images/105backside_contrast_adjusted.jpg,id_card,real,105backside,contrast_adjusted
new_generated_aadharcard_images/105backside_hue_sat_adjusted.jpg,id_card,real,105backside,hue_sat_adjusted
new_generated_aadharcard_images/105backside_scaled_down.jpg,id_card,real,105backside,scaled_down
new_generated_aadharcard_images/105backside_scaled_up.jpg,id_card,real,105backside,scaled_up
new_generated_aadharcard_images/105front_blurred.jpg,id_card,real,105front,blurred
new_generated_aadharcard_images/105front_contrast_adjusted.jpg,id_card,real,105front,contrast_adjusted
new_generated_aadharcard_images/105front_hue_sat_adjusted.jpg,id_card,real,105front,hue_sat_adjusted
new_generated_aadharcard_images/105front_scaled_down.jpg,id_card,real,105front,scaled_down
new_generated_aadharcard_images/105front_scaled_up.jpg,id_card,real,105front,scaled_up
new_generated_aadharcard_images/106backside_blurred.jpg,id_card,real,106backside,blurred
new_generated_aadharcard_images/106backside_contrast_adjusted.jpg,id_card,real,106backside,contrast_adjusted
new_generated_aadharcard_images/106backside_hue_sat_adjusted.jpg,id_card,real,106backside,hue_sat_adjusted
new_generated_aadharcard_images/106backside_scaled_down.jpg,id_card,real,106backside,scaled_down
new_generated_aadharcard_images/106backside_scaled_up.jpg,id_card,real,106backside,scaled_up
new_generated_aadharcard_images/106front_blurred.jpg,id_card,real,106front,blurred
new_generated_aadharcard_images/106front_contrast_adjusted.jpg,id_card,real,106front,contrast_adjusted
new_generated_aadharcard_images/106front_hue_sat_adjusted.jpg,id_card,real,106front,hue_sat_adjusted
new_generated_aadharcard_images/106front_scaled_down.jpg,id_card,real,106front,scaled_down
new_generated_aadharcard_images/106front_scaled_up.jpg,id_card,real,106front,scaled_up
new_generated_aadharcard_images/107backside_blurred.jpg,id_card,real,107backside,blurred
new_generated_aadharcard_images/107backside_contrast_adjusted.jpg,id_card,real,107backside,contrast_adjusted
new_generated_aadharcard_images/107backside_hue_sat_adjusted.jpg,id_card,real,107backside,hue_sat_adjusted
new_generated_aadharcard_images/107backside_scaled_down.jpg,id_card,real,107backside,scaled_down
new_generated_aadharcard_images/107backside_scaled_up.jpg,id_card,real,107backside,scaled_up
new_generated_aadharcard_images/107front_blurred.jpg,id_card,real,107front,blurred
new_generated_aadharcard_images/107front_contrast_adjusted.jpg,id_card,real,107front,contrast_adjusted
new_generated_aadharcard_images/107front_hue_sat_adjusted.jpg,id_card,real,107front,hue_sat_adjusted
new_generated_aadharcard_images/107front_scaled_down.jpg,id_card,real,107front,scaled_down
new_generated_aadharcard_images/107front_scaled_up.jpg,id_card,real,107front,scaled_up
new_generated_aadharcard_images/108backside_blurred.jpg,id_card,real,108backside,blurred
new_generated_aadharcard_images/108backside_contrast_adjusted.jpg,id_card,real,108backside,contrast_adjusted
new_generated_aadharcard_images/108backside_hue_sat_adjusted.jpg,id_card,real,108backside,hue_sat_adjusted
new_generated_aadharcard_images/108backside_scaled_down.jpg,id_card,real,108backside,scaled_down
new_generated_aadharcard_images/108backside_scaled_up.jpg,id_card,real,108backside,scaled_up
new_generated_aadharcard_images/108front_blurred.jpg,id_card,real,108front,blurred
new_generated_aadharcard_images/108front_contrast_adjusted.jpg,id_card,real,108front,contrast_adjusted
new_generated_aadharcard_images/108front_hue_sat_adjusted.jpg,id_card,real,108front,hue_sat_adjusted
new_generated_aadharcard_images/108front_scaled_down.jpg,id_card,real,108front,scaled_down
new_generated_aadharcard_images/108front_scaled_up.jpg,id_card,real,108front,scaled_up
new_generated_aadharcard_images/10backside_blurred.jpg,id_card,real,10backside,blurred
new_generated_aadharcard_images/10backside_contrast_adjusted.jpg,id_card,real,10backside,contrast_adjusted
new_generated_aadharcard_images/10backside_hue_sat_adjusted.jpg,id_card,real,10backside,hue_sat_adjusted
new_generated_aadharcard_images/10backside_scaled_down.jpg,id_card,real,10backside,scaled_down
new_generated_aadharcard_images/10backside_scaled_up.jpg,id_card,real,10backside,scaled_up
new_generated_aadharcard_images/10front_blurred.jpg,id_card,real,10front,blurred
new_generated_aadharcard_images/10front_contrast_adjusted.jpg,id_card,real,10front,contrast_adjusted
new_generated_aadharcard_images/10front_hue_sat_adjusted.jpg,id_card,real,10front,hue_sat_adjusted
new_generated_aadharcard_images/10front_scaled_down.jpg,id_card,real,10front,scaled_down
new_generated_aadharcard_images/10front_scaled_up.jpg,id_card,real,10front,scaled_up
new_generated_aadharcard_images/11backside_blurred.jpg,id_card,real,11backside,blurred
new_generated_aadharcard_images/11backside_contrast_adjusted.jpg,id_card,real,11backside,contrast_adjusted
new_generated_aadharcard_images/11backside_hue_sat_adjusted.jpg,id_card,real,11backside,hue_sat_adjusted
new_generated_aadharcard_images/11backside_scaled_down.jpg,id_card,real,11backside,scaled_down
new_generated_aadharcard_images/11backside_scaled_up.jpg,id_card,real,11backside,scaled_up
new_generated_aadharcard_images/11front_blurred.jpg,id_card,real,11front,blurred
new_generated_aadharcard_images/11front_contrast_adjusted.jpg,id_card,real,11front,contrast_adjusted
new_generated_aadharcard_images/11front_hue_sat_adjusted.jpg,id_card,real,11front,hue_sat_adjusted
new_generated_aadharcard_images/11front_scaled_down.jpg,id_card,real,11front,scaled_down
new_generated_aadharcard_images/11front_scaled_up.jpg,id_card,real,11front,scaled_up
new_generated_aadharcard_images/12backside_blurred.jpg,id_card,real,12backside,blurred
new_generated_aadharcard_images/12backside_contrast_adjusted.jpg,id_card,real,12backside,contrast_adjusted
new_generated_aadharcard_images/12backside_hue_sat_adjusted.jpg,id_card,real,12backside,hue_sat_adjusted
new_generated_aadharcard_images/12backside_scaled_down.jpg,id_card,real,12backside,scaled_down
new_generated_aadharcard_images/12backside_scaled_up.jpg,id_card,real,12backside,scaled_up
new_generated_aadharcard_images/12front_blurred.jpg,id_card,real,12front,blurred
new_generated_aadharcard_images/12front_contrast_adjusted.jpg,id_card,real,12front,contrast_adjusted
new_generated_aadharcard_images/12front_hue_sat_adjusted.jpg,id_card,real,12front,hue_sat_adjusted
new_generated_aadharcard_images/12front_scaled_down.jpg,id_card,real,12front,scaled_down
new_generated_aadharcard_images/12front_scaled_up.jpg,id_card,real,12front,scaled_up
new_generated_aadharcard_images/13backside_blurred.jpg,id_card,real,13backside,blurred
new_generated_aadharcard_images/13backside_contrast_adjusted.jpg,id_card,real,13backside,contrast_adjusted
new_generated_aadharcard_images/13backside_hue_sat_adjusted.jpg,id_card,real,13backside,hue_sat_adjusted
new_generated_aadharcard_images/13backside_scaled_down.jpg,id_card,real,13backside,scaled_down
new_generated_aadharcard_images/13backside_scaled_up.jpg,id_card,real,13backside,scaled_up
new_generated_aadharcard_images/13front_blurred.jpg,id_card,real,13front,blurred
new_generated_aadharcard_images/13front_contrast_adjusted.jpg,id_card,real,13front,contrast_adjusted
new_generated_aadharcard_images/13front_hue_sat_adjusted.jpg,id_card,real,13front,hue_sat_adjusted
new_generated_aadharcard_images/13front_scaled_down.jpg,id_card,real,13front,scaled_down
new_generated_aadharcard_images/13front_scaled_up.jpg,id_card,real,13front,scaled_up
new_generated_aadharcard_images/15backside_blurred.jpg,id_card,real,15backside,blurred
new_generated_aadharcard_images/15backside_contrast_adjusted.jpg,id_card,real,15backside,contrast_adjusted
new_generated_aadharcard_images/15backside_hue_sat_adjusted.jpg,id_card,real,15backside,hue_sat_adjusted
new_generated_aadharcard_images/15backside_scaled_down.jpg,id_card,real,15backside,scaled_down
new_generated_aadharcard_images/15backside_scaled_up.jpg,id_card,real,15backside,scaled_up
new_generated_aadharcard_images/15front_blurred.jpg,id_card,real,15front,blurred
new_generated_aadharcard_images/15front_contrast_adjusted.jpg,id_card,real,15front,contrast_adjusted
new_generated_aadharcard_images/15front_hue_sat_adjusted.jpg,id_card,real,15front,hue_sat_adjusted
new_generated_aadharcard_images/15front_scaled_down.jpg,id_card,real,15front,scaled_down
new_generated_aadharcard_images/15front_scaled_up.jpg,id_card,real,15front,scaled_up
new_generated_aadharcard_images/16backside_blurred.jpg,id_card,real,16backside,blurred
new_generated_aadharcard_images/16backside_contrast_adjusted.jpg,id_card,real,16backside,contrast_adjusted
new_generated_aadharcard_images/16backside_hue_sat_adjusted.jpg,id_card,real,16backside,hue_sat_adjusted
new_generated_aadharcard_images/16backside_scaled_down.jpg,id_card,real,16backside,scaled_down
new_generated_aadharcard_images/16backside_scaled_up.jpg,id_card,real,16backside,scaled_up
new_generated_aadharcard_images/16front_blurred.jpg,id_card,real,16front,blurred
new_generated_aadharcard_images/16front_contrast_adjusted.jpg,id_card,real,16front,contrast_adjusted
new_generated_aadharcard_images/16front_hue_sat_adjusted.jpg,id_card,real,16front,hue_sat_adjusted
new_generated_aadharcard_images/16front_scaled_down.jpg,id_card,real,16front,scaled_down
new_generated_aadharcard_images/16front_scaled_up.jpg,id_card,real,16front,scaled_up
new_generated_aadharcard_images/17backside_blurred.jpg,id_card,real,17backside,blurred
new_generated_aadharcard_images/17backside_contrast_adjusted.jpg,id_card,real,17backside,contrast_adjusted
new_generated_aadharcard_images/17backside_hue_sat_adjusted.jpg,id_card,real,17backside,hue_sat_adjusted
new_generated_aadharcard_images/17backside_scaled_down.jpg,id_card,real,17backside,scaled_down
new_generated_aadharcard_images/17backside_scaled_up.jpg,id_card,real,17backside,scaled_up
new_generated_aadharcard_images/17front_blurred.jpg,id_card,real,17front,blurred
new_generated_aadharcard_images/17front_contrast_adjusted.jpg,id_card,real,17front,contrast_adjusted
new_generated_aadharcard_images/17front_hue_sat_adjusted.jpg,id_card,real,17front,hue_sat_adjusted
new_generated_aadharcard_images/17front_scaled_down.jpg,id_card,real,17front,scaled_down
new_generated_aadharcard_images/17front_scaled_up.jpg,id_card,real,17front,scaled_up
new_generated_aadharcard_images/18backside_blurred.jpg,id_card,real,18backside,blurred
new_generated_aadharcard_images/18backside_contrast_adjusted.jpg,id_card,real,18backside,contrast_adjusted
new_generated_aadharcard_images/18backside_hue_sat_adjusted.jpg,id_card,real,18backside,hue_sat_adjusted
new_generated_aadharcard_images/18backside_scaled_down.jpg,id_card,real,18backside,scaled_down
new_generated_aadharcard_images/18backside_scaled_up.jpg,id_card,real,18backside,scaled_up
new_generated_aadharcard_images/18front_blurred.jpg,id_card,real,18front,blurred
new_generated_aadharcard_images/18front_contrast_adjusted.jpg,id_card,real,18front,contrast_adjusted
new_generated_aadharcard_images/18front_hue_sat_adjusted.jpg,id_card,real,18front,hue_sat_adjusted
new_generated_aadharcard_images/18front_scaled_down.jpg,id_card,real,18front,scaled_down
new_generated_aadharcard_images/18front_scaled_up.jpg,id_card,real,18front,scaled_up
new_generated_aadharcard_images/19backside_blurred.jpg,id_card,real,19backside,blurred
new_generated_aadharcard_images/19backside_contrast_adjusted.jpg,id_card,real,19backside,contrast_adjusted
new_generated_aadharcard_images/19backside_hue_sat_adjusted.jpg,id_card,real,19backside,hue_sat_adjusted
new_generated_aadharcard_images/19backside_scaled_down.jpg,id_card,real,19backside,scaled_down
new_generated_aadharcard_images/19backside_scaled_up.jpg,id_card,real,19backside,scaled_up
new_generated_aadharcard_images/19front_blurred.jpg,id_card,real,19front,blurred
new_generated_aadharcard_images/19front_contrast_adjusted.jpg,id_card,real,19front,contrast_adjusted
new_generated_aadharcard_images/19front_hue_sat_adjusted.jpg,id_card,real,19front,hue_sat_adjusted
new_generated_aadharcard_images/19front_scaled_down.jpg,id_card,real,19front,scaled_down
new_generated_aadharcard_images/19front_scaled_up.jpg,id_card,real,19front,scaled_up
new_generated_aadharcard_images/1backside_blurred.jpg,id_card,real,1backside,blurred
new_generated_aadharcard_images/1backside_contrast_adjusted.jpg,id_card,real,1backside,contrast_adjusted
new_generated_aadharcard_images/1backside_hue_sat_adjusted.jpg,id_card,real,1backside,hue_sat_adjusted
new_generated_aadharcard_images/1backside_scaled_down.jpg,id_card,real,1backside,scaled_down
new_generated_aadharcard_images/1backside_scaled_up.jpg,id_card,real,1backside,scaled_up
new_generated_aadharcard_images/1front_blurred.jpg,id_card,real,1front,blurred
new_generated_aadharcard_images/1front_contrast_adjusted.jpg,id_card,real,1front,contrast_adjusted
new_generated_aadharcard_images/1front_hue_sat_adjusted.jpg,id_card,real,1front,hue_sat_adjusted
new_generated_aadharcard_images/1front_scaled_down.jpg,id_card,real,1front,scaled_down
new_generated_aadharcard_images/1front_scaled_up.jpg,id_card,real,1front,scaled_up
new_generated_aadharcard_images/20backside_blurred.jpg,id_card,real,20backside,blurred
new_generated_aadharcard_images/20backside_contrast_adjusted.jpg,id_card,real,20backside,contrast_adjusted
new_generated_aadharcard_images/20backside_hue_sat_adjusted.jpg,id_card,real,20backside,hue_sat_adjusted
new_generated_aadharcard_images/20backside_scaled_down.jpg,id_card,real,20backside,scaled_down
new_generated_aadharcard_images/20backside_scaled_up.jpg,id_card,real,20backside,scaled_up
new_generated_aadharcard_images/20front_blurred.jpg,id_card,real,20front,blurred
new_generated_aadharcard_images/20front_contrast_adjusted.jpg,id_card,real,20front,contrast_adjusted
new_generated_aadharcard_images/20front_hue_sat_adjusted.jpg,id_card,real,20front,hue_sat_adjusted
new_generated_aadharcard_images/20front_scaled_down.jpg,id_card,real,20front,scaled_down
new_generated_aadharcard_images/20front_scaled_up.jpg,id_card,real,20front,scaled_up
new_generated_aadharcard_images/21backside_blurred.jpg,id_card,real,21backside,blurred
new_generated_aadharcard_images/21backside_contrast_adjusted.jpg,id_card,real,21backside,contrast_adjusted
new_generated_aadharcard_images/21backside_hue_sat_adjusted.jpg,id_card,real,21backside,hue_sat_adjusted
new_generated_aadharcard_images/21backside_scaled_down.jpg,id_card,real,21backside,scaled_down
new_generated_aadharcard_images/21backside_scaled_up.jpg,id_card,real,21backside,scaled_up
new_generated_aadharcard_images/21front_blurred.jpg,id_card,real,21front,blurred
new_generated_aadharcard_images/21front_contrast_adjusted.jpg,id_card,real,21front,contrast_adjusted
new_generated_aadharcard_images/21front_hue_sat_adjusted.jpg,id_card,real,21front,hue_sat_adjusted
new_generated_aadharcard_images/21front_scaled_down.jpg,id_card,real,21front,scaled_down
new_generated_aadharcard_images/21front_scaled_up.jpg,id_card,real,21front,scaled_up
new_generated_aadharcard_images/22backside_blurred.jpg,id_card,real,22backside,blurred
new_generated_aadharcard_images/22backside_contrast_adjusted.jpg,id_card,real,22backside,contrast_adjusted
new_generated_aadharcard_images/22backside_hue_sat_adjusted.jpg,id_card,real,22backside,hue_sat_adjusted
new_generated_aadharcard_images/22backside_scaled_down.jpg,id_card,real,22backside,scaled_down
new_generated_aadharcard_images/22backside_scaled_up.jpg,id_card,real,22backside,scaled_up
new_generated_aadharcard_images/22front_blurred.jpg,id_card,real,22front,blurred
new_generated_aadharcard_images/22front_contrast_adjusted.jpg,id_card,real,22front,contrast_adjusted
new_generated_aadharcard_images/22front_hue_sat_adjusted.jpg,id_card,real,22front,hue_sat_adjusted
new_generated_aadharcard_images/22front_scaled_down.jpg,id_card,real,22front,scaled_down
new_generated_aadharcard_images/22front_scaled_up.jpg,id_card,real,22front,scaled_up
new_generated_aadharcard_images/23front_blurred.jpg,id_card,real,23front,blurred
new_generated_aadharcard_images/23front_contrast_adjusted.jpg,id_card,real,23front,contrast_adjusted
new_generated_aadharcard_images/23front_hue_sat_adjusted.jpg,id_card,real,23front,hue_sat_adjusted
new_generated_aadharcard_images/23front_scaled_down.jpg,id_card,real,23front,scaled_down
new_generated_aadharcard_images/23front_scaled_up.jpg,id_card,real,23front,scaled_up
new_generated_aadharcard_images/24backside_blurred.jpg,id_card,real,24backside,blurred
new_generated_aadharcard_images/24backside_contrast_adjusted.jpg,id_card,real,24backside,contrast_adjusted
new_generated_aadharcard_images/24backside_hue_sat_adjusted.jpg,id_card,real,24backside,hue_sat_adjusted
new_generated_aadharcard_images/24backside_scaled_down.jpg,id_card,real,24backside,scaled_down
new_generated_aadharcard_images/24backside_scaled_up.jpg,id_card,real,24backside,scaled_up
new_generated_aadharcard_images/25backside_blurred.jpg,id_card,real,25backside,blurred
new_generated_aadharcard_images/25backside_contrast_adjusted.jpg,id_card,real,25backside,contrast_adjusted
new_generated_aadharcard_images/25backside_hue_sat_adjusted.jpg,id_card,real,25backside,hue_sat_adjusted
new_generated_aadharcard_images/25backside_scaled_down.jpg,id_card,real,25backside,scaled_down
new_generated_aadharcard_images/25backside_scaled_up.jpg,id_card,real,25backside,scaled_up
new_generated_aadharcard_images/25front_blurred.jpg,id_card,real,25front,blurred
new_generated_aadharcard_images/25front_contrast_adjusted.jpg,id_card,real,25front,contrast_adjusted
new_generated_aadharcard_images/25front_hue_sat_adjusted.jpg,id_card,real,25front,hue_sat_adjusted
new_generated_aadharcard_images/25front_scaled_down.jpg,id_card,real,25front,scaled_down
new_generated_aadharcard_images/25front_scaled_up.jpg,id_card,real,25front,scaled_up
new_generated_aadharcard_images/26backside_blurred.jpg,id_card,real,26backside,blurred
new_generated_aadharcard_images/26backside_contrast_adjusted.jpg,id_card,real,26backside,contrast_adjusted
new_generated_aadharcard_images/26backside_hue_sat_adjusted.jpg,id_card,real,26backside,hue_sat_adjusted
new_generated_aadharcard_images/26backside_scaled_down.jpg,id_card,real,26backside,scaled_down
new_generated_aadharcard_images/26backside_scaled_up.jpg,id_card,real,26backside,scaled_up
new_generated_aadharcard_images/26front_blurred.jpg,id_card,real,26front,blurred
new_generated_aadharcard_images/26front_contrast_adjusted.jpg,id_card,real,26front,contrast_adjusted
new_generated_aadharcard_images/26front_hue_sat_adjusted.jpg,id_card,real,26front,hue_sat_adjusted
new_generated_aadharcard_images/26front_scaled_down.jpg,id_card,real,26front,scaled_down
new_generated_aadharcard_images/26front_scaled_up.jpg,id_card,real,26front,scaled_up
new_generated_aadharcard_images/27backside_blurred.jpg,id_card,real,27backside,blurred
new_generated_aadharcard_images/27backside_contrast_adjusted.jpg,id_card,real,27backside,contrast_adjusted
new_generated_aadharcard_images/27backside_hue_sat_adjusted.jpg,id_card,real,27backside,hue_sat_adjusted
new_generated_aadharcard_images/27backside_scaled_down.jpg,id_card,real,27backside,scaled_down
new_generated_aadharcard_images/27backside_scaled_up.jpg,id_card,real,27backside,scaled_up
new_generated_aadharcard_images/27front_blurred.jpg,id_card,real,27front,blurred
new_generated_aadharcard_images/27front_contrast_adjusted.jpg,id_card,real,27front,contrast_adjusted
new_generated_aadharcard_images/27front_hue_sat_adjusted.jpg,id_card,real,27front,hue_sat_adjusted
new_generated_aadharcard_images/27front_scaled_down.jpg,id_card,real,27front,scaled_down
new_generated_aadharcard_images/27front_scaled_up.jpg,id_card,real,27front,scaled_up
new_generated_aadharcard_images/28backside_blurred.jpg,id_card,real,28backside,blurred
new_generated_aadharcard_images/28backside_contrast_adjusted.jpg,id_card,real,28backside,contrast_adjusted
new_generated_aadharcard_images/28backside_hue_sat_adjusted.jpg,id_card,real,28backside,hue_sat_adjusted
new_generated_aadharcard_images/28backside_scaled_down.jpg,id_card,real,28backside,scaled_down
new_generated_aadharcard_images/28backside_scaled_up.jpg,id_card,real,28backside,scaled_up
new_generated_aadharcard_images/28front_blurred.jpg,id_card,real,28front,blurred
new_generated_aadharcard_images/28front_contrast_adjusted.jpg,id_card,real,28front,contrast_adjusted
new_generated_aadharcard_images/28front_hue_sat_adjusted.jpg,id_card,real,28front,hue_sat_adjusted
new_generated_aadharcard_images/28front_scaled_down.jpg,id_card,real,28front,scaled_down
new_generated_aadharcard_images/28front_scaled_up.jpg,id_card,real,28front,scaled_up
new_generated_aadharcard_images/29front_blurred.jpg,id_card,real,29front,blurred
new_generated_aadharcard_images/29front_contrast_adjusted.jpg,id_card,real,29front,contrast_adjusted
new_generated_aadharcard_images/29front_hue_sat_adjusted.jpg,id_card,real,29front,hue_sat_adjusted
new_generated_aadharcard_images/29front_scaled_down.jpg,id_card,real,29front,scaled_down
new_generated_aadharcard_images/29front_scaled_up.jpg,id_card,real,29front,scaled_up
new_generated_aadharcard_images/2backside_blurred.jpg,id_card,real,2backside,blurred
new_generated_aadharcard_images/2backside_contrast_adjusted.jpg,id_card,real,2backside,contrast_adjusted
new_generated_aadharcard_images/2backside_hue_sat_adjusted.jpg,id_card,real,2backside,hue_sat_adjusted
new_generated_aadharcard_images/2backside_scaled_down.jpg,id_card,real,2backside,scaled_down
new_generated_aadharcard_images/2backside_scaled_up.jpg,id_card,real,2backside,scaled_up
new_generated_aadharcard_images/2front_blurred.jpg,id_card,real,2front,blurred
new_generated_aadharcard_images/2front_contrast_adjusted.jpg,id_card,real,2front,contrast_adjusted
new_generated_aadharcard_images/2front_hue_sat_adjusted.jpg,id_card,real,2front,hue_sat_adjusted
new_generated_aadharcard_images/2front_scaled_down.jpg,id_card,real,2front,scaled_down
new_generated_aadharcard_images/2front_scaled_up.jpg,id_card,real,2front,scaled_up
new_generated_aadharcard_images/31backside_blurred.jpg,id_card,real,31backside,blurred
new_generated_aadharcard_images/31backside_contrast_adjusted.jpg,id_card,real,31backside,contrast_adjusted
new_generated_aadharcard_images/31backside_hue_sat_adjusted.jpg,id_card,real,31backside,hue_sat_adjusted
new_generated_aadharcard_images/31backside_scaled_down.jpg,id_card,real,31backside,scaled_down
new_generated_aadharcard_images/31backside_scaled_up.jpg,id_card,real,31backside,scaled_up
new_generated_aadharcard_images/32backside_blurred.jpg,id_card,real,32backside,blurred
new_generated_aadharcard_images/32backside_contrast_adjusted.jpg,id_card,real,32backside,contrast_adjusted
new_generated_aadharcard_images/32backside_hue_sat_adjusted.jpg,id_card,real,32backside,hue_sat_adjusted
new_generated_aadharcard_images/32backside_scaled_down.jpg,id_card,real,32backside,scaled_down
new_generated_aadharcard_images/32backside_scaled_up.jpg,id_card,real,32backside,scaled_up
new_generated_aadharcard_images/32front_blurred.jpg,id_card,real,32front,blurred
new_generated_aadharcard_images/32front_contrast_adjusted.jpg,id_card,real,32front,contrast_adjusted
new_generated_aadharcard_images/32front_hue_sat_adjusted.jpg,id_card,real,32front,hue_sat_adjusted
new_generated_aadharcard_images/32front_scaled_down.jpg,id_card,real,32front,scaled_down
new_generated_aadharcard_images/32front_scaled_up.jpg,id_card,real,32front,scaled_up
new_generated_aadharcard_images/33backside_blurred.jpg,id_card,real,33backside,blurred
new_generated_aadharcard_images/33backside_contrast_adjusted.jpg,id_card,real,33backside,contrast_adjusted
new_generated_aadharcard_images/33backside_hue_sat_adjusted.jpg,id_card,real,33backside,hue_sat_adjusted
new_generated_aadharcard_images/33backside_scaled_down.jpg,id_card,real,33backside,scaled_down
new_generated_aadharcard_images/33backside_scaled_up.jpg,id_card,real,33backside,scaled_up
new_generated_aadharcard_images/33front_blurred.jpg,id_card,real,33front,blurred
new_generated_aadharcard_images/33front_contrast_adjusted.jpg,id_card,real,33front,contrast_adjusted
new_generated_aadharcard_images/33front_hue_sat_adjusted.jpg,id_card,real,33front,hue_sat_adjusted
new_generated_aadharcard_images/33front_scaled_down.jpg,id_card,real,33front,scaled_down
new_generated_aadharcard_images/33front_scaled_up.jpg,id_card,real,33front,scaled_up
new_generated_aadharcard_images/34backside_blurred.jpg,id_card,real,34backside,blurred
new_generated_aadharcard_images/34backside_contrast_adjusted.jpg,id_card,real,34backside,contrast_adjusted
new_generated_aadharcard_images/34backside_hue_sat_adjusted.jpg,id_card,real,34backside,hue_sat_adjusted
new_generated_aadharcard_images/34backside_scaled_down.jpg,id_card,real,34backside,scaled_down
new_generated_aadharcard_images/34backside_scaled_up.jpg,id_card,real,34backside,scaled_up
new_generated_aadharcard_images/34front_blurred.jpg,id_card,real,34front,blurred
new_generated_aadharcard_images/34front_contrast_adjusted.jpg,id_card,real,34front,contrast_adjusted
new_generated_aadharcard_images/34front_hue_sat_adjusted.jpg,id_card,real,34front,hue_sat_adjusted
new_generated_aadharcard_images/34front_scaled_down.jpg,id_card,real,34front,scaled_down
new_generated_aadharcard_images/34front_scaled_up.jpg,id_card,real,34front,scaled_up
new_generated_aadharcard_images/35backside_blurred.jpg,id_card,real,35backside,blurred
new_generated_aadharcard_images/35backside_contrast_adjusted.jpg,id_card,real,35backside,contrast_adjusted
new_generated_aadharcard_images/35backside_hue_sat_adjusted.jpg,id_card,real,35backside,hue_sat_adjusted
new_generated_aadharcard_images/35backside_scaled_down.jpg,id_card,real,35backside,scaled_down
new_generated_aadharcard_images/35backside_scaled_up.jpg,id_card,real,35backside,scaled_up
new_generated_aadharcard_images/35front_blurred.jpg,id_card,real,35front,blurred
new_generated_aadharcard_images/35front_contrast_adjusted.jpg,id_card,real,35front,contrast_adjusted
new_generated_aadharcard_images/35front_hue_sat_adjusted.jpg,id_card,real,35front,hue_sat_adjusted
new_generated_aadharcard_images/35front_scaled_down.jpg,id_card,real,35front,scaled_down
new_generated_aadharcard_images/35front_scaled_up.jpg,id_card,real,35front,scaled_up
new_generated_aadharcard_images/36backside_blurred.jpg,id_card,real,36backside,blurred
new_generated_aadharcard_images/36backside_contrast_adjusted.jpg,id_card,real,36backside,contrast_adjusted
new_generated_aadharcard_images/36backside_hue_sat_adjusted.jpg,id_card,real,36backside,hue_sat_adjusted
new_generated_aadharcard_images/36backside_scaled_down.jpg,id_card,real,36backside,scaled_down
new_generated_aadharcard_images/36backside_scaled_up.jpg,id_card,real,36backside,scaled_up
new_generated_aadharcard_images/36front_blurred.jpg,id_card,real,36front,blurred
new_generated_aadharcard_images/36front_contrast_adjusted.jpg,id_card,real,36front,contrast_adjusted
new_generated_aadharcard_images/36front_hue_sat_adjusted.jpg,id_card,real,36front,hue_sat_adjusted
new_generated_aadharcard_images/36front_scaled_down.jpg,id_card,real,36front,scaled_down
new_generated_aadharcard_images/36front_scaled_up.jpg,id_card,real,36front,scaled_up
new_generated_aadharcard_images/37backside_blurred.jpg,id_card,real,37backside,blurred
new_generated_aadharcard_images/37backside_contrast_adjusted.jpg,id_card,real,37backside,contrast_adjusted
new_generated_aadharcard_images/37backside_hue_sat_adjusted.jpg,id_card,real,37backside,hue_sat_adjusted
new_generated_aadharcard_images/37backside_scaled_down.jpg,id_card,real,37backside,scaled_down
new_generated_aadharcard_images/37backside_scaled_up.jpg,id_card,real,37backside,scaled_up
new_generated_aadharcard_images/37front_blurred.jpg,id_card,real,37front,blurred
new_generated_aadharcard_images/37front_contrast_adjusted.jpg,id_card,real,37front,contrast_adjusted
new_generated_aadharcard_images/37front_hue_sat_adjusted.jpg,id_card,real,37front,hue_sat_adjusted
new_generated_aadharcard_images/37front_scaled_down.jpg,id_card,real,37front,scaled_down
new_generated_aadharcard_images/37front_scaled_up.jpg,id_card,real,37front,scaled_up
new_generated_aadharcard_images/38backside_blurred.jpg,id_card,real,38backside,blurred
new_generated_aadharcard_images/38backside_contrast_adjusted.jpg,id_card,real,38backside,contrast_adjusted
new_generated_aadharcard_images/38backside_hue_sat_adjusted.jpg,id_card,real,38backside,hue_sat_adjusted
new_generated_aadharcard_images/38backside_scaled_down.jpg,id_card,real,38backside,scaled_down
new_generated_aadharcard_images/38backside_scaled_up.jpg,id_card,real,38backside,scaled_up
new_generated_aadharcard_images/38front_blurred.jpg,id_card,real,38front,blurred
new_generated_aadharcard_images/38front_contrast_adjusted.jpg,id_card,real,38front,contrast_adjusted
new_generated_aadharcard_images/38front_hue_sat_adjusted.jpg,id_card,real,38front,hue_sat_adjusted
new_generated_aadharcard_images/38front_scaled_down.jpg,id_card,real,38front,scaled_down
new_generated_aadharcard_images/38front_scaled_up.jpg,id_card,real,38front,scaled_up
new_generated_aadharcard_images/39backside_blurred.jpg,id_card,real,39backside,blurred
new_generated_aadharcard_images/39backside_contrast_adjusted.jpg,id_card,real,39backside,contrast_adjusted
new_generated_aadharcard_images/39backside_hue_sat_adjusted.jpg,id_card,real,39backside,hue_sat_adjusted
new_generated_aadharcard_images/39backside_scaled_down.jpg,id_card,real,39backside,scaled_down
new_generated_aadharcard_images/39backside_scaled_up.jpg,id_card,real,39backside,scaled_up
new_generated_aadharcard_images/39front_blurred.jpg,id_card,real,39front,blurred
new_generated_aadharcard_images/39front_contrast_adjusted.jpg,id_card,real,39front,contrast_adjusted
new_generated_aadharcard_images/39front_hue_sat_adjusted.jpg,id_card,real,39front,hue_sat_adjusted
new_generated_aadharcard_images/39front_scaled_down.jpg,id_card,real,39front,scaled_down
new_generated_aadharcard_images/39front_scaled_up.jpg,id_card,real,39front,scaled_up
new_generated_aadharcard_images/3backside_blurred.jpg,id_card,real,3backside,blurred
new_generated_aadharcard_images/3backside_contrast_adjusted.jpg,id_card,real,3backside,contrast_adjusted
new_generated_aadharcard_images/3backside_hue_sat_adjusted.jpg,id_card,real,3backside,hue_sat_adjusted
new_generated_aadharcard_images/3backside_scaled_down.jpg,id_card,real,3backside,scaled_down
new_generated_aadharcard_images/3backside_scaled_up.jpg,id_card,real,3backside,scaled_up
new_generated_aadharcard_images/3front_blurred.jpg,id_card,real,3front,blurred
new_generated_aadharcard_images/3front_contrast_adjusted.jpg,id_card,real,3front,contrast_adjusted
new_generated_aadharcard_images/3front_hue_sat_adjusted.jpg,id_card,real,3front,hue_sat_adjusted
new_generated_aadharcard_images/3front_scaled_down.jpg,id_card,real,3front,scaled_down
new_generated_aadharcard_images/3front_scaled_up.jpg,id_card,real,3front,scaled_up
new_generated_aadharcard_images/40backside_blurred.jpg,id_card,real,40backside,blurred
new_generated_aadharcard_images/40backside_contrast_adjusted.jpg,id_card,real,40backside,contrast_adjusted
new_generated_aadharcard_images/40backside_hue_sat_adjusted.jpg,id_card,real,40backside,hue_sat_adjusted
new_generated_aadharcard_images/40backside_scaled_down.jpg,id_card,real,40backside,scaled_down
new_generated_aadharcard_images/40backside_scaled_up.jpg,id_card,real,40backside,scaled_up
new_generated_aadharcard_images/40front_blurred.jpg,id_card,real,40front,blurred
new_generated_aadharcard_images/40front_contrast_adjusted.jpg,id_card,real,40front,contrast_adjusted
new_generated_aadharcard_images/40front_hue_sat_adjusted.jpg,id_card,real,40front,hue_sat_adjusted
new_generated_aadharcard_images/40front_scaled_down.jpg,id_card,real,40front,scaled_down
new_generated_aadharcard_images/40front_scaled_up.jpg,id_card,real,40front,scaled_up
new_generated_aadharcard_images/41backside_blurred.jpg,id_card,real,41backside,blurred
new_generated_aadharcard_images/41backside_contrast_adjusted.jpg,id_card,real,41backside,contrast_adjusted
new_generated_aadharcard_images/41backside_hue_sat_adjusted.jpg,id_card,real,41backside,hue_sat_adjusted
new_generated_aadharcard_images/41backside_scaled_down.jpg,id_card,real,41backside,scaled_down
new_generated_aadharcard_images/41backside_scaled_up.jpg,id_card,real,41backside,scaled_up
new_generated_aadharcard_images/41front_blurred.jpg,id_card,real,41front,blurred
new_generated_aadharcard_images/41front_contrast_adjusted.jpg,id_card,real,41front,contrast_adjusted
new_generated_aadharcard_images/41front_hue_sat_adjusted.jpg,id_card,real,41front,hue_sat_adjusted
new_generated_aadharcard_images/41front_scaled_down.jpg,id_card,real,41front,scaled_down
new_generated_aadharcard_images/41front_scaled_up.jpg,id_card,real,41front,scaled_up
new_generated_aadharcard_images/42backside_blurred.jpg,id_card,real,42backside,blurred
new_generated_aadharcard_images/42backside_contrast_adjusted.jpg,id_card,real,42backside,contrast_adjusted
new_generated_aadharcard_images/42backside_hue_sat_adjusted.jpg,id_card,real,42backside,hue_sat_adjusted
new_generated_aadharcard_images/42backside_scaled_down.jpg,id_card,real,42backside,scaled_down
new_generated_aadharcard_images/42backside_scaled_up.jpg,id_card,real,42backside,scaled_up
new_generated_aadharcard_images/42front_blurred.jpg,id_card,real,42front,blurred
new_generated_aadharcard_images/42front_contrast_adjusted.jpg,id_card,real,42front,contrast_adjusted
new_generated_aadharcard_images/42front_hue_sat_adjusted.jpg,id_card,real,42front,hue_sat_adjusted
new_generated_aadharcard_images/42front_scaled_down.jpg,id_card,real,42front,scaled_down
new_generated_aadharcard_images/42front_scaled_up.jpg,id_card,real,42front,scaled_up
new_generated_aadharcard_images/43backside_blurred.jpg,id_card,real,43backside,blurred
new_generated_aadharcard_images/43backside_contrast_adjusted.jpg,id_card,real,43backside,contrast_adjusted
new_generated_aadharcard_images/43backside_hue_sat_adjusted.jpg,id_card,real,43backside,hue_sat_adjusted
new_generated_aadharcard_images/43backside_scaled_down.jpg,id_card,real,43backside,scaled_down
new_generated_aadharcard_images/43backside_scaled_up.jpg,id_card,real,43backside,scaled_up
new_generated_aadharcard_images/43front_blurred.jpg,id_card,real,43front,blurred
new_generated_aadharcard_images/43front_contrast_adjusted.jpg,id_card,real,43front,contrast_adjusted
new_generated_aadharcard_images/43front_hue_sat_adjusted.jpg,id_card,real,43front,hue_sat_adjusted
new_generated_aadharcard_images/43front_scaled_down.jpg,id_card,real,43front,scaled_down
new_generated_aadharcard_images/43front_scaled_up.jpg,id_card,real,43front,scaled_up
new_generated_aadharcard_images/44backside_blurred.jpg,id_card,real,44backside,blurred
new_generated_aadharcard_images/44backside_contrast_adjusted.jpg,id_card,real,44backside,contrast_adjusted
new_generated_aadharcard_images/44backside_hue_sat_adjusted.jpg,id_card,real,44backside,hue_sat_adjusted
new_generated_aadharcard_images/44backside_scaled_down.jpg,id_card,real,44backside,scaled_down
new_generated_aadharcard_images/44backside_scaled_up.jpg,id_card,real,44backside,scaled_up
new_generated_aadharcard_images/44front_blurred.jpg,id_card,real,44front,blurred
new_generated_aadharcard_images/44front_contrast_adjusted.jpg,id_card,real,44front,contrast_adjusted
new_generated_aadharcard_images/44front_hue_sat_adjusted.jpg,id_card,real,44front,hue_sat_adjusted
new_generated_aadharcard_images/44front_scaled_down.jpg,id_card,real,44front,scaled_down
new_generated_aadharcard_images/44front_scaled_up.jpg,id_card,real,44front,scaled_up
new_generated_aadharcard_images/45backside_blurred.jpg,id_card,real,45backside,blurred
new_generated_aadharcard_images/45backside_contrast_adjusted.jpg,id_card,real,45backside,contrast_adjusted
new_generated_aadharcard_images/45backside_hue_sat_adjusted.jpg,id_card,real,45backside,hue_sat_adjusted
new_generated_aadharcard_images/45backside_scaled_down.jpg,id_card,real,45backside,scaled_down
new_generated_aadharcard_images/45backside_scaled_up.jpg,id_card,real,45backside,scaled_up
new_generated_aadharcard_images/45front_blurred.jpg,id_card,real,45front,blurred
new_generated_aadharcard_images/45front_contrast_adjusted.jpg,id_card,real,45front,contrast_adjusted
new_generated_aadharcard_images/45front_hue_sat_adjusted.jpg,id_card,real,45front,hue_sat_adjusted
new_generated_aadharcard_images/45front_scaled_down.jpg,id_card,real,45front,scaled_down
new_generated_aadharcard_images/45front_scaled_up.jpg,id_card,real,45front,scaled_up
new_generated_aadharcard_images/46backside_blurred.jpg,id_card,real,46backside,blurred
new_generated_aadharcard_images/46backside_contrast_adjusted.jpg,id_card,real,46backside,contrast_adjusted
new_generated_aadharcard_images/46backside_hue_sat_adjusted.jpg,id_card,real,46backside,hue_sat_adjusted
new_generated_aadharcard_images/46backside_scaled_down.jpg,id_card,real,46backside,scaled_down
new_generated_aadharcard_images/46backside_scaled_up.jpg,id_card,real,46backside,scaled_up
new_generated_aadharcard_images/46front_blurred.jpg,id_card,real,46front,blurred
new_generated_aadharcard_images/46front_contrast_adjusted.jpg,id_card,real,46front,contrast_adjusted
new_generated_aadharcard_images/46front_hue_sat_adjusted.jpg,id_card,real,46front,hue_sat_adjusted
new_generated_aadharcard_images/46front_scaled_down.jpg,id_card,real,46front,scaled_down
new_generated_aadharcard_images/46front_scaled_up.jpg,id_card,real,46front,scaled_up
new_generated_aadharcard_images/47backside_blurred.jpg,id_card,real,47backside,blurred
new_generated_aadharcard_images/47backside_contrast_adjusted.jpg,id_card,real,47backside,contrast_adjusted
new_generated_aadharcard_images/47backside_hue_sat_adjusted.jpg,id_card,real,47backside,hue_sat_adjusted
new_generated_aadharcard_images/47backside_scaled_down.jpg,id_card,real,47backside,scaled_down
new_generated_aadharcard_images/47backside_scaled_up.jpg,id_card,real,47backside,scaled_up
new_generated_aadharcard_images/47front_blurred.jpg,id_card,real,47front,blurred
new_generated_aadharcard_images/47front_contrast_adjusted.jpg,id_card,real,47front,contrast_adjusted
new_generated_aadharcard_images/47front_hue_sat_adjusted.jpg,id_card,real,47front,hue_sat_adjusted
new_generated_aadharcard_images/47front_scaled_down.jpg,id_card,real,47front,scaled_down
new_generated_aadharcard_images/47front_scaled_up.jpg,id_card,real,47front,scaled_up
new_generated_aadharcard_images/48backside_blurred.jpg,id_card,real,48backside,blurred
new_generated_aadharcard_images/48backside_contrast_adjusted.jpg,id_card,real,48backside,contrast_adjusted
new_generated_aadharcard_images/48backside_hue_sat_adjusted.jpg,id_card,real,48backside,hue_sat_adjusted
new_generated_aadharcard_images/48backside_scaled_down.jpg,id_card,real,48backside,scaled_down
new_generated_aadharcard_images/48backside_scaled_up.jpg,id_card,real,48backside,scaled_up
new_generated_aadharcard_images/48front_blurred.jpg,id_card,real,48front,blurred
new_generated_aadharcard_images/48front_contrast_adjusted.jpg,id_card,real,48front,contrast_adjusted
new_generated_aadharcard_images/48front_hue_sat_adjusted.jpg,id_card,real,48front,hue_sat_adjusted
new_generated_aadharcard_images/48front_scaled_down.jpg,id_card,real,48front,scaled_down
new_generated_aadharcard_images/48front_scaled_up.jpg,id_card,real,48front,scaled_up
new_generated_aadharcard_images/49backside_blurred.jpg,id_card,real,49backside,blurred
new_generated_aadharcard_images/49backside_contrast_adjusted.jpg,id_card,real,49backside,contrast_adjusted
new_generated_aadharcard_images/49backside_hue_sat_adjusted.jpg,id_card,real,49backside,hue_sat_adjusted
new_generated_aadharcard_images/49backside_scaled_down.jpg,id_card,real,49backside,scaled_down
new_generated_aadharcard_images/49backside_scaled_up.jpg,id_card,real,49backside,scaled_up
new_generated_aadharcard_images/49front_blurred.jpg,id_card,real,49front,blurred
new_generated_aadharcard_images/49front_contrast_adjusted.jpg,id_card,real,49front,contrast_adjusted
new_generated_aadharcard_images/49front_hue_sat_adjusted.jpg,id_card,real,49front,hue_sat_adjusted
new_generated_aadharcard_images/49front_scaled_down.jpg,id_card,real,49front,scaled_down
new_generated_aadharcard_images/49front_scaled_up.jpg,id_card,real,49front,scaled_up
new_generated_aadharcard_images/50backside_blurred.jpg,id_card,real,50backside,blurred
new_generated_aadharcard_images/50backside_contrast_adjusted.jpg,id_card,real,50backside,contrast_adjusted
new_generated_aadharcard_images/50backside_hue_sat_adjusted.jpg,id_card,real,50backside,hue_sat_adjusted
new_generated_aadharcard_images/50backside_scaled_down.jpg,id_card,real,50backside,scaled_down
new_generated_aadharcard_images/50backside_scaled_up.jpg,id_card,real,50backside,scaled_up
new_generated_aadharcard_images/50front_blurred.jpg,id_card,real,50front,blurred
new_generated_aadharcard_images/50front_contrast_adjusted.jpg,id_card,real,50front,contrast_adjusted
new_generated_aadharcard_images/50front_hue_sat_adjusted.jpg,id_card,real,50front,hue_sat_adjusted
new_generated_aadharcard_images/50front_scaled_down.jpg,id_card,real,50front,scaled_down
new_generated_aadharcard_images/50front_scaled_up.jpg,id_card,real,50front,scaled_up
new_generated_aadharcard_images/51backside_blurred.jpg,id_card,real,51backside,blurred
new_generated_aadharcard_images/51backside_contrast_adjusted.jpg,id_card,real,51backside,contrast_adjusted
new_generated_aadharcard_images/51backside_hue_sat_adjusted.jpg,id_card,real,51backside,hue_sat_adjusted
new_generated_aadharcard_images/51backside_scaled_down.jpg,id_card,real,51backside,scaled_down
new_generated_aadharcard_images/51backside_scaled_up.jpg,id_card,real,51backside,scaled_up
new_generated_aadharcard_images/51front_blurred.jpg,id_card,real,51front,blurred
new_generated_aadharcard_images/51front_contrast_adjusted.jpg,id_card,real,51front,contrast_adjusted
new_generated_aadharcard_images/51front_hue_sat_adjusted.jpg,id_card,real,51front,hue_sat_adjusted
new_generated_aadharcard_images/51front_scaled_down.jpg,id_card,real,51front,scaled_down
new_generated_aadharcard_images/51front_scaled_up.jpg,id_card,real,51front,scaled_up
new_generated_aadharcard_images/52backside_blurred.jpg,id_card,real,52backside,blurred
new_generated_aadharcard_images/52backside_contrast_adjusted.jpg,id_card,real,52backside,contrast_adjusted
new_generated_aadharcard_images/52backside_hue_sat_adjusted.jpg,id_card,real,52backside,hue_sat_adjusted
new_generated_aadharcard_images/52backside_scaled_down.jpg,id_card,real,52backside,scaled_down
new_generated_aadharcard_images/52backside_scaled_up.jpg,id_card,real,52backside,scaled_up
new_generated_aadharcard_images/52front_blurred.jpg,id_card,real,52front,blurred
new_generated_aadharcard_images/52front_contrast_adjusted.jpg,id_card,real,52front,contrast_adjusted
new_generated_aadharcard_images/52front_hue_sat_adjusted.jpg,id_card,real,52front,hue_sat_adjusted
new_generated_aadharcard_images/52front_scaled_down.jpg,id_card,real,52front,scaled_down
new_generated_aadharcard_images/52front_scaled_up.jpg,id_card,real,52front,scaled_up
new_generated_aadharcard_images/53backside_blurred.jpg,id_card,real,53backside,blurred
new_generated_aadharcard_images/53backside_contrast_adjusted.jpg,id_card,real,53backside,contrast_adjusted
new_generated_aadharcard_images/53backside_hue_sat_adjusted.jpg,id_card,real,53backside,hue_sat_adjusted
new_generated_aadharcard_images/53backside_scaled_down.jpg,id_card,real,53backside,scaled_down
new_generated_aadharcard_images/53backside_scaled_up.jpg,id_card,real,53backside,scaled_up
new_generated_aadharcard_images/53front_blurred.jpg,id_card,real,53front,blurred
new_generated_aadharcard_images/53front_contrast_adjusted.jpg,id_card,real,53front,contrast_adjusted
new_generated_aadharcard_images/53front_hue_sat_adjusted.jpg,id_card,real,53front,hue_sat_adjusted
new_generated_aadharcard_images/53front_scaled_down.jpg,id_card,real,53front,scaled_down
new_generated_aadharcard_images/53front_scaled_up.jpg,id_card,real,53front,scaled_up
new_generated_aadharcard_images/54backside_blurred.jpg,id_card,real,54backside,blurred
new_generated_aadharcard_images/54backside_contrast_adjusted.jpg,id_card,real,54backside,contrast_adjusted
new_generated_aadharcard_images/54backside_hue_sat_adjusted.jpg,id_card,real,54backside,hue_sat_adjusted
new_generated_aadharcard_images/54backside_scaled_down.jpg,id_card,real,54backside,scaled_down
new_generated_aadharcard_images/54backside_scaled_up.jpg,id_card,real,54backside,scaled_up
new_generated_aadharcard_images/54front_blurred.jpg,id_card,real,54front,blurred
new_generated_aadharcard_images/54front_contrast_adjusted.jpg,id_card,real,54front,contrast_adjusted
new_generated_aadharcard_images/54front_hue_sat_adjusted.jpg,id_card,real,54front,hue_sat_adjusted
new_generated_aadharcard_images/54front_scaled_down.jpg,id_card,real,54front,scaled_down
new_generated_aadharcard_images/54front_scaled_up.jpg,id_card,real,54front,scaled_up
new_generated_aadharcard_images/55backside_blurred.jpg,id_card,real,55backside,blurred
new_generated_aadharcard_images/55backside_contrast_adjusted.jpg,id_card,real,55backside,contrast_adjusted
new_generated_aadharcard_images/55backside_hue_sat_adjusted.jpg,id_card,real,55backside,hue_sat_adjusted
new_generated_aadharcard_images/55backside_scaled_down.jpg,id_card,real,55backside,scaled_down
new_generated_aadharcard_images/55backside_scaled_up.jpg,id_card,real,55backside,scaled_up
new_generated_aadharcard_images/55front_blurred.jpg,id_card,real,55front,blurred
new_generated_aadharcard_images/55front_contrast_adjusted.jpg,id_card,real,55front,contrast_adjusted
new_generated_aadharcard_images/55front_hue_sat_adjusted.jpg,id_card,real,55front,hue_sat_adjusted
new_generated_aadharcard_images/55front_scaled_down.jpg,id_card,real,55front,scaled_down
new_generated_aadharcard_images/55front_scaled_up.jpg,id_card,real,55front,scaled_up
new_generated_aadharcard_images/56backside_blurred.jpg,id_card,real,56backside,blurred
new_generated_aadharcard_images/56backside_contrast_adjusted.jpg,id_card,real,56backside,contrast_adjusted
new_generated_aadharcard_images/56backside_hue_sat_adjusted.jpg,id_card,real,56backside,hue_sat_adjusted
new_generated_aadharcard_images/56backside_scaled_down.jpg,id_card,real,56backside,scaled_down
new_generated_aadharcard_images/56backside_scaled_up.jpg,id_card,real,56backside,scaled_up
new_generated_aadharcard_images/56front_blurred.jpg,id_card,real,56front,blurred
new_generated_aadharcard_images/56front_contrast_adjusted.jpg,id_card,real,56front,contrast_adjusted
new_generated_aadharcard_images/56front_hue_sat_adjusted.jpg,id_card,real,56front,hue_sat_adjusted
new_generated_aadharcard_images/56front_scaled_down.jpg,id_card,real,56front,scaled_down
new_generated_aadharcard_images/56front_scaled_up.jpg,id_card,real,56front,scaled_up
new_generated_aadharcard_images/57backside_blurred.jpg,id_card,real,57backside,blurred
new_generated_aadharcard_images/57backside_contrast_adjusted.jpg,id_card,real,57backside,contrast_adjusted
new_generated_aadharcard_images/57backside_hue_sat_adjusted.jpg,id_card,real,57backside,hue_sat_adjusted
new_generated_aadharcard_images/57backside_scaled_down.jpg,id_card,real,57backside,scaled_down
new_generated_aadharcard_images/57backside_scaled_up.jpg,id_card,real,57backside,scaled_up
new_generated_aadharcard_images/57front_blurred.jpg,id_card,real,57front,blurred
new_generated_aadharcard_images/57front_contrast_adjusted.jpg,id_card,real,57front,contrast_adjusted
new_generated_aadharcard_images/57front_hue_sat_adjusted.jpg,id_card,real,57front,hue_sat_adjusted
new_generated_aadharcard_images/57front_scaled_down.jpg,id_card,real,57front,scaled_down
new_generated_aadharcard_images/57front_scaled_up.jpg,id_card,real,57front,scaled_up
new_generated_aadharcard_images/58backside_blurred.jpg,id_card,real,58backside,blurred
new_generated_aadharcard_images/58backside_contrast_adjusted.jpg,id_card,real,58backside,contrast_adjusted
new_generated_aadharcard_images/58backside_hue_sat_adjusted.jpg,id_card,real,58backside,hue_sat_adjusted
new_generated_aadharcard_images/58backside_scaled_down.jpg,id_card,real,58backside,scaled_down
new_generated_aadharcard_images/58backside_scaled_up.jpg,id_card,real,58backside,scaled_up
new_generated_aadharcard_images/58front_blurred.jpg,id_card,real,58front,blurred
new_generated_aadharcard_images/58front_contrast_adjusted.jpg,id_card,real,58front,contrast_adjusted
new_generated_aadharcard_images/58front_hue_sat_adjusted.jpg,id_card,real,58front,hue_sat_adjusted
new_generated_aadharcard_images/58front_scaled_down.jpg,id_card,real,58front,scaled_down
new_generated_aadharcard_images/58front_scaled_up.jpg,id_card,real,58front,scaled_up
new_generated_aadharcard_images/59backside_blurred.jpg,id_card,real,59backside,blurred
new_generated_aadharcard_images/59backside_contrast_adjusted.jpg,id_card,real,59backside,contrast_adjusted
new_generated_aadharcard_images/59backside_hue_sat_adjusted.jpg,id_card,real,59backside,hue_sat_adjusted
new_generated_aadharcard_images/59backside_scaled_down.jpg,id_card,real,59backside,scaled_down
new_generated_aadharcard_images/59backside_scaled_up.jpg,id_card,real,59backside,scaled_up
new_generated_aadharcard_images/59front_blurred.jpg,id_card,real,59front,blurred
new_generated_aadharcard_images/59front_contrast_adjusted.jpg,id_card,real,59front,contrast_adjusted
new_generated_aadharcard_images/59front_hue_sat_adjusted.jpg,id_card,real,59front,hue_sat_adjusted
new_generated_aadharcard_images/59front_scaled_down.jpg,id_card,real,59front,scaled_down
new_generated_aadharcard_images/59front_scaled_up.jpg,id_card,real,59front,scaled_up
new_generated_aadharcard_images/5backside_blurred.jpg,id_card,real,5backside,blurred
new_generated_aadharcard_images/5backside_contrast_adjusted.jpg,id_card,real,5backside,contrast_adjusted
new_generated_aadharcard_images/5backside_hue_sat_adjusted.jpg,id_card,real,5backside,hue_sat_adjusted
new_generated_aadharcard_images/5backside_scaled_down.jpg,id_card,real,5backside,scaled_down
new_generated_aadharcard_images/5backside_scaled_up.jpg,id_card,real,5backside,scaled_up
new_generated_aadharcard_images/5front_blurred.jpg,id_card,real,5front,blurred
new_generated_aadharcard_images/5front_contrast_adjusted.jpg,id_card,real,5front,contrast_adjusted
new_generated_aadharcard_images/5front_hue_sat_adjusted.jpg,id_card,real,5front,hue_sat_adjusted
new_generated_aadharcard_images/5front_scaled_down.jpg,id_card,real,5front,scaled_down
new_generated_aadharcard_images/5front_scaled_up.jpg,id_card,real,5front,scaled_up
new_generated_aadharcard_images/60backside_blurred.jpg,id_card,real,60backside,blurred
new_generated_aadharcard_images/60backside_contrast_adjusted.jpg,id_card,real,60backside,contrast_adjusted
new_generated_aadharcard_images/60backside_hue_sat_adjusted.jpg,id_card,real,60backside,hue_sat_adjusted
new_generated_aadharcard_images/60backside_scaled_down.jpg,id_card,real,60backside,scaled_down
new_generated_aadharcard_images/60backside_scaled_up.jpg,id_card,real,60backside,scaled_up
new_generated_aadharcard_images/60front_blurred.jpg,id_card,real,60front,blurred
new_generated_aadharcard_images/60front_contrast_adjusted.jpg,id_card,real,60front,contrast_adjusted
new_generated_aadharcard_images/60front_hue_sat_adjusted.jpg,id_card,real,60front,hue_sat_adjusted
new_generated_aadharcard_images/60front_scaled_down.jpg,id_card,real,60front,scaled_down
new_generated_aadharcard_images/60front_scaled_up.jpg,id_card,real,60front,scaled_up
new_generated_aadharcard_images/61backside_blurred.jpg,id_card,real,61backside,blurred
new_generated_aadharcard_images/61backside_contrast_adjusted.jpg,id_card,real,61backside,contrast_adjusted
new_generated_aadharcard_images/61backside_hue_sat_adjusted.jpg,id_card,real,61backside,hue_sat_adjusted
new_generated_aadharcard_images/61backside_scaled_down.jpg,id_card,real,61backside,scaled_down
new_generated_aadharcard_images/61backside_scaled_up.jpg,id_card,real,61backside,scaled_up
new_generated_aadharcard_images/61front_blurred.jpg,id_card,real,61front,blurred
new_generated_aadharcard_images/61front_contrast_adjusted.jpg,id_card,real,61front,contrast_adjusted
new_generated_aadharcard_images/61front_hue_sat_adjusted.jpg,id_card,real,61front,hue_sat_adjusted
new_generated_aadharcard_images/61front_scaled_down.jpg,id_card,real,61front,scaled_down
new_generated_aadharcard_images/61front_scaled_up.jpg,id_card,real,61front,scaled_up
new_generated_aadharcard_images/62backside_blurred.jpg,id_card,real,62backside,blurred
new_generated_aadharcard_images/62backside_contrast_adjusted.jpg,id_card,real,62backside,contrast_adjusted
new_generated_aadharcard_images/62backside_hue_sat_adjusted.jpg,id_card,real,62backside,hue_sat_adjusted
new_generated_aadharcard_images/62backside_scaled_down.jpg,id_card,real,62backside,scaled_down
new_generated_aadharcard_images/62backside_scaled_up.jpg,id_card,real,62backside,scaled_up
new_generated_aadharcard_images/62front_blurred.jpg,id_card,real,62front,blurred
new_generated_aadharcard_images/62front_contrast_adjusted.jpg,id_card,real,62front,contrast_adjusted
new_generated_aadharcard_images/62front_hue_sat_adjusted.jpg,id_card,real,62front,hue_sat_adjusted
new_generated_aadharcard_images/62front_scaled_down.jpg,id_card,real,62front,scaled_down
new_generated_aadharcard_images/62front_scaled_up.jpg,id_card,real,62front,scaled_up
new_generated_aadharcard_images/63backside_blurred.jpg,id_card,real,63backside,blurred
new_generated_aadharcard_images/63backside_contrast_adjusted.jpg,id_card,real,63backside,contrast_adjusted
new_generated_aadharcard_images/63backside_hue_sat_adjusted.jpg,id_card,real,63backside,hue_sat_adjusted
new_generated_aadharcard_images/63backside_scaled_down.jpg,id_card,real,63backside,scaled_down
new_generated_aadharcard_images/63backside_scaled_up.jpg,id_card,real,63backside,scaled_up
new_generated_aadharcard_images/63front_blurred.jpg,id_card,real,63front,blurred
new_generated_aadharcard_images/63front_contrast_adjusted.jpg,id_card,real,63front,contrast_adjusted
new_generated_aadharcard_images/63front_hue_sat_adjusted.jpg,id_card,real,63front,hue_sat_adjusted
new_generated_aadharcard_images/63front_scaled_down.jpg,id_card,real,63front,scaled_down
new_generated_aadharcard_images/63front_scaled_up.jpg,id_card,real,63front,scaled_up
new_generated_aadharcard_images/64backside_blurred.jpg,id_card,real,64backside,blurred
new_generated_aadharcard_images/64backside_contrast_adjusted.jpg,id_card,real,64backside,contrast_adjusted
new_generated_aadharcard_images/64backside_hue_sat_adjusted.jpg,id_card,real,64backside,hue_sat_adjusted
new_generated_aadharcard_images/64backside_scaled_down.jpg,id_card,real,64backside,scaled_down
new_generated_aadharcard_images/64backside_scaled_up.jpg,id_card,real,64backside,scaled_up
new_generated_aadharcard_images/64front_blurred.jpg,id_card,real,64front,blurred
new_generated_aadharcard_images/64front_contrast_adjusted.jpg,id_card,real,64front,contrast_adjusted
new_generated_aadharcard_images/64front_hue_sat_adjusted.jpg,id_card,real,64front,hue_sat_adjusted
new_generated_aadharcard_images/64front_scaled_down.jpg,id_card,real,64front,scaled_down
new_generated_aadharcard_images/64front_scaled_up.jpg,id_card,real,64front,scaled_up
new_generated_aadharcard_images/65backside_blurred.jpg,id_card,real,65backside,blurred
new_generated_aadharcard_images/65backside_contrast_adjusted.jpg,id_card,real,65backside,contrast_adjusted
new_generated_aadharcard_images/65backside_hue_sat_adjusted.jpg,id_card,real,65backside,hue_sat_adjusted
new_generated_aadharcard_images/65backside_scaled_down.jpg,id_card,real,65backside,scaled_down
new_generated_aadharcard_images/65backside_scaled_up.jpg,id_card,real,65backside,scaled_up
new_generated_aadharcard_images/65front_blurred.jpg,id_card,real,65front,blurred
new_generated_aadharcard_images/65front_contrast_adjusted.jpg,id_card,real,65front,contrast_adjusted
new_generated_aadharcard_images/65front_hue_sat_adjusted.jpg,id_card,real,65front,hue_sat_adjusted
new_generated_aadharcard_images/65front_scaled_down.jpg,id_card,real,65front,scaled_down
new_generated_aadharcard_images/65front_scaled_up.jpg,id_card,real,65front,scaled_up
new_generated_aadharcard_images/66backside_blurred.jpg,id_card,real,66backside,blurred
new_generated_aadharcard_images/66backside_contrast_adjusted.jpg,id_card,real,66backside,contrast_adjusted
new_generated_aadharcard_images/66backside_hue_sat_adjusted.jpg,id_card,real,66backside,hue_sat_adjusted
new_generated_aadharcard_images/66backside_scaled_down.jpg,id_card,real,66backside,scaled_down
new_generated_aadharcard_images/66backside_scaled_up.jpg,id_card,real,66backside,scaled_up
new_generated_aadharcard_images/66front_blurred.jpg,id_card,real,66front,blurred
new_generated_aadharcard_images/66front_contrast_adjusted.jpg,id_card,real,66front,contrast_adjusted
new_generated_aadharcard_images/66front_hue_sat_adjusted.jpg,id_card,real,66front,hue_sat_adjusted
new_generated_aadharcard_images/66front_scaled_down.jpg,id_card,real,66front,scaled_down
new_generated_aadharcard_images/66front_scaled_up.jpg,id_card,real,66front,scaled_up
new_generated_aadharcard_images/67backside_blurred.jpg,id_card,real,67backside,blurred
new_generated_aadharcard_images/67backside_contrast_adjusted.jpg,id_card,real,67backside,contrast_adjusted
new_generated_aadharcard_images/67backside_hue_sat_adjusted.jpg,id_card,real,67backside,hue_sat_adjusted
new_generated_aadharcard_images/67backside_scaled_down.jpg,id_card,real,67backside,scaled_down
new_generated_aadharcard_images/67backside_scaled_up.jpg,id_card,real,67backside,scaled_up
new_generated_aadharcard_images/67front_blurred.jpg,id_card,real,67front,blurred
new_generated_aadharcard_images/67front_contrast_adjusted.jpg,id_card,real,67front,contrast_adjusted
new_generated_aadharcard_images/67front_hue_sat_adjusted.jpg,id_card,real,67front,hue_sat_adjusted
new_generated_aadharcard_images/67front_scaled_down.jpg,id_card,real,67front,scaled_down
new_generated_aadharcard_images/67front_scaled_up.jpg,id_card,real,67front,scaled_up
new_generated_aadharcard_images/68backside_blurred.jpg,id_card,real,68backside,blurred
new_generated_aadharcard_images/68backside_contrast_adjusted.jpg,id_card,real,68backside,contrast_adjusted
new_generated_aadharcard_images/68backside_hue_sat_adjusted.jpg,id_card,real,68backside,hue_sat_adjusted
new_generated_aadharcard_images/68backside_scaled_down.jpg,id_card,real,68backside,scaled_down
new_generated_aadharcard_images/68backside_scaled_up.jpg,id_card,real,68backside,scaled_up
new_generated_aadharcard_images/68front_blurred.jpg,id_card,real,68front,blurred
new_generated_aadharcard_images/68front_contrast_adjusted.jpg,id_card,real,68front,contrast_adjusted
new_generated_aadharcard_images/68front_hue_sat_adjusted.jpg,id_card,real,68front,hue_sat_adjusted
new_generated_aadharcard_images/68front_scaled_down.jpg,id_card,real,68front,scaled_down
new_generated_aadharcard_images/68front_scaled_up.jpg,id_card,real,68front,scaled_up
new_generated_aadharcard_images/69backside_blurred.jpg,id_card,real,69backside,blurred
new_generated_aadharcard_images/69backside_contrast_adjusted.jpg,id_card,real,69backside,contrast_adjusted
new_generated_aadharcard_images/69backside_hue_sat_adjusted.jpg,id_card,real,69backside,hue_sat_adjusted
new_generated_aadharcard_images/69backside_scaled_down.jpg,id_card,real,69backside,scaled_down
new_generated_aadharcard_images/69backside_scaled_up.jpg,id_card,real,69backside,scaled_up
new_generated_aadharcard_images/69front_blurred.jpg,id_card,real,69front,blurred
new_generated_aadharcard_images/69front_contrast_adjusted.jpg,id_card,real,69front,contrast_adjusted
new_generated_aadharcard_images/69front_hue_sat_adjusted.jpg,id_card,real,69front,hue_sat_adjusted
new_generated_aadharcard_images/69front_scaled_down.jpg,id_card,real,69front,scaled_down
new_generated_aadharcard_images/69front_scaled_up.jpg,id_card,real,69front,scaled_up
new_generated_aadharcard_images/6backside_blurred.jpg,id_card,real,6backside,blurred
new_generated_aadharcard_images/6backside_contrast_adjusted.jpg,id_card,real,6backside,contrast_adjusted
new_generated_aadharcard_images/6backside_hue_sat_adjusted.jpg,id_card,real,6backside,hue_sat_adjusted
new_generated_aadharcard_images/6backside_scaled_down.jpg,id_card,real,6backside,scaled_down
new_generated_aadharcard_images/6backside_scaled_up.jpg,id_card,real,6backside,scaled_up
new_generated_aadharcard_images/6front_blurred.jpg,id_card,real,6front,blurred
new_generated_aadharcard_images/6front_contrast_adjusted.jpg,id_card,real,6front,contrast_adjusted
new_generated_aadharcard_images/6front_hue_sat_adjusted.jpg,id_card,real,6front,hue_sat_adjusted
new_generated_aadharcard_images/6front_scaled_down.jpg,id_card,real,6front,scaled_down
new_generated_aadharcard_images/6front_scaled_up.jpg,id_card,real,6front,scaled_up
new_generated_aadharcard_images/70backside_blurred.jpg,id_card,real,70backside,blurred
new_generated_aadharcard_images/70backside_contrast_adjusted.jpg,id_card,real,70backside,contrast_adjusted
new_generated_aadharcard_images/70backside_hue_sat_adjusted.jpg,id_card,real,70backside,hue_sat_adjusted
new_generated_aadharcard_images/70backside_scaled_down.jpg,id_card,real,70backside,scaled_down
new_generated_aadharcard_images/70backside_scaled_up.jpg,id_card,real,70backside,scaled_up
new_generated_aadharcard_images/70front_blurred.jpg,id_card,real,70front,blurred
new_generated_aadharcard_images/70front_contrast_adjusted.jpg,id_card,real,70front,contrast_adjusted
new_generated_aadharcard_images/70front_hue_sat_adjusted.jpg,id_card,real,70front,hue_sat_adjusted
new_generated_aadharcard_images/70front_scaled_down.jpg,id_card,real,70front,scaled_down
new_generated_aadharcard_images/70front_scaled_up.jpg,id_card,real,70front,scaled_up
new_generated_aadharcard_images/71backside_blurred.jpg,id_card,real,71backside,blurred
new_generated_aadharcard_images/71backside_contrast_adjusted.jpg,id_card,real,71backside,contrast_adjusted
new_generated_aadharcard_images/71backside_hue_sat_adjusted.jpg,id_card,real,71backside,hue_sat_adjusted
new_generated_aadharcard_images/71backside_scaled_down.jpg,id_card,real,71backside,scaled_down
new_generated_aadharcard_images/71backside_scaled_up.jpg,id_card,real,71backside,scaled_up
new_generated_aadharcard_images/71front_blurred.jpg,id_card,real,71front,blurred
new_generated_aadharcard_images/71front_contrast_adjusted.jpg,id_card,real,71front,contrast_adjusted
new_generated_aadharcard_images/71front_hue_sat_adjusted.jpg,id_card,real,71front,hue_sat_adjusted
new_generated_aadharcard_images/71front_scaled_down.jpg,id_card,real,71front,scaled_down
new_generated_aadharcard_images/71front_scaled_up.jpg,id_card,real,71front,scaled_up
new_generated_aadharcard_images/72backside_blurred.jpg,id_card,real,72backside,blurred
new_generated_aadharcard_images/72backside_contrast_adjusted.jpg,id_card,real,72backside,contrast_adjusted
new_generated_aadharcard_images/72backside_hue_sat_adjusted.jpg,id_card,real,72backside,hue_sat_adjusted
new_generated_aadharcard_images/72backside_scaled_down.jpg,id_card,real,72backside,scaled_down
new_generated_aadharcard_images/72backside_scaled_up.jpg,id_card,real,72backside,scaled_up
new_generated_aadharcard_images/72front_blurred.jpg,id_card,real,72front,blurred
new_generated_aadharcard_images/72front_contrast_adjusted.jpg,id_card,real,72front,contrast_adjusted
new_generated_aadharcard_images/72front_hue_sat_adjusted.jpg,id_card,real,72front,hue_sat_adjusted
new_generated_aadharcard_images/72front_scaled_down.jpg,id_card,real,72front,scaled_down
new_generated_aadharcard_images/72front_scaled_up.jpg,id_card,real,72front,scaled_up
new_generated_aadharcard_images/73backside_blurred.jpg,id_card,real,73backside,blurred
new_generated_aadharcard_images/73backside_contrast_adjusted.jpg,id_card,real,73backside,contrast_adjusted
new_generated_aadharcard_images/73backside_hue_sat_adjusted.jpg,id_card,real,73backside,hue_sat_adjusted
new_generated_aadharcard_images/73backside_scaled_down.jpg,id_card,real,73backside,scaled_down
new_generated_aadharcard_images/73backside_scaled_up.jpg,id_card,real,73backside,scaled_up
new_generated_aadharcard_images/73front_blurred.jpg,id_card,real,73front,blurred
new_generated_aadharcard_images/73front_contrast_adjusted.jpg,id_card,real,73front,contrast_adjusted
new_generated_aadharcard_images/73front_hue_sat_adjusted.jpg,id_card,real,73front,hue_sat_adjusted
new_generated_aadharcard_images/73front_scaled_down.jpg,id_card,real,73front,scaled_down
new_generated_aadharcard_images/73front_scaled_up.jpg,id_card,real,73front,scaled_up
new_generated_aadharcard_images/74backside_blurred.jpg,id_card,real,74backside,blurred
new_generated_aadharcard_images/74backside_contrast_adjusted.jpg,id_card,real,74backside,contrast_adjusted
new_generated_aadharcard_images/74backside_hue_sat_adjusted.jpg,id_card,real,74backside,hue_sat_adjusted
new_generated_aadharcard_images/74backside_scaled_down.jpg,id_card,real,74backside,scaled_down
new_generated_aadharcard_images/74backside_scaled_up.jpg,id_card,real,74backside,scaled_up
new_generated_aadharcard_images/74front_blurred.jpg,id_card,real,74front,blurred
new_generated_aadharcard_images/74front_contrast_adjusted.jpg,id_card,real,74front,contrast_adjusted
new_generated_aadharcard_images/74front_hue_sat_adjusted.jpg,id_card,real,74front,hue_sat_adjusted
new_generated_aadharcard_images/74front_scaled_down.jpg,id_card,real,74front,scaled_down
new_generated_aadharcard_images/74front_scaled_up.jpg,id_card,real,74front,scaled_up
new_generated_aadharcard_images/75backside_blurred.jpg,id_card,real,75backside,blurred
new_generated_aadharcard_images/75backside_contrast_adjusted.jpg,id_card,real,75backside,contrast_adjusted
new_generated_aadharcard_images/75backside_hue_sat_adjusted.jpg,id_card,real,75backside,hue_sat_adjusted
new_generated_aadharcard_images/75backside_scaled_down.jpg,id_card,real,75backside,scaled_down
new_generated_aadharcard_images/75backside_scaled_up.jpg,id_card,real,75backside,scaled_up
new_generated_aadharcard_images/75front_blurred.jpg,id_card,real,75front,blurred
new_generated_aadharcard_images/75front_contrast_adjusted.jpg,id_card,real,75front,contrast_adjusted
new_generated_aadharcard_images/75front_hue_sat_adjusted.jpg,id_card,real,75front,hue_sat_adjusted
new_generated_aadharcard_images/75front_scaled_down.jpg,id_card,real,75front,scaled_down
new_generated_aadharcard_images/75front_scaled_up.jpg,id_card,real,75front,scaled_up
new_generated_aadharcard_images/76backside_blurred.jpg,id_card,real,76backside,blurred
new_generated_aadharcard_images/76backside_contrast_adjusted.jpg,id_card,real,76backside,contrast_adjusted
new_generated_aadharcard_images/76backside_hue_sat_adjusted.jpg,id_card,real,76backside,hue_sat_adjusted
new_generated_aadharcard_images/76backside_scaled_down.jpg,id_card,real,76backside,scaled_down
new_generated_aadharcard_images/76backside_scaled_up.jpg,id_card,real,76backside,scaled_up
new_generated_aadharcard_images/76front_blurred.jpg,id_card,real,76front,blurred
new_generated_aadharcard_images/76front_contrast_adjusted.jpg,id_card,real,76front,contrast_adjusted
new_generated_aadharcard_images/76front_hue_sat_adjusted.jpg,id_card,real,76front,hue_sat_adjusted
new_generated_aadharcard_images/76front_scaled_down.jpg,id_card,real,76front,scaled_down
new_generated_aadharcard_images/76front_scaled_up.jpg,id_card,real,76front,scaled_up
new_generated_aadharcard_images/77backside_blurred.jpg,id_card,real,77backside,blurred
new_generated_aadharcard_images/77backside_contrast_adjusted.jpg,id_card,real,77backside,contrast_adjusted
new_generated_aadharcard_images/77backside_hue_sat_adjusted.jpg,id_card,real,77backside,hue_sat_adjusted
new_generated_aadharcard_images/77backside_scaled_down.jpg,id_card,real,77backside,scaled_down
new_generated_aadharcard_images/77backside_scaled_up.jpg,id_card,real,77backside,scaled_up
new_generated_aadharcard_images/77front_blurred.jpg,id_card,real,77front,blurred
new_generated_aadharcard_images/77front_contrast_adjusted.jpg,id_card,real,77front,contrast_adjusted
new_generated_aadharcard_images/77front_hue_sat_adjusted.jpg,id_card,real,77front,hue_sat_adjusted
new_generated_aadharcard_images/77front_scaled_down.jpg,id_card,real,77front,scaled_down
new_generated_aadharcard_images/77front_scaled_up.jpg,id_card,real,77front,scaled_up
new_generated_aadharcard_images/78front_blurred.jpg,id_card,real,78front,blurred
new_generated_aadharcard_images/78front_contrast_adjusted.jpg,id_card,real,78front,contrast_adjusted
new_generated_aadharcard_images/78front_hue_sat_adjusted.jpg,id_card,real,78front,hue_sat_adjusted
new_generated_aadharcard_images/78front_scaled_down.jpg,id_card,real,78front,scaled_down
new_generated_aadharcard_images/78front_scaled_up.jpg,id_card,real,78front,scaled_up
new_generated_aadharcard_images/79backside_blurred.jpg,id_card,real,79backside,blurred
new_generated_aadharcard_images/79backside_contrast_adjusted.jpg,id_card,real,79backside,contrast_adjusted
new_generated_aadharcard_images/79backside_hue_sat_adjusted.jpg,id_card,real,79backside,hue_sat_adjusted
new_generated_aadharcard_images/79backside_scaled_down.jpg,id_card,real,79backside,scaled_down
new_generated_aadharcard_images/79backside_scaled_up.jpg,id_card,real,79backside,scaled_up
new_generated_aadharcard_images/7front_blurred.jpg,id_card,real,7front,blurred
new_generated_aadharcard_images/7front_contrast_adjusted.jpg,id_card,real,7front,contrast_adjusted
new_generated_aadharcard_images/7front_hue_sat_adjusted.jpg,id_card,real,7front,hue_sat_adjusted
new_generated_aadharcard_images/7front_scaled_down.jpg,id_card,real,7front,scaled_down
new_generated_aadharcard_images/7front_scaled_up.jpg,id_card,real,7front,scaled_up
new_generated_aadharcard_images/80backside_blurred.jpg,id_card,real,80backside,blurred
new_generated_aadharcard_images/80backside_contrast_adjusted.jpg,id_card,real,80backside,contrast_adjusted
new_generated_aadharcard_images/80backside_hue_sat_adjusted.jpg,id_card,real,80backside,hue_sat_adjusted
new_generated_aadharcard_images/80backside_scaled_down.jpg,id_card,real,80backside,scaled_down
new_generated_aadharcard_images/80backside_scaled_up.jpg,id_card,real,80backside,scaled_up
new_generated_aadharcard_images/80front_blurred.jpg,id_card,real,80front,blurred
new_generated_aadharcard_images/80front_contrast_adjusted.jpg,id_card,real,80front,contrast_adjusted
new_generated_aadharcard_images/80front_hue_sat_adjusted.jpg,id_card,real,80front,hue_sat_adjusted
new_generated_aadharcard_images/80front_scaled_down.jpg,id_card,real,80front,scaled_down
new_generated_aadharcard_images/80front_scaled_up.jpg,id_card,real,80front,scaled_up
new_generated_aadharcard_images/81backside_blurred.jpg,id_card,real,81backside,blurred
new_generated_aadharcard_images/81backside_contrast_adjusted.jpg,id_card,real,81backside,contrast_adjusted
new_generated_aadharcard_images/81backside_hue_sat_adjusted.jpg,id_card,real,81backside,hue_sat_adjusted
new_generated_aadharcard_images/81backside_scaled_down.jpg,id_card,real,81backside,scaled_down
new_generated_aadharcard_images/81backside_scaled_up.jpg,id_card,real,81backside,scaled_up
new_generated_aadharcard_images/81front_blurred.jpg,id_card,real,81front,blurred
new_generated_aadharcard_images/81front_contrast_adjusted.jpg,id_card,real,81front,contrast_adjusted
new_generated_aadharcard_images/81front_hue_sat_adjusted.jpg,id_card,real,81front,hue_sat_adjusted
new_generated_aadharcard_images/81front_scaled_down.jpg,id_card,real,81front,scaled_down
new_generated_aadharcard_images/81front_scaled_up.jpg,id_card,real,81front,scaled_up
new_generated_aadharcard_images/82backside_blurred.jpg,id_card,real,82backside,blurred
new_generated_aadharcard_images/82backside_contrast_adjusted.jpg,id_card,real,82backside,contrast_adjusted
new_generated_aadharcard_images/82backside_hue_sat_adjusted.jpg,id_card,real,82backside,hue_sat_adjusted
new_generated_aadharcard_images/82backside_scaled_down.jpg,id_card,real,82backside,scaled_down
new_generated_aadharcard_images/82backside_scaled_up.jpg,id_card,real,82backside,scaled_up
new_generated_aadharcard_images/82front_blurred.jpg,id_card,real,82front,blurred
new_generated_aadharcard_images/82front_contrast_adjusted.jpg,id_card,real,82front,contrast_adjusted
new_generated_aadharcard_images/82front_hue_sat_adjusted.jpg,id_card,real,82front,hue_sat_adjusted
new_generated_aadharcard_images/82front_scaled_down.jpg,id_card,real,82front,scaled_down
new_generated_aadharcard_images/82front_scaled_up.jpg,id_card,real,82front,scaled_up
new_generated_aadharcard_images/83backside_blurred.jpg,id_card,real,83backside,blurred
new_generated_aadharcard_images/83backside_contrast_adjusted.jpg,id_card,real,83backside,contrast_adjusted
new_generated_aadharcard_images/83backside_hue_sat_adjusted.jpg,id_card,real,83backside,hue_sat_adjusted
new_generated_aadharcard_images/83backside_scaled_down.jpg,id_card,real,83backside,scaled_down
new_generated_aadharcard_images/83backside_scaled_up.jpg,id_card,real,83backside,scaled_up
new_generated_aadharcard_images/83front_blurred.jpg,id_card,real,83front,blurred
new_generated_aadharcard_images/83front_contrast_adjusted.jpg,id_card,real,83front,contrast_adjusted
new_generated_aadharcard_images/83front_hue_sat_adjusted.jpg,id_card,real,83front,hue_sat_adjusted
new_generated_aadharcard_images/83front_scaled_down.jpg,id_card,real,83front,scaled_down
new_generated_aadharcard_images/83front_scaled_up.jpg,id_card,real,83front,scaled_up
new_generated_aadharcard_images/84backside_blurred.jpg,id_card,real,84backside,blurred
new_generated_aadharcard_images/84backside_contrast_adjusted.jpg,id_card,real,84backside,contrast_adjusted
new_generated_aadharcard_images/84backside_hue_sat_adjusted.jpg,id_card,real,84backside,hue_sat_adjusted
new_generated_aadharcard_images/84backside_scaled_down.jpg,id_card,real,84backside,scaled_down
new_generated_aadharcard_images/84backside_scaled_up.jpg,id_card,real,84backside,scaled_up
new_generated_aadharcard_images/84front_blurred.jpg,id_card,real,84front,blurred
new_generated_aadharcard_images/84front_contrast_adjusted.jpg,id_card,real,84front,contrast_adjusted
new_generated_aadharcard_images/84front_hue_sat_adjusted.jpg,id_card,real,84front,hue_sat_adjusted
new_generated_aadharcard_images/84front_scaled_down.jpg,id_card,real,84front,scaled_down
new_generated_aadharcard_images/84front_scaled_up.jpg,id_card,real,84front,scaled_up
new_generated_aadharcard_images/85backside_blurred.jpg,id_card,real,85backside,blurred
new_generated_aadharcard_images/85backside_contrast_adjusted.jpg,id_card,real,85backside,contrast_adjusted
new_generated_aadharcard_images/85backside_hue_sat_adjusted.jpg,id_card,real,85backside,hue_sat_adjusted
new_generated_aadharcard_images/85backside_scaled_down.jpg,id_card,real,85backside,scaled_down
new_generated_aadharcard_images/85backside_scaled_up.jpg,id_card,real,85backside,scaled_up
new_generated_aadharcard_images/85front_blurred.jpg,id_card,real,85front,blurred
new_generated_aadharcard_images/85front_contrast_adjusted.jpg,id_card,real,85front,contrast_adjusted
new_generated_aadharcard_images/85front_hue_sat_adjusted.jpg,id_card,real,85front,hue_sat_adjusted
new_generated_aadharcard_images/85front_scaled_down.jpg,id_card,real,85front,scaled_down
new_generated_aadharcard_images/85front_scaled_up.jpg,id_card,real,85front,scaled_up
new_generated_aadharcard_images/86backside_blurred.jpg,id_card,real,86backside,blurred
new_generated_aadharcard_images/86backside_contrast_adjusted.jpg,id_card,real,86backside,contrast_adjusted
new_generated_aadharcard_images/86backside_hue_sat_adjusted.jpg,id_card,real,86backside,hue_sat_adjusted
new_generated_aadharcard_images/86backside_scaled_down.jpg,id_card,real,86backside,scaled_down
new_generated_aadharcard_images/86backside_scaled_up.jpg,id_card,real,86backside,scaled_up
new_generated_aadharcard_images/86front_blurred.jpg,id_card,real,86front,blurred
new_generated_aadharcard_images/86front_contrast_adjusted.jpg,id_card,real,86front,contrast_adjusted
new_generated_aadharcard_images/86front_hue_sat_adjusted.jpg,id_card,real,86front,hue_sat_adjusted
new_generated_aadharcard_images/86front_scaled_down.jpg,id_card,real,86front,scaled_down
new_generated_aadharcard_images/86front_scaled_up.jpg,id_card,real,86front,scaled_up
new_generated_aadharcard_images/87backside_blurred.jpg,id_card,real,87backside,blurred
new_generated_aadharcard_images/87backside_contrast_adjusted.jpg,id_card,real,87backside,contrast_adjusted
new_generated_aadharcard_images/87backside_hue_sat_adjusted.jpg,id_card,real,87backside,hue_sat_adjusted
new_generated_aadharcard_images/87backside_scaled_down.jpg,id_card,real,87backside,scaled_down
new_generated_aadharcard_images/87backside_scaled_up.jpg,id_card,real,87backside,scaled_up
new_generated_aadharcard_images/87front_blurred.jpg,id_card,real,87front,blurred
new_generated_aadharcard_images/87front_contrast_adjusted.jpg,id_card,real,87front,contrast_adjusted
new_generated_aadharcard_images/87front_hue_sat_adjusted.jpg,id_card,real,87front,hue_sat_adjusted
new_generated_aadharcard_images/87front_scaled_down.jpg,id_card,real,87front,scaled_down
new_generated_aadharcard_images/87front_scaled_up.jpg,id_card,real,87front,scaled_up
new_generated_aadharcard_images/88front_blurred.jpg,id_card,real,88front,blurred
new_generated_aadharcard_images/88front_contrast_adjusted.jpg,id_card,real,88front,contrast_adjusted
new_generated_aadharcard_images/88front_hue_sat_adjusted.jpg,id_card,real,88front,hue_sat_adjusted
new_generated_aadharcard_images/88front_scaled_down.jpg,id_card,real,88front,scaled_down
new_generated_aadharcard_images/88front_scaled_up.jpg,id_card,real,88front,scaled_up
new_generated_aadharcard_images/89backside_blurred.jpg,id_card,real,89backside,blurred
new_generated_aadharcard_images/89backside_contrast_adjusted.jpg,id_card,real,89backside,contrast_adjusted
new_generated_aadharcard_images/89backside_hue_sat_adjusted.jpg,id_card,real,89backside,hue_sat_adjusted
new_generated_aadharcard_images/89backside_scaled_down.jpg,id_card,real,89backside,scaled_down
new_generated_aadharcard_images/89backside_scaled_up.jpg,id_card,real,89backside,scaled_up
new_generated_aadharcard_images/8backside_blurred.jpg,id_card,real,8backside,blurred
new_generated_aadharcard_images/8backside_contrast_adjusted.jpg,id_card,real,8backside,contrast_adjusted
new_generated_aadharcard_images/8backside_hue_sat_adjusted.jpg,id_card,real,8backside,hue_sat_adjusted
new_generated_aadharcard_images/8backside_scaled_down.jpg,id_card,real,8backside,scaled_down
new_generated_aadharcard_images/8backside_scaled_up.jpg,id_card,real,8backside,scaled_up
new_generated_aadharcard_images/90backside_blurred.jpg,id_card,real,90backside,blurred
new_generated_aadharcard_images/90backside_contrast_adjusted.jpg,id_card,real,90backside,contrast_adjusted
new_generated_aadharcard_images/90backside_hue_sat_adjusted.jpg,id_card,real,90backside,hue_sat_adjusted
new_generated_aadharcard_images/90backside_scaled_down.jpg,id_card,real,90backside,scaled_down
new_generated_aadharcard_images/90backside_scaled_up.jpg,id_card,real,90backside,scaled_up
new_generated_aadharcard_images/90front_blurred.jpg,id_card,real,90front,blurred
new_generated_aadharcard_images/90front_contrast_adjusted.jpg,id_card,real,90front,contrast_adjusted
new_generated_aadharcard_images/90front_hue_sat_adjusted.jpg,id_card,real,90front,hue_sat_adjusted
new_generated_aadharcard_images/90front_scaled_down.jpg,id_card,real,90front,scaled_down
new_generated_aadharcard_images/90front_scaled_up.jpg,id_card,real,90front,scaled_up
new_generated_aadharcard_images/91backside_blurred.jpg,id_card,real,91backside,blurred
new_generated_aadharcard_images/91backside_contrast_adjusted.jpg,id_card,real,91backside,contrast_adjusted
new_generated_aadharcard_images/91backside_hue_sat_adjusted.jpg,id_card,real,91backside,hue_sat_adjusted
new_generated_aadharcard_images/91backside_scaled_down.jpg,id_card,real,91backside,scaled_down
new_generated_aadharcard_images/91backside_scaled_up.jpg,id_card,real,91backside,scaled_up
new_generated_aadharcard_images/91front_blurred.jpg,id_card,real,91front,blurred
new_generated_aadharcard_images/91front_contrast_adjusted.jpg,id_card,real,91front,contrast_adjusted
new_generated_aadharcard_images/91front_hue_sat_adjusted.jpg,id_card,real,91front,hue_sat_adjusted
new_generated_aadharcard_images/91front_scaled_down.jpg,id_card,real,91front,scaled_down
new_generated_aadharcard_images/91front_scaled_up.jpg,id_card,real,91front,scaled_up
new_generated_aadharcard_images/92backside_blurred.jpg,id_card,real,92backside,blurred
new_generated_aadharcard_images/92backside_contrast_adjusted.jpg,id_card,real,92backside,contrast_adjusted
new_generated_aadharcard_images/92backside_hue_sat_adjusted.jpg,id_card,real,92backside,hue_sat_adjusted
new_generated_aadharcard_images/92backside_scaled_down.jpg,id_card,real,92backside,scaled_down
new_generated_aadharcard_images/92backside_scaled_up.jpg,id_card,real,92backside,scaled_up
new_generated_aadharcard_images/92front_blurred.jpg,id_card,real,92front,blurred
new_generated_aadharcard_images/92front_contrast_adjusted.jpg,id_card,real,92front,contrast_adjusted
new_generated_aadharcard_images/92front_hue_sat_adjusted.jpg,id_card,real,92front,hue_sat_adjusted
new_generated_aadharcard_images/92front_scaled_down.jpg,id_card,real,92front,scaled_down
new_generated_aadharcard_images/92front_scaled_up.jpg,id_card,real,92front,scaled_up
new_generated_aadharcard_images/93backside_blurred.jpg,id_card,real,93backside,blurred
new_generated_aadharcard_images/93backside_contrast_adjusted.jpg,id_card,real,93backside,contrast_adjusted
new_generated_aadharcard_images/93backside_hue_sat_adjusted.jpg,id_card,real,93backside,hue_sat_adjusted
new_generated_aadharcard_images/93backside_scaled_down.jpg,id_card,real,93backside,scaled_down
new_generated_aadharcard_images/93backside_scaled_up.jpg,id_card,real,93backside,scaled_up
new_generated_aadharcard_images/93front_blurred.jpg,id_card,real,93front,blurred
new_generated_aadharcard_images/93front_contrast_adjusted.jpg,id_card,real,93front,contrast_adjusted
new_generated_aadharcard_images/93front_hue_sat_adjusted.jpg,id_card,real,93front,hue_sat_adjusted
new_generated_aadharcard_images/93front_scaled_down.jpg,id_card,real,93front,scaled_down
new_generated_aadharcard_images/93front_scaled_up.jpg,id_card,real,93front,scaled_up
new_generated_aadharcard_images/94backside_blurred.jpg,id_card,real,94backside,blurred
new_generated_aadharcard_images/94backside_contrast_adjusted.jpg,id_card,real,94backside,contrast_adjusted
new_generated_aadharcard_images/94backside_hue_sat_adjusted.jpg,id_card,real,94backside,hue_sat_adjusted
new_generated_aadharcard_images/94backside_scaled_down.jpg,id_card,real,94backside,scaled_down
new_generated_aadharcard_images/94backside_scaled_up.jpg,id_card,real,94backside,scaled_up
new_generated_aadharcard_images/94front_blurred.jpg,id_card,real,94front,blurred
new_generated_aadharcard_images/94front_contrast_adjusted.jpg,id_card,real,94front,contrast_adjusted
new_generated_aadharcard_images/94front_hue_sat_adjusted.jpg,id_card,real,94front,hue_sat_adjusted
new_generated_aadharcard_images/94front_scaled_down.jpg,id_card,real,94front,scaled_down
new_generated_aadharcard_images/94front_scaled_up.jpg,id_card,real,94front,scaled_up
new_generated_aadharcard_images/95backside_blurred.jpg,id_card,real,95backside,blurred
new_generated_aadharcard_images/95backside_contrast_adjusted.jpg,id_card,real,95backside,contrast_adjusted
new_generated_aadharcard_images/95backside_hue_sat_adjusted.jpg,id_card,real,95backside,hue_sat_adjusted
new_generated_aadharcard_images/95backside_scaled_down.jpg,id_card,real,95backside,scaled_down
new_generated_aadharcard_images/95backside_scaled_up.jpg,id_card,real,95backside,scaled_up
new_generated_aadharcard_images/95front_blurred.jpg,id_card,real,95front,blurred
new_generated_aadharcard_images/95front_contrast_adjusted.jpg,id_card,real,95front,contrast_adjusted
new_generated_aadharcard_images/95front_hue_sat_adjusted.jpg,id_card,real,95front,hue_sat_adjusted
new_generated_aadharcard_images/95front_scaled_down.jpg,id_card,real,95front,scaled_down
new_generated_aadharcard_images/95front_scaled_up.jpg,id_card,real,95front,scaled_up
new_generated_aadharcard_images/96backside_blurred.jpg,id_card,real,96backside,blurred
new_generated_aadharcard_images/96backside_contrast_adjusted.jpg,id_card,real,96backside,contrast_adjusted
new_generated_aadharcard_images/96backside_hue_sat_adjusted.jpg,id_card,real,96backside,hue_sat_adjusted
new_generated_aadharcard_images/96backside_scaled_down.jpg,id_card,real,96backside,scaled_down
new_generated_aadharcard_images/96backside_scaled_up.jpg,id_card,real,96backside,scaled_up
new_generated_aadharcard_images/96front_blurred.jpg,id_card,real,96front,blurred
new_generated_aadharcard_images/96front_contrast_adjusted.jpg,id_card,real,96front,contrast_adjusted
new_generated_aadharcard_images/96front_hue_sat_adjusted.jpg,id_card,real,96front,hue_sat_adjusted
new_generated_aadharcard_images/96front_scaled_down.jpg,id_card,real,96front,scaled_down
new_generated_aadharcard_images/96front_scaled_up.jpg,id_card,real,96front,scaled_up
new_generated_aadharcard_images/97backside_blurred.jpg,id_card,real,97backside,blurred
new_generated_aadharcard_images/97backside_contrast_adjusted.jpg,id_card,real,97backside,contrast_adjusted
new_generated_aadharcard_images/97backside_hue_sat_adjusted.jpg,id_card,real,97backside,hue_sat_adjusted
new_generated_aadharcard_images/97backside_scaled_down.jpg,id_card,real,97backside,scaled_down
new_generated_aadharcard_images/97backside_scaled_up.jpg,id_card,real,97backside,scaled_up
new_generated_aadharcard_images/97front_blurred.jpg,id_card,real,97front,blurred
new_generated_aadharcard_images/97front_contrast_adjusted.jpg,id_card,real,97front,contrast_adjusted
new_generated_aadharcard_images/97front_hue_sat_adjusted.jpg,id_card,real,97front,hue_sat_adjusted
new_generated_aadharcard_images/97front_scaled_down.jpg,id_card,real,97front,scaled_down
new_generated_aadharcard_images/97front_scaled_up.jpg,id_card,real,97front,scaled_up
new_generated_aadharcard_images/98backside_blurred.jpg,id_card,real,98backside,blurred
new_generated_aadharcard_images/98backside_contrast_adjusted.jpg,id_card,real,98backside,contrast_adjusted
new_generated_aadharcard_images/98backside_hue_sat_adjusted.jpg,id_card,real,98backside,hue_sat_adjusted
new_generated_aadharcard_images/98backside_scaled_down.jpg,id_card,real,98backside,scaled_down
new_generated_aadharcard_images/98backside_scaled_up.jpg,id_card,real,98backside,scaled_up
new_generated_aadharcard_images/98front_blurred.jpg,id_card,real,98front,blurred
new_generated_aadharcard_images/98front_contrast_adjusted.jpg,id_card,real,98front,contrast_adjusted
new_generated_aadharcard_images/98front_hue_sat_adjusted.jpg,id_card,real,98front,hue_sat_adjusted
new_generated_aadharcard_images/98front_scaled_down.jpg,id_card,real,98front,scaled_down
new_generated_aadharcard_images/98front_scaled_up.jpg,id_card,real,98front,scaled_up
new_generated_aadharcard_images/99backside_blurred.jpg,id_card,real,99backside,blurred
new_generated_aadharcard_images/99backside_contrast_adjusted.jpg,id_card,real,99backside,contrast_adjusted
new_generated_aadharcard_images/99backside_hue_sat_adjusted.jpg,id_card,real,99backside,hue_sat_adjusted
new_generated_aadharcard_images/99backside_scaled_down.jpg,id_card,real,99backside,scaled_down
new_generated_aadharcard_images/99backside_scaled_up.jpg,id_card,real,99backside,scaled_up
new_generated_aadharcard_images/99front_blurred.jpg,id_card,real,99front,blurred
new_generated_aadharcard_images/99front_contrast_adjusted.jpg,id_card,real,99front,contrast_adjusted
new_generated_aadharcard_images/99front_hue_sat_adjusted.jpg,id_card,real,99front,hue_sat_adjusted
new_generated_aadharcard_images/99front_scaled_down.jpg,id_card,real,99front,scaled_down
new_generated_aadharcard_images/99front_scaled_up.jpg,id_card,real,99front,scaled_up
new_generated_aadharcard_images/9backside_blurred.jpg,id_card,real,9backside,blurred
new_generated_aadharcard_images/9backside_contrast_adjusted.jpg,id_card,real,9backside,contrast_adjusted
new_generated_aadharcard_images/9backside_hue_sat_adjusted.jpg,id_card,real,9backside,hue_sat_adjusted
new_generated_aadharcard_images/9backside_scaled_down.jpg,id_card,real,9backside,scaled_down
new_generated_aadharcard_images/9backside_scaled_up.jpg,id_card,real,9backside,scaled_up
new_generated_aadharcard_images/9front_blurred.jpg,id_card,real,9front,blurred
new_generated_aadharcard_images/9front_contrast_adjusted.jpg,id_card,real,9front,contrast_adjusted
new_generated_aadharcard_images/9front_hue_sat_adjusted.jpg,id_card,real,9front,hue_sat_adjusted
new_generated_aadharcard_images/9front_scaled_down.jpg,id_card,real,9front,scaled_down
new_generated_aadharcard_images/9front_scaled_up.jpg,id_card,real,9front,scaled_up
backend/app/modules/m2_classifier/training/data/unknown/unknown_001_base.png,unknown,synthetic,unknown_001,original
backend/app/modules/m2_classifier/training/data/unknown/unknown_001_blurred.png,unknown,synthetic,unknown_001,blurred
backend/app/modules/m2_classifier/training/data/unknown/unknown_001_contrast_adjusted.png,unknown,synthetic,unknown_001,contrast_adjusted
backend/app/modules/m2_classifier/training/data/unknown/unknown_001_hue_sat_adjusted.png,unknown,synthetic,unknown_001,hue_sat_adjusted
backend/app/modules/m2_classifier/training/data/unknown/unknown_001_scaled_up.png,unknown,synthetic,unknown_001,scaled_up
backend/app/modules/m2_classifier/training/data/unknown/unknown_001_scaled_down.png,unknown,synthetic,unknown_001,scaled_down
backend/app/modules/m2_classifier/training/data/unknown/unknown_002_base.png,unknown,synthetic,unknown_002,original
backend/app/modules/m2_classifier/training/data/unknown/unknown_002_blurred.png,unknown,synthetic,unknown_002,blurred
backend/app/modules/m2_classifier/training/data/unknown/unknown_002_contrast_adjusted.png,unknown,synthetic,unknown_002,contrast_adjusted
backend/app/modules/m2_classifier/training/data/unknown/unknown_002_hue_sat_adjusted.png,unknown,synthetic,unknown_002,hue_sat_adjusted
backend/app/modules/m2_classifier/training/data/unknown/unknown_002_scaled_up.png,unknown,synthetic,unknown_002,scaled_up
backend/app/modules/m2_classifier/training/data/unknown/unknown_002_scaled_down.png,unknown,synthetic,unknown_002,scaled_down
backend/app/modules/m2_classifier/training/data/unknown/unknown_003_base.png,unknown,synthetic,unknown_003,original
backend/app/modules/m2_classifier/training/data/unknown/unknown_003_blurred.png,unknown,synthetic,unknown_003,blurred
backend/app/modules/m2_classifier/training/data/unknown/unknown_003_contrast_adjusted.png,unknown,synthetic,unknown_003,contrast_adjusted
backend/app/modules/m2_classifier/training/data/unknown/unknown_003_hue_sat_adjusted.png,unknown,synthetic,unknown_003,hue_sat_adjusted
backend/app/modules/m2_classifier/training/data/unknown/unknown_003_scaled_up.png,unknown,synthetic,unknown_003,scaled_up
backend/app/modules/m2_classifier/training/data/unknown/unknown_003_scaled_down.png,unknown,synthetic,unknown_003,scaled_down
backend/app/modules/m2_classifier/training/data/unknown/unknown_004_base.png,unknown,synthetic,unknown_004,original
backend/app/modules/m2_classifier/training/data/unknown/unknown_004_blurred.png,unknown,synthetic,unknown_004,blurred
backend/app/modules/m2_classifier/training/data/unknown/unknown_004_contrast_adjusted.png,unknown,synthetic,unknown_004,contrast_adjusted
backend/app/modules/m2_classifier/training/data/unknown/unknown_004_hue_sat_adjusted.png,unknown,synthetic,unknown_004,hue_sat_adjusted
backend/app/modules/m2_classifier/training/data/unknown/unknown_004_scaled_up.png,unknown,synthetic,unknown_004,scaled_up
backend/app/modules/m2_classifier/training/data/unknown/unknown_004_scaled_down.png,unknown,synthetic,unknown_004,scaled_down
backend/app/modules/m2_classifier/training/data/unknown/unknown_005_base.png,unknown,synthetic,unknown_005,original
backend/app/modules/m2_classifier/training/data/unknown/unknown_005_blurred.png,unknown,synthetic,unknown_005,blurred
backend/app/modules/m2_classifier/training/data/unknown/unknown_005_contrast_adjusted.png,unknown,synthetic,unknown_005,contrast_adjusted
backend/app/modules/m2_classifier/training/data/unknown/unknown_005_hue_sat_adjusted.png,unknown,synthetic,unknown_005,hue_sat_adjusted
backend/app/modules/m2_classifier/training/data/unknown/unknown_005_scaled_up.png,unknown,synthetic,unknown_005,scaled_up
backend/app/modules/m2_classifier/training/data/unknown/unknown_005_scaled_down.png,unknown,synthetic,unknown_005,scaled_down
backend/app/modules/m2_classifier/training/data/unknown/unknown_006_base.png,unknown,synthetic,unknown_006,original
backend/app/modules/m2_classifier/training/data/unknown/unknown_006_blurred.png,unknown,synthetic,unknown_006,blurred
backend/app/modules/m2_classifier/training/data/unknown/unknown_006_contrast_adjusted.png,unknown,synthetic,unknown_006,contrast_adjusted
backend/app/modules/m2_classifier/training/data/unknown/unknown_006_hue_sat_adjusted.png,unknown,synthetic,unknown_006,hue_sat_adjusted
backend/app/modules/m2_classifier/training/data/unknown/unknown_006_scaled_up.png,unknown,synthetic,unknown_006,scaled_up
backend/app/modules/m2_classifier/training/data/unknown/unknown_006_scaled_down.png,unknown,synthetic,unknown_006,scaled_down
backend/app/modules/m2_classifier/training/data/unknown/unknown_007_base.png,unknown,synthetic,unknown_007,original
backend/app/modules/m2_classifier/training/data/unknown/unknown_007_blurred.png,unknown,synthetic,unknown_007,blurred
backend/app/modules/m2_classifier/training/data/unknown/unknown_007_contrast_adjusted.png,unknown,synthetic,unknown_007,contrast_adjusted
backend/app/modules/m2_classifier/training/data/unknown/unknown_007_hue_sat_adjusted.png,unknown,synthetic,unknown_007,hue_sat_adjusted
backend/app/modules/m2_classifier/training/data/unknown/unknown_007_scaled_up.png,unknown,synthetic,unknown_007,scaled_up
backend/app/modules/m2_classifier/training/data/unknown/unknown_007_scaled_down.png,unknown,synthetic,unknown_007,scaled_down
backend/app/modules/m2_classifier/training/data/unknown/unknown_008_base.png,unknown,synthetic,unknown_008,original
backend/app/modules/m2_classifier/training/data/unknown/unknown_008_blurred.png,unknown,synthetic,unknown_008,blurred
backend/app/modules/m2_classifier/training/data/unknown/unknown_008_contrast_adjusted.png,unknown,synthetic,unknown_008,contrast_adjusted
backend/app/modules/m2_classifier/training/data/unknown/unknown_008_hue_sat_adjusted.png,unknown,synthetic,unknown_008,hue_sat_adjusted
backend/app/modules/m2_classifier/training/data/unknown/unknown_008_scaled_up.png,unknown,synthetic,unknown_008,scaled_up
backend/app/modules/m2_classifier/training/data/unknown/unknown_008_scaled_down.png,unknown,synthetic,unknown_008,scaled_down
backend/app/modules/m2_classifier/training/data/unknown/unknown_009_base.png,unknown,synthetic,unknown_009,original
backend/app/modules/m2_classifier/training/data/unknown/unknown_009_blurred.png,unknown,synthetic,unknown_009,blurred
backend/app/modules/m2_classifier/training/data/unknown/unknown_009_contrast_adjusted.png,unknown,synthetic,unknown_009,contrast_adjusted
backend/app/modules/m2_classifier/training/data/unknown/unknown_009_hue_sat_adjusted.png,unknown,synthetic,unknown_009,hue_sat_adjusted
backend/app/modules/m2_classifier/training/data/unknown/unknown_009_scaled_up.png,unknown,synthetic,unknown_009,scaled_up
backend/app/modules/m2_classifier/training/data/unknown/unknown_009_scaled_down.png,unknown,synthetic,unknown_009,scaled_down
backend/app/modules/m2_classifier/training/data/unknown/unknown_010_base.png,unknown,synthetic,unknown_010,original
backend/app/modules/m2_classifier/training/data/unknown/unknown_010_blurred.png,unknown,synthetic,unknown_010,blurred
backend/app/modules/m2_classifier/training/data/unknown/unknown_010_contrast_adjusted.png,unknown,synthetic,unknown_010,contrast_adjusted
backend/app/modules/m2_classifier/training/data/unknown/unknown_010_hue_sat_adjusted.png,unknown,synthetic,unknown_010,hue_sat_adjusted
backend/app/modules/m2_classifier/training/data/unknown/unknown_010_scaled_up.png,unknown,synthetic,unknown_010,scaled_up
backend/app/modules/m2_classifier/training/data/unknown/unknown_010_scaled_down.png,unknown,synthetic,unknown_010,scaled_down
backend/app/modules/m2_classifier/training/data/unknown/unknown_011_base.png,unknown,synthetic,unknown_011,original
backend/app/modules/m2_classifier/training/data/unknown/unknown_011_blurred.png,unknown,synthetic,unknown_011,blurred
backend/app/modules/m2_classifier/training/data/unknown/unknown_011_contrast_adjusted.png,unknown,synthetic,unknown_011,contrast_adjusted
backend/app/modules/m2_classifier/training/data/unknown/unknown_011_hue_sat_adjusted.png,unknown,synthetic,unknown_011,hue_sat_adjusted
backend/app/modules/m2_classifier/training/data/unknown/unknown_011_scaled_up.png,unknown,synthetic,unknown_011,scaled_up
backend/app/modules/m2_classifier/training/data/unknown/unknown_011_scaled_down.png,unknown,synthetic,unknown_011,scaled_down
backend/app/modules/m2_classifier/training/data/unknown/unknown_012_base.png,unknown,synthetic,unknown_012,original
backend/app/modules/m2_classifier/training/data/unknown/unknown_012_blurred.png,unknown,synthetic,unknown_012,blurred
backend/app/modules/m2_classifier/training/data/unknown/unknown_012_contrast_adjusted.png,unknown,synthetic,unknown_012,contrast_adjusted
backend/app/modules/m2_classifier/training/data/unknown/unknown_012_hue_sat_adjusted.png,unknown,synthetic,unknown_012,hue_sat_adjusted
backend/app/modules/m2_classifier/training/data/unknown/unknown_012_scaled_up.png,unknown,synthetic,unknown_012,scaled_up
backend/app/modules/m2_classifier/training/data/unknown/unknown_012_scaled_down.png,unknown,synthetic,unknown_012,scaled_down
backend/app/modules/m2_classifier/training/data/unknown/unknown_013_base.png,unknown,synthetic,unknown_013,original
backend/app/modules/m2_classifier/training/data/unknown/unknown_013_blurred.png,unknown,synthetic,unknown_013,blurred
backend/app/modules/m2_classifier/training/data/unknown/unknown_013_contrast_adjusted.png,unknown,synthetic,unknown_013,contrast_adjusted
backend/app/modules/m2_classifier/training/data/unknown/unknown_013_hue_sat_adjusted.png,unknown,synthetic,unknown_013,hue_sat_adjusted
backend/app/modules/m2_classifier/training/data/unknown/unknown_013_scaled_up.png,unknown,synthetic,unknown_013,scaled_up
backend/app/modules/m2_classifier/training/data/unknown/unknown_013_scaled_down.png,unknown,synthetic,unknown_013,scaled_down
backend/app/modules/m2_classifier/training/data/unknown/unknown_014_base.png,unknown,synthetic,unknown_014,original
backend/app/modules/m2_classifier/training/data/unknown/unknown_014_blurred.png,unknown,synthetic,unknown_014,blurred
backend/app/modules/m2_classifier/training/data/unknown/unknown_014_contrast_adjusted.png,unknown,synthetic,unknown_014,contrast_adjusted
backend/app/modules/m2_classifier/training/data/unknown/unknown_014_hue_sat_adjusted.png,unknown,synthetic,unknown_014,hue_sat_adjusted
backend/app/modules/m2_classifier/training/data/unknown/unknown_014_scaled_up.png,unknown,synthetic,unknown_014,scaled_up
backend/app/modules/m2_classifier/training/data/unknown/unknown_014_scaled_down.png,unknown,synthetic,unknown_014,scaled_down
backend/app/modules/m2_classifier/training/data/unknown/unknown_015_base.png,unknown,synthetic,unknown_015,original
backend/app/modules/m2_classifier/training/data/unknown/unknown_015_blurred.png,unknown,synthetic,unknown_015,blurred
backend/app/modules/m2_classifier/training/data/unknown/unknown_015_contrast_adjusted.png,unknown,synthetic,unknown_015,contrast_adjusted
backend/app/modules/m2_classifier/training/data/unknown/unknown_015_hue_sat_adjusted.png,unknown,synthetic,unknown_015,hue_sat_adjusted
backend/app/modules/m2_classifier/training/data/unknown/unknown_015_scaled_up.png,unknown,synthetic,unknown_015,scaled_up
backend/app/modules/m2_classifier/training/data/unknown/unknown_015_scaled_down.png,unknown,synthetic,unknown_015,scaled_down
backend/app/modules/m2_classifier/training/data/unknown/unknown_016_base.png,unknown,synthetic,unknown_016,original
backend/app/modules/m2_classifier/training/data/unknown/unknown_016_blurred.png,unknown,synthetic,unknown_016,blurred
backend/app/modules/m2_classifier/training/data/unknown/unknown_016_contrast_adjusted.png,unknown,synthetic,unknown_016,contrast_adjusted
backend/app/modules/m2_classifier/training/data/unknown/unknown_016_hue_sat_adjusted.png,unknown,synthetic,unknown_016,hue_sat_adjusted
backend/app/modules/m2_classifier/training/data/unknown/unknown_016_scaled_up.png,unknown,synthetic,unknown_016,scaled_up
backend/app/modules/m2_classifier/training/data/unknown/unknown_016_scaled_down.png,unknown,synthetic,unknown_016,scaled_down
backend/app/modules/m2_classifier/training/data/unknown/unknown_017_base.png,unknown,synthetic,unknown_017,original
backend/app/modules/m2_classifier/training/data/unknown/unknown_017_blurred.png,unknown,synthetic,unknown_017,blurred
backend/app/modules/m2_classifier/training/data/unknown/unknown_017_contrast_adjusted.png,unknown,synthetic,unknown_017,contrast_adjusted
backend/app/modules/m2_classifier/training/data/unknown/unknown_017_hue_sat_adjusted.png,unknown,synthetic,unknown_017,hue_sat_adjusted
backend/app/modules/m2_classifier/training/data/unknown/unknown_017_scaled_up.png,unknown,synthetic,unknown_017,scaled_up
backend/app/modules/m2_classifier/training/data/unknown/unknown_017_scaled_down.png,unknown,synthetic,unknown_017,scaled_down
backend/app/modules/m2_classifier/training/data/unknown/unknown_018_base.png,unknown,synthetic,unknown_018,original
backend/app/modules/m2_classifier/training/data/unknown/unknown_018_blurred.png,unknown,synthetic,unknown_018,blurred
backend/app/modules/m2_classifier/training/data/unknown/unknown_018_contrast_adjusted.png,unknown,synthetic,unknown_018,contrast_adjusted
backend/app/modules/m2_classifier/training/data/unknown/unknown_018_hue_sat_adjusted.png,unknown,synthetic,unknown_018,hue_sat_adjusted
backend/app/modules/m2_classifier/training/data/unknown/unknown_018_scaled_up.png,unknown,synthetic,unknown_018,scaled_up
backend/app/modules/m2_classifier/training/data/unknown/unknown_018_scaled_down.png,unknown,synthetic,unknown_018,scaled_down
backend/app/modules/m2_classifier/training/data/unknown/unknown_019_base.png,unknown,synthetic,unknown_019,original
backend/app/modules/m2_classifier/training/data/unknown/unknown_019_blurred.png,unknown,synthetic,unknown_019,blurred
backend/app/modules/m2_classifier/training/data/unknown/unknown_019_contrast_adjusted.png,unknown,synthetic,unknown_019,contrast_adjusted
backend/app/modules/m2_classifier/training/data/unknown/unknown_019_hue_sat_adjusted.png,unknown,synthetic,unknown_019,hue_sat_adjusted
backend/app/modules/m2_classifier/training/data/unknown/unknown_019_scaled_up.png,unknown,synthetic,unknown_019,scaled_up
backend/app/modules/m2_classifier/training/data/unknown/unknown_019_scaled_down.png,unknown,synthetic,unknown_019,scaled_down
backend/app/modules/m2_classifier/training/data/unknown/unknown_020_base.png,unknown,synthetic,unknown_020,original
backend/app/modules/m2_classifier/training/data/unknown/unknown_020_blurred.png,unknown,synthetic,unknown_020,blurred
backend/app/modules/m2_classifier/training/data/unknown/unknown_020_contrast_adjusted.png,unknown,synthetic,unknown_020,contrast_adjusted
backend/app/modules/m2_classifier/training/data/unknown/unknown_020_hue_sat_adjusted.png,unknown,synthetic,unknown_020,hue_sat_adjusted
backend/app/modules/m2_classifier/training/data/unknown/unknown_020_scaled_up.png,unknown,synthetic,unknown_020,scaled_up
backend/app/modules/m2_classifier/training/data/unknown/unknown_020_scaled_down.png,unknown,synthetic,unknown_020,scaled_down
backend/app/modules/m2_classifier/training/data/unknown/unknown_021_base.png,unknown,synthetic,unknown_021,original
backend/app/modules/m2_classifier/training/data/unknown/unknown_021_blurred.png,unknown,synthetic,unknown_021,blurred
backend/app/modules/m2_classifier/training/data/unknown/unknown_021_contrast_adjusted.png,unknown,synthetic,unknown_021,contrast_adjusted
backend/app/modules/m2_classifier/training/data/unknown/unknown_021_hue_sat_adjusted.png,unknown,synthetic,unknown_021,hue_sat_adjusted
backend/app/modules/m2_classifier/training/data/unknown/unknown_021_scaled_up.png,unknown,synthetic,unknown_021,scaled_up
backend/app/modules/m2_classifier/training/data/unknown/unknown_021_scaled_down.png,unknown,synthetic,unknown_021,scaled_down
backend/app/modules/m2_classifier/training/data/unknown/unknown_022_base.png,unknown,synthetic,unknown_022,original
backend/app/modules/m2_classifier/training/data/unknown/unknown_022_blurred.png,unknown,synthetic,unknown_022,blurred
backend/app/modules/m2_classifier/training/data/unknown/unknown_022_contrast_adjusted.png,unknown,synthetic,unknown_022,contrast_adjusted
backend/app/modules/m2_classifier/training/data/unknown/unknown_022_hue_sat_adjusted.png,unknown,synthetic,unknown_022,hue_sat_adjusted
backend/app/modules/m2_classifier/training/data/unknown/unknown_022_scaled_up.png,unknown,synthetic,unknown_022,scaled_up
backend/app/modules/m2_classifier/training/data/unknown/unknown_022_scaled_down.png,unknown,synthetic,unknown_022,scaled_down
backend/app/modules/m2_classifier/training/data/unknown/unknown_023_base.png,unknown,synthetic,unknown_023,original
backend/app/modules/m2_classifier/training/data/unknown/unknown_023_blurred.png,unknown,synthetic,unknown_023,blurred
backend/app/modules/m2_classifier/training/data/unknown/unknown_023_contrast_adjusted.png,unknown,synthetic,unknown_023,contrast_adjusted
backend/app/modules/m2_classifier/training/data/unknown/unknown_023_hue_sat_adjusted.png,unknown,synthetic,unknown_023,hue_sat_adjusted
backend/app/modules/m2_classifier/training/data/unknown/unknown_023_scaled_up.png,unknown,synthetic,unknown_023,scaled_up
backend/app/modules/m2_classifier/training/data/unknown/unknown_023_scaled_down.png,unknown,synthetic,unknown_023,scaled_down
backend/app/modules/m2_classifier/training/data/unknown/unknown_024_base.png,unknown,synthetic,unknown_024,original
backend/app/modules/m2_classifier/training/data/unknown/unknown_024_blurred.png,unknown,synthetic,unknown_024,blurred
backend/app/modules/m2_classifier/training/data/unknown/unknown_024_contrast_adjusted.png,unknown,synthetic,unknown_024,contrast_adjusted
backend/app/modules/m2_classifier/training/data/unknown/unknown_024_hue_sat_adjusted.png,unknown,synthetic,unknown_024,hue_sat_adjusted
backend/app/modules/m2_classifier/training/data/unknown/unknown_024_scaled_up.png,unknown,synthetic,unknown_024,scaled_up
backend/app/modules/m2_classifier/training/data/unknown/unknown_024_scaled_down.png,unknown,synthetic,unknown_024,scaled_down
backend/app/modules/m2_classifier/training/data/unknown/unknown_025_base.png,unknown,synthetic,unknown_025,original
backend/app/modules/m2_classifier/training/data/unknown/unknown_025_blurred.png,unknown,synthetic,unknown_025,blurred
backend/app/modules/m2_classifier/training/data/unknown/unknown_025_contrast_adjusted.png,unknown,synthetic,unknown_025,contrast_adjusted
backend/app/modules/m2_classifier/training/data/unknown/unknown_025_hue_sat_adjusted.png,unknown,synthetic,unknown_025,hue_sat_adjusted
backend/app/modules/m2_classifier/training/data/unknown/unknown_025_scaled_up.png,unknown,synthetic,unknown_025,scaled_up
backend/app/modules/m2_classifier/training/data/unknown/unknown_025_scaled_down.png,unknown,synthetic,unknown_025,scaled_down
backend/app/modules/m2_classifier/training/data/unknown/unknown_026_base.png,unknown,synthetic,unknown_026,original
backend/app/modules/m2_classifier/training/data/unknown/unknown_026_blurred.png,unknown,synthetic,unknown_026,blurred
backend/app/modules/m2_classifier/training/data/unknown/unknown_026_contrast_adjusted.png,unknown,synthetic,unknown_026,contrast_adjusted
backend/app/modules/m2_classifier/training/data/unknown/unknown_026_hue_sat_adjusted.png,unknown,synthetic,unknown_026,hue_sat_adjusted
backend/app/modules/m2_classifier/training/data/unknown/unknown_026_scaled_up.png,unknown,synthetic,unknown_026,scaled_up
backend/app/modules/m2_classifier/training/data/unknown/unknown_026_scaled_down.png,unknown,synthetic,unknown_026,scaled_down
backend/app/modules/m2_classifier/training/data/unknown/unknown_027_base.png,unknown,synthetic,unknown_027,original
backend/app/modules/m2_classifier/training/data/unknown/unknown_027_blurred.png,unknown,synthetic,unknown_027,blurred
backend/app/modules/m2_classifier/training/data/unknown/unknown_027_contrast_adjusted.png,unknown,synthetic,unknown_027,contrast_adjusted
backend/app/modules/m2_classifier/training/data/unknown/unknown_027_hue_sat_adjusted.png,unknown,synthetic,unknown_027,hue_sat_adjusted
backend/app/modules/m2_classifier/training/data/unknown/unknown_027_scaled_up.png,unknown,synthetic,unknown_027,scaled_up
backend/app/modules/m2_classifier/training/data/unknown/unknown_027_scaled_down.png,unknown,synthetic,unknown_027,scaled_down
backend/app/modules/m2_classifier/training/data/unknown/unknown_028_base.png,unknown,synthetic,unknown_028,original
backend/app/modules/m2_classifier/training/data/unknown/unknown_028_blurred.png,unknown,synthetic,unknown_028,blurred
backend/app/modules/m2_classifier/training/data/unknown/unknown_028_contrast_adjusted.png,unknown,synthetic,unknown_028,contrast_adjusted
backend/app/modules/m2_classifier/training/data/unknown/unknown_028_hue_sat_adjusted.png,unknown,synthetic,unknown_028,hue_sat_adjusted
backend/app/modules/m2_classifier/training/data/unknown/unknown_028_scaled_up.png,unknown,synthetic,unknown_028,scaled_up
backend/app/modules/m2_classifier/training/data/unknown/unknown_028_scaled_down.png,unknown,synthetic,unknown_028,scaled_down
backend/app/modules/m2_classifier/training/data/unknown/unknown_029_base.png,unknown,synthetic,unknown_029,original
backend/app/modules/m2_classifier/training/data/unknown/unknown_029_blurred.png,unknown,synthetic,unknown_029,blurred
backend/app/modules/m2_classifier/training/data/unknown/unknown_029_contrast_adjusted.png,unknown,synthetic,unknown_029,contrast_adjusted
backend/app/modules/m2_classifier/training/data/unknown/unknown_029_hue_sat_adjusted.png,unknown,synthetic,unknown_029,hue_sat_adjusted
backend/app/modules/m2_classifier/training/data/unknown/unknown_029_scaled_up.png,unknown,synthetic,unknown_029,scaled_up
backend/app/modules/m2_classifier/training/data/unknown/unknown_029_scaled_down.png,unknown,synthetic,unknown_029,scaled_down
backend/app/modules/m2_classifier/training/data/unknown/unknown_030_base.png,unknown,synthetic,unknown_030,original
backend/app/modules/m2_classifier/training/data/unknown/unknown_030_blurred.png,unknown,synthetic,unknown_030,blurred
backend/app/modules/m2_classifier/training/data/unknown/unknown_030_contrast_adjusted.png,unknown,synthetic,unknown_030,contrast_adjusted
backend/app/modules/m2_classifier/training/data/unknown/unknown_030_hue_sat_adjusted.png,unknown,synthetic,unknown_030,hue_sat_adjusted
backend/app/modules/m2_classifier/training/data/unknown/unknown_030_scaled_up.png,unknown,synthetic,unknown_030,scaled_up
backend/app/modules/m2_classifier/training/data/unknown/unknown_030_scaled_down.png,unknown,synthetic,unknown_030,scaled_down
backend/app/modules/m2_classifier/training/data/unknown/unknown_031_base.png,unknown,synthetic,unknown_031,original
backend/app/modules/m2_classifier/training/data/unknown/unknown_031_blurred.png,unknown,synthetic,unknown_031,blurred
backend/app/modules/m2_classifier/training/data/unknown/unknown_031_contrast_adjusted.png,unknown,synthetic,unknown_031,contrast_adjusted
backend/app/modules/m2_classifier/training/data/unknown/unknown_031_hue_sat_adjusted.png,unknown,synthetic,unknown_031,hue_sat_adjusted
backend/app/modules/m2_classifier/training/data/unknown/unknown_031_scaled_up.png,unknown,synthetic,unknown_031,scaled_up
backend/app/modules/m2_classifier/training/data/unknown/unknown_031_scaled_down.png,unknown,synthetic,unknown_031,scaled_down
backend/app/modules/m2_classifier/training/data/unknown/unknown_032_base.png,unknown,synthetic,unknown_032,original
backend/app/modules/m2_classifier/training/data/unknown/unknown_032_blurred.png,unknown,synthetic,unknown_032,blurred
backend/app/modules/m2_classifier/training/data/unknown/unknown_032_contrast_adjusted.png,unknown,synthetic,unknown_032,contrast_adjusted
backend/app/modules/m2_classifier/training/data/unknown/unknown_032_hue_sat_adjusted.png,unknown,synthetic,unknown_032,hue_sat_adjusted
backend/app/modules/m2_classifier/training/data/unknown/unknown_032_scaled_up.png,unknown,synthetic,unknown_032,scaled_up
backend/app/modules/m2_classifier/training/data/unknown/unknown_032_scaled_down.png,unknown,synthetic,unknown_032,scaled_down
backend/app/modules/m2_classifier/training/data/unknown/unknown_033_base.png,unknown,synthetic,unknown_033,original
backend/app/modules/m2_classifier/training/data/unknown/unknown_033_blurred.png,unknown,synthetic,unknown_033,blurred
backend/app/modules/m2_classifier/training/data/unknown/unknown_033_contrast_adjusted.png,unknown,synthetic,unknown_033,contrast_adjusted
backend/app/modules/m2_classifier/training/data/unknown/unknown_033_hue_sat_adjusted.png,unknown,synthetic,unknown_033,hue_sat_adjusted
backend/app/modules/m2_classifier/training/data/unknown/unknown_033_scaled_up.png,unknown,synthetic,unknown_033,scaled_up
backend/app/modules/m2_classifier/training/data/unknown/unknown_033_scaled_down.png,unknown,synthetic,unknown_033,scaled_down
backend/app/modules/m2_classifier/training/data/unknown/unknown_034_base.png,unknown,synthetic,unknown_034,original
backend/app/modules/m2_classifier/training/data/unknown/unknown_034_blurred.png,unknown,synthetic,unknown_034,blurred
backend/app/modules/m2_classifier/training/data/unknown/unknown_034_contrast_adjusted.png,unknown,synthetic,unknown_034,contrast_adjusted
backend/app/modules/m2_classifier/training/data/unknown/unknown_034_hue_sat_adjusted.png,unknown,synthetic,unknown_034,hue_sat_adjusted
backend/app/modules/m2_classifier/training/data/unknown/unknown_034_scaled_up.png,unknown,synthetic,unknown_034,scaled_up
backend/app/modules/m2_classifier/training/data/unknown/unknown_034_scaled_down.png,unknown,synthetic,unknown_034,scaled_down
backend/app/modules/m2_classifier/training/data/unknown/unknown_035_base.png,unknown,synthetic,unknown_035,original
backend/app/modules/m2_classifier/training/data/unknown/unknown_035_blurred.png,unknown,synthetic,unknown_035,blurred
backend/app/modules/m2_classifier/training/data/unknown/unknown_035_contrast_adjusted.png,unknown,synthetic,unknown_035,contrast_adjusted
backend/app/modules/m2_classifier/training/data/unknown/unknown_035_hue_sat_adjusted.png,unknown,synthetic,unknown_035,hue_sat_adjusted
backend/app/modules/m2_classifier/training/data/unknown/unknown_035_scaled_up.png,unknown,synthetic,unknown_035,scaled_up
backend/app/modules/m2_classifier/training/data/unknown/unknown_035_scaled_down.png,unknown,synthetic,unknown_035,scaled_down
backend/app/modules/m2_classifier/training/data/unknown/unknown_036_base.png,unknown,synthetic,unknown_036,original
backend/app/modules/m2_classifier/training/data/unknown/unknown_036_blurred.png,unknown,synthetic,unknown_036,blurred
backend/app/modules/m2_classifier/training/data/unknown/unknown_036_contrast_adjusted.png,unknown,synthetic,unknown_036,contrast_adjusted
backend/app/modules/m2_classifier/training/data/unknown/unknown_036_hue_sat_adjusted.png,unknown,synthetic,unknown_036,hue_sat_adjusted
backend/app/modules/m2_classifier/training/data/unknown/unknown_036_scaled_up.png,unknown,synthetic,unknown_036,scaled_up
backend/app/modules/m2_classifier/training/data/unknown/unknown_036_scaled_down.png,unknown,synthetic,unknown_036,scaled_down
backend/app/modules/m2_classifier/training/data/unknown/unknown_037_base.png,unknown,synthetic,unknown_037,original
backend/app/modules/m2_classifier/training/data/unknown/unknown_037_blurred.png,unknown,synthetic,unknown_037,blurred
backend/app/modules/m2_classifier/training/data/unknown/unknown_037_contrast_adjusted.png,unknown,synthetic,unknown_037,contrast_adjusted
backend/app/modules/m2_classifier/training/data/unknown/unknown_037_hue_sat_adjusted.png,unknown,synthetic,unknown_037,hue_sat_adjusted
backend/app/modules/m2_classifier/training/data/unknown/unknown_037_scaled_up.png,unknown,synthetic,unknown_037,scaled_up
backend/app/modules/m2_classifier/training/data/unknown/unknown_037_scaled_down.png,unknown,synthetic,unknown_037,scaled_down
backend/app/modules/m2_classifier/training/data/unknown/unknown_038_base.png,unknown,synthetic,unknown_038,original
backend/app/modules/m2_classifier/training/data/unknown/unknown_038_blurred.png,unknown,synthetic,unknown_038,blurred
backend/app/modules/m2_classifier/training/data/unknown/unknown_038_contrast_adjusted.png,unknown,synthetic,unknown_038,contrast_adjusted
backend/app/modules/m2_classifier/training/data/unknown/unknown_038_hue_sat_adjusted.png,unknown,synthetic,unknown_038,hue_sat_adjusted
backend/app/modules/m2_classifier/training/data/unknown/unknown_038_scaled_up.png,unknown,synthetic,unknown_038,scaled_up
backend/app/modules/m2_classifier/training/data/unknown/unknown_038_scaled_down.png,unknown,synthetic,unknown_038,scaled_down
backend/app/modules/m2_classifier/training/data/unknown/unknown_039_base.png,unknown,synthetic,unknown_039,original
backend/app/modules/m2_classifier/training/data/unknown/unknown_039_blurred.png,unknown,synthetic,unknown_039,blurred
backend/app/modules/m2_classifier/training/data/unknown/unknown_039_contrast_adjusted.png,unknown,synthetic,unknown_039,contrast_adjusted
backend/app/modules/m2_classifier/training/data/unknown/unknown_039_hue_sat_adjusted.png,unknown,synthetic,unknown_039,hue_sat_adjusted
backend/app/modules/m2_classifier/training/data/unknown/unknown_039_scaled_up.png,unknown,synthetic,unknown_039,scaled_up
backend/app/modules/m2_classifier/training/data/unknown/unknown_039_scaled_down.png,unknown,synthetic,unknown_039,scaled_down
backend/app/modules/m2_classifier/training/data/unknown/unknown_040_base.png,unknown,synthetic,unknown_040,original
backend/app/modules/m2_classifier/training/data/unknown/unknown_040_blurred.png,unknown,synthetic,unknown_040,blurred
backend/app/modules/m2_classifier/training/data/unknown/unknown_040_contrast_adjusted.png,unknown,synthetic,unknown_040,contrast_adjusted
backend/app/modules/m2_classifier/training/data/unknown/unknown_040_hue_sat_adjusted.png,unknown,synthetic,unknown_040,hue_sat_adjusted
backend/app/modules/m2_classifier/training/data/unknown/unknown_040_scaled_up.png,unknown,synthetic,unknown_040,scaled_up
backend/app/modules/m2_classifier/training/data/unknown/unknown_040_scaled_down.png,unknown,synthetic,unknown_040,scaled_down
backend/app/modules/m2_classifier/training/data/unknown/unknown_041_base.png,unknown,synthetic,unknown_041,original
backend/app/modules/m2_classifier/training/data/unknown/unknown_041_blurred.png,unknown,synthetic,unknown_041,blurred
backend/app/modules/m2_classifier/training/data/unknown/unknown_041_contrast_adjusted.png,unknown,synthetic,unknown_041,contrast_adjusted
backend/app/modules/m2_classifier/training/data/unknown/unknown_041_hue_sat_adjusted.png,unknown,synthetic,unknown_041,hue_sat_adjusted
backend/app/modules/m2_classifier/training/data/unknown/unknown_041_scaled_up.png,unknown,synthetic,unknown_041,scaled_up
backend/app/modules/m2_classifier/training/data/unknown/unknown_041_scaled_down.png,unknown,synthetic,unknown_041,scaled_down
backend/app/modules/m2_classifier/training/data/unknown/unknown_042_base.png,unknown,synthetic,unknown_042,original
backend/app/modules/m2_classifier/training/data/unknown/unknown_042_blurred.png,unknown,synthetic,unknown_042,blurred
backend/app/modules/m2_classifier/training/data/unknown/unknown_042_contrast_adjusted.png,unknown,synthetic,unknown_042,contrast_adjusted
backend/app/modules/m2_classifier/training/data/unknown/unknown_042_hue_sat_adjusted.png,unknown,synthetic,unknown_042,hue_sat_adjusted
backend/app/modules/m2_classifier/training/data/unknown/unknown_042_scaled_up.png,unknown,synthetic,unknown_042,scaled_up
backend/app/modules/m2_classifier/training/data/unknown/unknown_042_scaled_down.png,unknown,synthetic,unknown_042,scaled_down
backend/app/modules/m2_classifier/training/data/unknown/unknown_043_base.png,unknown,synthetic,unknown_043,original
backend/app/modules/m2_classifier/training/data/unknown/unknown_043_blurred.png,unknown,synthetic,unknown_043,blurred
backend/app/modules/m2_classifier/training/data/unknown/unknown_043_contrast_adjusted.png,unknown,synthetic,unknown_043,contrast_adjusted
backend/app/modules/m2_classifier/training/data/unknown/unknown_043_hue_sat_adjusted.png,unknown,synthetic,unknown_043,hue_sat_adjusted
backend/app/modules/m2_classifier/training/data/unknown/unknown_043_scaled_up.png,unknown,synthetic,unknown_043,scaled_up
backend/app/modules/m2_classifier/training/data/unknown/unknown_043_scaled_down.png,unknown,synthetic,unknown_043,scaled_down
backend/app/modules/m2_classifier/training/data/unknown/unknown_044_base.png,unknown,synthetic,unknown_044,original
backend/app/modules/m2_classifier/training/data/unknown/unknown_044_blurred.png,unknown,synthetic,unknown_044,blurred
backend/app/modules/m2_classifier/training/data/unknown/unknown_044_contrast_adjusted.png,unknown,synthetic,unknown_044,contrast_adjusted
backend/app/modules/m2_classifier/training/data/unknown/unknown_044_hue_sat_adjusted.png,unknown,synthetic,unknown_044,hue_sat_adjusted
backend/app/modules/m2_classifier/training/data/unknown/unknown_044_scaled_up.png,unknown,synthetic,unknown_044,scaled_up
backend/app/modules/m2_classifier/training/data/unknown/unknown_044_scaled_down.png,unknown,synthetic,unknown_044,scaled_down
backend/app/modules/m2_classifier/training/data/unknown/unknown_045_base.png,unknown,synthetic,unknown_045,original
backend/app/modules/m2_classifier/training/data/unknown/unknown_045_blurred.png,unknown,synthetic,unknown_045,blurred
backend/app/modules/m2_classifier/training/data/unknown/unknown_045_contrast_adjusted.png,unknown,synthetic,unknown_045,contrast_adjusted
backend/app/modules/m2_classifier/training/data/unknown/unknown_045_hue_sat_adjusted.png,unknown,synthetic,unknown_045,hue_sat_adjusted
backend/app/modules/m2_classifier/training/data/unknown/unknown_045_scaled_up.png,unknown,synthetic,unknown_045,scaled_up
backend/app/modules/m2_classifier/training/data/unknown/unknown_045_scaled_down.png,unknown,synthetic,unknown_045,scaled_down
backend/app/modules/m2_classifier/training/data/unknown/unknown_046_base.png,unknown,synthetic,unknown_046,original
backend/app/modules/m2_classifier/training/data/unknown/unknown_046_blurred.png,unknown,synthetic,unknown_046,blurred
backend/app/modules/m2_classifier/training/data/unknown/unknown_046_contrast_adjusted.png,unknown,synthetic,unknown_046,contrast_adjusted
backend/app/modules/m2_classifier/training/data/unknown/unknown_046_hue_sat_adjusted.png,unknown,synthetic,unknown_046,hue_sat_adjusted
backend/app/modules/m2_classifier/training/data/unknown/unknown_046_scaled_up.png,unknown,synthetic,unknown_046,scaled_up
backend/app/modules/m2_classifier/training/data/unknown/unknown_046_scaled_down.png,unknown,synthetic,unknown_046,scaled_down
backend/app/modules/m2_classifier/training/data/unknown/unknown_047_base.png,unknown,synthetic,unknown_047,original
backend/app/modules/m2_classifier/training/data/unknown/unknown_047_blurred.png,unknown,synthetic,unknown_047,blurred
backend/app/modules/m2_classifier/training/data/unknown/unknown_047_contrast_adjusted.png,unknown,synthetic,unknown_047,contrast_adjusted
backend/app/modules/m2_classifier/training/data/unknown/unknown_047_hue_sat_adjusted.png,unknown,synthetic,unknown_047,hue_sat_adjusted
backend/app/modules/m2_classifier/training/data/unknown/unknown_047_scaled_up.png,unknown,synthetic,unknown_047,scaled_up
backend/app/modules/m2_classifier/training/data/unknown/unknown_047_scaled_down.png,unknown,synthetic,unknown_047,scaled_down
backend/app/modules/m2_classifier/training/data/unknown/unknown_048_base.png,unknown,synthetic,unknown_048,original
backend/app/modules/m2_classifier/training/data/unknown/unknown_048_blurred.png,unknown,synthetic,unknown_048,blurred
backend/app/modules/m2_classifier/training/data/unknown/unknown_048_contrast_adjusted.png,unknown,synthetic,unknown_048,contrast_adjusted
backend/app/modules/m2_classifier/training/data/unknown/unknown_048_hue_sat_adjusted.png,unknown,synthetic,unknown_048,hue_sat_adjusted
backend/app/modules/m2_classifier/training/data/unknown/unknown_048_scaled_up.png,unknown,synthetic,unknown_048,scaled_up
backend/app/modules/m2_classifier/training/data/unknown/unknown_048_scaled_down.png,unknown,synthetic,unknown_048,scaled_down
backend/app/modules/m2_classifier/training/data/unknown/unknown_049_base.png,unknown,synthetic,unknown_049,original
backend/app/modules/m2_classifier/training/data/unknown/unknown_049_blurred.png,unknown,synthetic,unknown_049,blurred
backend/app/modules/m2_classifier/training/data/unknown/unknown_049_contrast_adjusted.png,unknown,synthetic,unknown_049,contrast_adjusted
backend/app/modules/m2_classifier/training/data/unknown/unknown_049_hue_sat_adjusted.png,unknown,synthetic,unknown_049,hue_sat_adjusted
backend/app/modules/m2_classifier/training/data/unknown/unknown_049_scaled_up.png,unknown,synthetic,unknown_049,scaled_up
backend/app/modules/m2_classifier/training/data/unknown/unknown_049_scaled_down.png,unknown,synthetic,unknown_049,scaled_down
backend/app/modules/m2_classifier/training/data/unknown/unknown_050_base.png,unknown,synthetic,unknown_050,original
backend/app/modules/m2_classifier/training/data/unknown/unknown_050_blurred.png,unknown,synthetic,unknown_050,blurred
backend/app/modules/m2_classifier/training/data/unknown/unknown_050_contrast_adjusted.png,unknown,synthetic,unknown_050,contrast_adjusted
backend/app/modules/m2_classifier/training/data/unknown/unknown_050_hue_sat_adjusted.png,unknown,synthetic,unknown_050,hue_sat_adjusted
backend/app/modules/m2_classifier/training/data/unknown/unknown_050_scaled_up.png,unknown,synthetic,unknown_050,scaled_up
backend/app/modules/m2_classifier/training/data/unknown/unknown_050_scaled_down.png,unknown,synthetic,unknown_050,scaled_down
backend/app/modules/m2_classifier/training/data/unknown/unknown_051_base.png,unknown,synthetic,unknown_051,original
backend/app/modules/m2_classifier/training/data/unknown/unknown_051_blurred.png,unknown,synthetic,unknown_051,blurred
backend/app/modules/m2_classifier/training/data/unknown/unknown_051_contrast_adjusted.png,unknown,synthetic,unknown_051,contrast_adjusted
backend/app/modules/m2_classifier/training/data/unknown/unknown_051_hue_sat_adjusted.png,unknown,synthetic,unknown_051,hue_sat_adjusted
backend/app/modules/m2_classifier/training/data/unknown/unknown_051_scaled_up.png,unknown,synthetic,unknown_051,scaled_up
backend/app/modules/m2_classifier/training/data/unknown/unknown_051_scaled_down.png,unknown,synthetic,unknown_051,scaled_down
backend/app/modules/m2_classifier/training/data/unknown/unknown_052_base.png,unknown,synthetic,unknown_052,original
backend/app/modules/m2_classifier/training/data/unknown/unknown_052_blurred.png,unknown,synthetic,unknown_052,blurred
backend/app/modules/m2_classifier/training/data/unknown/unknown_052_contrast_adjusted.png,unknown,synthetic,unknown_052,contrast_adjusted
backend/app/modules/m2_classifier/training/data/unknown/unknown_052_hue_sat_adjusted.png,unknown,synthetic,unknown_052,hue_sat_adjusted
backend/app/modules/m2_classifier/training/data/unknown/unknown_052_scaled_up.png,unknown,synthetic,unknown_052,scaled_up
backend/app/modules/m2_classifier/training/data/unknown/unknown_052_scaled_down.png,unknown,synthetic,unknown_052,scaled_down
backend/app/modules/m2_classifier/training/data/unknown/unknown_053_base.png,unknown,synthetic,unknown_053,original
backend/app/modules/m2_classifier/training/data/unknown/unknown_053_blurred.png,unknown,synthetic,unknown_053,blurred
backend/app/modules/m2_classifier/training/data/unknown/unknown_053_contrast_adjusted.png,unknown,synthetic,unknown_053,contrast_adjusted
backend/app/modules/m2_classifier/training/data/unknown/unknown_053_hue_sat_adjusted.png,unknown,synthetic,unknown_053,hue_sat_adjusted
backend/app/modules/m2_classifier/training/data/unknown/unknown_053_scaled_up.png,unknown,synthetic,unknown_053,scaled_up
backend/app/modules/m2_classifier/training/data/unknown/unknown_053_scaled_down.png,unknown,synthetic,unknown_053,scaled_down
backend/app/modules/m2_classifier/training/data/unknown/unknown_054_base.png,unknown,synthetic,unknown_054,original
backend/app/modules/m2_classifier/training/data/unknown/unknown_054_blurred.png,unknown,synthetic,unknown_054,blurred
backend/app/modules/m2_classifier/training/data/unknown/unknown_054_contrast_adjusted.png,unknown,synthetic,unknown_054,contrast_adjusted
backend/app/modules/m2_classifier/training/data/unknown/unknown_054_hue_sat_adjusted.png,unknown,synthetic,unknown_054,hue_sat_adjusted
backend/app/modules/m2_classifier/training/data/unknown/unknown_054_scaled_up.png,unknown,synthetic,unknown_054,scaled_up
backend/app/modules/m2_classifier/training/data/unknown/unknown_054_scaled_down.png,unknown,synthetic,unknown_054,scaled_down
backend/app/modules/m2_classifier/training/data/unknown/unknown_055_base.png,unknown,synthetic,unknown_055,original
backend/app/modules/m2_classifier/training/data/unknown/unknown_055_blurred.png,unknown,synthetic,unknown_055,blurred
backend/app/modules/m2_classifier/training/data/unknown/unknown_055_contrast_adjusted.png,unknown,synthetic,unknown_055,contrast_adjusted
backend/app/modules/m2_classifier/training/data/unknown/unknown_055_hue_sat_adjusted.png,unknown,synthetic,unknown_055,hue_sat_adjusted
backend/app/modules/m2_classifier/training/data/unknown/unknown_055_scaled_up.png,unknown,synthetic,unknown_055,scaled_up
backend/app/modules/m2_classifier/training/data/unknown/unknown_055_scaled_down.png,unknown,synthetic,unknown_055,scaled_down
backend/app/modules/m2_classifier/training/data/unknown/unknown_056_base.png,unknown,synthetic,unknown_056,original
backend/app/modules/m2_classifier/training/data/unknown/unknown_056_blurred.png,unknown,synthetic,unknown_056,blurred
backend/app/modules/m2_classifier/training/data/unknown/unknown_056_contrast_adjusted.png,unknown,synthetic,unknown_056,contrast_adjusted
backend/app/modules/m2_classifier/training/data/unknown/unknown_056_hue_sat_adjusted.png,unknown,synthetic,unknown_056,hue_sat_adjusted
backend/app/modules/m2_classifier/training/data/unknown/unknown_056_scaled_up.png,unknown,synthetic,unknown_056,scaled_up
backend/app/modules/m2_classifier/training/data/unknown/unknown_056_scaled_down.png,unknown,synthetic,unknown_056,scaled_down
backend/app/modules/m2_classifier/training/data/unknown/unknown_057_base.png,unknown,synthetic,unknown_057,original
backend/app/modules/m2_classifier/training/data/unknown/unknown_057_blurred.png,unknown,synthetic,unknown_057,blurred
backend/app/modules/m2_classifier/training/data/unknown/unknown_057_contrast_adjusted.png,unknown,synthetic,unknown_057,contrast_adjusted
backend/app/modules/m2_classifier/training/data/unknown/unknown_057_hue_sat_adjusted.png,unknown,synthetic,unknown_057,hue_sat_adjusted
backend/app/modules/m2_classifier/training/data/unknown/unknown_057_scaled_up.png,unknown,synthetic,unknown_057,scaled_up
backend/app/modules/m2_classifier/training/data/unknown/unknown_057_scaled_down.png,unknown,synthetic,unknown_057,scaled_down
backend/app/modules/m2_classifier/training/data/unknown/unknown_058_base.png,unknown,synthetic,unknown_058,original
backend/app/modules/m2_classifier/training/data/unknown/unknown_058_blurred.png,unknown,synthetic,unknown_058,blurred
backend/app/modules/m2_classifier/training/data/unknown/unknown_058_contrast_adjusted.png,unknown,synthetic,unknown_058,contrast_adjusted
backend/app/modules/m2_classifier/training/data/unknown/unknown_058_hue_sat_adjusted.png,unknown,synthetic,unknown_058,hue_sat_adjusted
backend/app/modules/m2_classifier/training/data/unknown/unknown_058_scaled_up.png,unknown,synthetic,unknown_058,scaled_up
backend/app/modules/m2_classifier/training/data/unknown/unknown_058_scaled_down.png,unknown,synthetic,unknown_058,scaled_down
backend/app/modules/m2_classifier/training/data/unknown/unknown_059_base.png,unknown,synthetic,unknown_059,original
backend/app/modules/m2_classifier/training/data/unknown/unknown_059_blurred.png,unknown,synthetic,unknown_059,blurred
backend/app/modules/m2_classifier/training/data/unknown/unknown_059_contrast_adjusted.png,unknown,synthetic,unknown_059,contrast_adjusted
backend/app/modules/m2_classifier/training/data/unknown/unknown_059_hue_sat_adjusted.png,unknown,synthetic,unknown_059,hue_sat_adjusted
backend/app/modules/m2_classifier/training/data/unknown/unknown_059_scaled_up.png,unknown,synthetic,unknown_059,scaled_up
backend/app/modules/m2_classifier/training/data/unknown/unknown_059_scaled_down.png,unknown,synthetic,unknown_059,scaled_down
backend/app/modules/m2_classifier/training/data/unknown/unknown_060_base.png,unknown,synthetic,unknown_060,original
backend/app/modules/m2_classifier/training/data/unknown/unknown_060_blurred.png,unknown,synthetic,unknown_060,blurred
backend/app/modules/m2_classifier/training/data/unknown/unknown_060_contrast_adjusted.png,unknown,synthetic,unknown_060,contrast_adjusted
backend/app/modules/m2_classifier/training/data/unknown/unknown_060_hue_sat_adjusted.png,unknown,synthetic,unknown_060,hue_sat_adjusted
backend/app/modules/m2_classifier/training/data/unknown/unknown_060_scaled_up.png,unknown,synthetic,unknown_060,scaled_up
backend/app/modules/m2_classifier/training/data/unknown/unknown_060_scaled_down.png,unknown,synthetic,unknown_060,scaled_down
backend/app/modules/m2_classifier/training/data/unknown/unknown_061_base.png,unknown,synthetic,unknown_061,original
backend/app/modules/m2_classifier/training/data/unknown/unknown_061_blurred.png,unknown,synthetic,unknown_061,blurred
backend/app/modules/m2_classifier/training/data/unknown/unknown_061_contrast_adjusted.png,unknown,synthetic,unknown_061,contrast_adjusted
backend/app/modules/m2_classifier/training/data/unknown/unknown_061_hue_sat_adjusted.png,unknown,synthetic,unknown_061,hue_sat_adjusted
backend/app/modules/m2_classifier/training/data/unknown/unknown_061_scaled_up.png,unknown,synthetic,unknown_061,scaled_up
backend/app/modules/m2_classifier/training/data/unknown/unknown_061_scaled_down.png,unknown,synthetic,unknown_061,scaled_down
backend/app/modules/m2_classifier/training/data/unknown/unknown_062_base.png,unknown,synthetic,unknown_062,original
backend/app/modules/m2_classifier/training/data/unknown/unknown_062_blurred.png,unknown,synthetic,unknown_062,blurred
backend/app/modules/m2_classifier/training/data/unknown/unknown_062_contrast_adjusted.png,unknown,synthetic,unknown_062,contrast_adjusted
backend/app/modules/m2_classifier/training/data/unknown/unknown_062_hue_sat_adjusted.png,unknown,synthetic,unknown_062,hue_sat_adjusted
backend/app/modules/m2_classifier/training/data/unknown/unknown_062_scaled_up.png,unknown,synthetic,unknown_062,scaled_up
backend/app/modules/m2_classifier/training/data/unknown/unknown_062_scaled_down.png,unknown,synthetic,unknown_062,scaled_down
backend/app/modules/m2_classifier/training/data/unknown/unknown_063_base.png,unknown,synthetic,unknown_063,original
backend/app/modules/m2_classifier/training/data/unknown/unknown_063_blurred.png,unknown,synthetic,unknown_063,blurred
backend/app/modules/m2_classifier/training/data/unknown/unknown_063_contrast_adjusted.png,unknown,synthetic,unknown_063,contrast_adjusted
backend/app/modules/m2_classifier/training/data/unknown/unknown_063_hue_sat_adjusted.png,unknown,synthetic,unknown_063,hue_sat_adjusted
backend/app/modules/m2_classifier/training/data/unknown/unknown_063_scaled_up.png,unknown,synthetic,unknown_063,scaled_up
backend/app/modules/m2_classifier/training/data/unknown/unknown_063_scaled_down.png,unknown,synthetic,unknown_063,scaled_down
backend/app/modules/m2_classifier/training/data/unknown/unknown_064_base.png,unknown,synthetic,unknown_064,original
backend/app/modules/m2_classifier/training/data/unknown/unknown_064_blurred.png,unknown,synthetic,unknown_064,blurred
backend/app/modules/m2_classifier/training/data/unknown/unknown_064_contrast_adjusted.png,unknown,synthetic,unknown_064,contrast_adjusted
backend/app/modules/m2_classifier/training/data/unknown/unknown_064_hue_sat_adjusted.png,unknown,synthetic,unknown_064,hue_sat_adjusted
backend/app/modules/m2_classifier/training/data/unknown/unknown_064_scaled_up.png,unknown,synthetic,unknown_064,scaled_up
backend/app/modules/m2_classifier/training/data/unknown/unknown_064_scaled_down.png,unknown,synthetic,unknown_064,scaled_down
backend/app/modules/m2_classifier/training/data/unknown/unknown_065_base.png,unknown,synthetic,unknown_065,original
backend/app/modules/m2_classifier/training/data/unknown/unknown_065_blurred.png,unknown,synthetic,unknown_065,blurred
backend/app/modules/m2_classifier/training/data/unknown/unknown_065_contrast_adjusted.png,unknown,synthetic,unknown_065,contrast_adjusted
backend/app/modules/m2_classifier/training/data/unknown/unknown_065_hue_sat_adjusted.png,unknown,synthetic,unknown_065,hue_sat_adjusted
backend/app/modules/m2_classifier/training/data/unknown/unknown_065_scaled_up.png,unknown,synthetic,unknown_065,scaled_up
backend/app/modules/m2_classifier/training/data/unknown/unknown_065_scaled_down.png,unknown,synthetic,unknown_065,scaled_down
backend/app/modules/m2_classifier/training/data/unknown/unknown_066_base.png,unknown,synthetic,unknown_066,original
backend/app/modules/m2_classifier/training/data/unknown/unknown_066_blurred.png,unknown,synthetic,unknown_066,blurred
backend/app/modules/m2_classifier/training/data/unknown/unknown_066_contrast_adjusted.png,unknown,synthetic,unknown_066,contrast_adjusted
backend/app/modules/m2_classifier/training/data/unknown/unknown_066_hue_sat_adjusted.png,unknown,synthetic,unknown_066,hue_sat_adjusted
backend/app/modules/m2_classifier/training/data/unknown/unknown_066_scaled_up.png,unknown,synthetic,unknown_066,scaled_up
backend/app/modules/m2_classifier/training/data/unknown/unknown_066_scaled_down.png,unknown,synthetic,unknown_066,scaled_down
backend/app/modules/m2_classifier/training/data/unknown/unknown_067_base.png,unknown,synthetic,unknown_067,original
backend/app/modules/m2_classifier/training/data/unknown/unknown_067_blurred.png,unknown,synthetic,unknown_067,blurred
backend/app/modules/m2_classifier/training/data/unknown/unknown_067_contrast_adjusted.png,unknown,synthetic,unknown_067,contrast_adjusted
backend/app/modules/m2_classifier/training/data/unknown/unknown_067_hue_sat_adjusted.png,unknown,synthetic,unknown_067,hue_sat_adjusted
backend/app/modules/m2_classifier/training/data/unknown/unknown_067_scaled_up.png,unknown,synthetic,unknown_067,scaled_up
backend/app/modules/m2_classifier/training/data/unknown/unknown_067_scaled_down.png,unknown,synthetic,unknown_067,scaled_down
backend/app/modules/m2_classifier/training/data/unknown/unknown_068_base.png,unknown,synthetic,unknown_068,original
backend/app/modules/m2_classifier/training/data/unknown/unknown_068_blurred.png,unknown,synthetic,unknown_068,blurred
backend/app/modules/m2_classifier/training/data/unknown/unknown_068_contrast_adjusted.png,unknown,synthetic,unknown_068,contrast_adjusted
backend/app/modules/m2_classifier/training/data/unknown/unknown_068_hue_sat_adjusted.png,unknown,synthetic,unknown_068,hue_sat_adjusted
backend/app/modules/m2_classifier/training/data/unknown/unknown_068_scaled_up.png,unknown,synthetic,unknown_068,scaled_up
backend/app/modules/m2_classifier/training/data/unknown/unknown_068_scaled_down.png,unknown,synthetic,unknown_068,scaled_down
backend/app/modules/m2_classifier/training/data/unknown/unknown_069_base.png,unknown,synthetic,unknown_069,original
backend/app/modules/m2_classifier/training/data/unknown/unknown_069_blurred.png,unknown,synthetic,unknown_069,blurred
backend/app/modules/m2_classifier/training/data/unknown/unknown_069_contrast_adjusted.png,unknown,synthetic,unknown_069,contrast_adjusted
backend/app/modules/m2_classifier/training/data/unknown/unknown_069_hue_sat_adjusted.png,unknown,synthetic,unknown_069,hue_sat_adjusted
backend/app/modules/m2_classifier/training/data/unknown/unknown_069_scaled_up.png,unknown,synthetic,unknown_069,scaled_up
backend/app/modules/m2_classifier/training/data/unknown/unknown_069_scaled_down.png,unknown,synthetic,unknown_069,scaled_down
backend/app/modules/m2_classifier/training/data/unknown/unknown_070_base.png,unknown,synthetic,unknown_070,original
backend/app/modules/m2_classifier/training/data/unknown/unknown_070_blurred.png,unknown,synthetic,unknown_070,blurred
backend/app/modules/m2_classifier/training/data/unknown/unknown_070_contrast_adjusted.png,unknown,synthetic,unknown_070,contrast_adjusted
backend/app/modules/m2_classifier/training/data/unknown/unknown_070_hue_sat_adjusted.png,unknown,synthetic,unknown_070,hue_sat_adjusted
backend/app/modules/m2_classifier/training/data/unknown/unknown_070_scaled_up.png,unknown,synthetic,unknown_070,scaled_up
backend/app/modules/m2_classifier/training/data/unknown/unknown_070_scaled_down.png,unknown,synthetic,unknown_070,scaled_down
backend/app/modules/m2_classifier/training/data/unknown/unknown_071_base.png,unknown,synthetic,unknown_071,original
backend/app/modules/m2_classifier/training/data/unknown/unknown_071_blurred.png,unknown,synthetic,unknown_071,blurred
backend/app/modules/m2_classifier/training/data/unknown/unknown_071_contrast_adjusted.png,unknown,synthetic,unknown_071,contrast_adjusted
backend/app/modules/m2_classifier/training/data/unknown/unknown_071_hue_sat_adjusted.png,unknown,synthetic,unknown_071,hue_sat_adjusted
backend/app/modules/m2_classifier/training/data/unknown/unknown_071_scaled_up.png,unknown,synthetic,unknown_071,scaled_up
backend/app/modules/m2_classifier/training/data/unknown/unknown_071_scaled_down.png,unknown,synthetic,unknown_071,scaled_down
backend/app/modules/m2_classifier/training/data/unknown/unknown_072_base.png,unknown,synthetic,unknown_072,original
backend/app/modules/m2_classifier/training/data/unknown/unknown_072_blurred.png,unknown,synthetic,unknown_072,blurred
backend/app/modules/m2_classifier/training/data/unknown/unknown_072_contrast_adjusted.png,unknown,synthetic,unknown_072,contrast_adjusted
backend/app/modules/m2_classifier/training/data/unknown/unknown_072_hue_sat_adjusted.png,unknown,synthetic,unknown_072,hue_sat_adjusted
backend/app/modules/m2_classifier/training/data/unknown/unknown_072_scaled_up.png,unknown,synthetic,unknown_072,scaled_up
backend/app/modules/m2_classifier/training/data/unknown/unknown_072_scaled_down.png,unknown,synthetic,unknown_072,scaled_down
backend/app/modules/m2_classifier/training/data/unknown/unknown_073_base.png,unknown,synthetic,unknown_073,original
backend/app/modules/m2_classifier/training/data/unknown/unknown_073_blurred.png,unknown,synthetic,unknown_073,blurred
backend/app/modules/m2_classifier/training/data/unknown/unknown_073_contrast_adjusted.png,unknown,synthetic,unknown_073,contrast_adjusted
backend/app/modules/m2_classifier/training/data/unknown/unknown_073_hue_sat_adjusted.png,unknown,synthetic,unknown_073,hue_sat_adjusted
backend/app/modules/m2_classifier/training/data/unknown/unknown_073_scaled_up.png,unknown,synthetic,unknown_073,scaled_up
backend/app/modules/m2_classifier/training/data/unknown/unknown_073_scaled_down.png,unknown,synthetic,unknown_073,scaled_down
backend/app/modules/m2_classifier/training/data/unknown/unknown_074_base.png,unknown,synthetic,unknown_074,original
backend/app/modules/m2_classifier/training/data/unknown/unknown_074_blurred.png,unknown,synthetic,unknown_074,blurred
backend/app/modules/m2_classifier/training/data/unknown/unknown_074_contrast_adjusted.png,unknown,synthetic,unknown_074,contrast_adjusted
backend/app/modules/m2_classifier/training/data/unknown/unknown_074_hue_sat_adjusted.png,unknown,synthetic,unknown_074,hue_sat_adjusted
backend/app/modules/m2_classifier/training/data/unknown/unknown_074_scaled_up.png,unknown,synthetic,unknown_074,scaled_up
backend/app/modules/m2_classifier/training/data/unknown/unknown_074_scaled_down.png,unknown,synthetic,unknown_074,scaled_down
backend/app/modules/m2_classifier/training/data/unknown/unknown_075_base.png,unknown,synthetic,unknown_075,original
backend/app/modules/m2_classifier/training/data/unknown/unknown_075_blurred.png,unknown,synthetic,unknown_075,blurred
backend/app/modules/m2_classifier/training/data/unknown/unknown_075_contrast_adjusted.png,unknown,synthetic,unknown_075,contrast_adjusted
backend/app/modules/m2_classifier/training/data/unknown/unknown_075_hue_sat_adjusted.png,unknown,synthetic,unknown_075,hue_sat_adjusted
backend/app/modules/m2_classifier/training/data/unknown/unknown_075_scaled_up.png,unknown,synthetic,unknown_075,scaled_up
backend/app/modules/m2_classifier/training/data/unknown/unknown_075_scaled_down.png,unknown,synthetic,unknown_075,scaled_down
backend/app/modules/m2_classifier/training/data/unknown/unknown_076_base.png,unknown,synthetic,unknown_076,original
backend/app/modules/m2_classifier/training/data/unknown/unknown_076_blurred.png,unknown,synthetic,unknown_076,blurred
backend/app/modules/m2_classifier/training/data/unknown/unknown_076_contrast_adjusted.png,unknown,synthetic,unknown_076,contrast_adjusted
backend/app/modules/m2_classifier/training/data/unknown/unknown_076_hue_sat_adjusted.png,unknown,synthetic,unknown_076,hue_sat_adjusted
backend/app/modules/m2_classifier/training/data/unknown/unknown_076_scaled_up.png,unknown,synthetic,unknown_076,scaled_up
backend/app/modules/m2_classifier/training/data/unknown/unknown_076_scaled_down.png,unknown,synthetic,unknown_076,scaled_down
backend/app/modules/m2_classifier/training/data/unknown/unknown_077_base.png,unknown,synthetic,unknown_077,original
backend/app/modules/m2_classifier/training/data/unknown/unknown_077_blurred.png,unknown,synthetic,unknown_077,blurred
backend/app/modules/m2_classifier/training/data/unknown/unknown_077_contrast_adjusted.png,unknown,synthetic,unknown_077,contrast_adjusted
backend/app/modules/m2_classifier/training/data/unknown/unknown_077_hue_sat_adjusted.png,unknown,synthetic,unknown_077,hue_sat_adjusted
backend/app/modules/m2_classifier/training/data/unknown/unknown_077_scaled_up.png,unknown,synthetic,unknown_077,scaled_up
backend/app/modules/m2_classifier/training/data/unknown/unknown_077_scaled_down.png,unknown,synthetic,unknown_077,scaled_down
backend/app/modules/m2_classifier/training/data/unknown/unknown_078_base.png,unknown,synthetic,unknown_078,original
backend/app/modules/m2_classifier/training/data/unknown/unknown_078_blurred.png,unknown,synthetic,unknown_078,blurred
backend/app/modules/m2_classifier/training/data/unknown/unknown_078_contrast_adjusted.png,unknown,synthetic,unknown_078,contrast_adjusted
backend/app/modules/m2_classifier/training/data/unknown/unknown_078_hue_sat_adjusted.png,unknown,synthetic,unknown_078,hue_sat_adjusted
backend/app/modules/m2_classifier/training/data/unknown/unknown_078_scaled_up.png,unknown,synthetic,unknown_078,scaled_up
backend/app/modules/m2_classifier/training/data/unknown/unknown_078_scaled_down.png,unknown,synthetic,unknown_078,scaled_down
backend/app/modules/m2_classifier/training/data/unknown/unknown_079_base.png,unknown,synthetic,unknown_079,original
backend/app/modules/m2_classifier/training/data/unknown/unknown_079_blurred.png,unknown,synthetic,unknown_079,blurred
backend/app/modules/m2_classifier/training/data/unknown/unknown_079_contrast_adjusted.png,unknown,synthetic,unknown_079,contrast_adjusted
backend/app/modules/m2_classifier/training/data/unknown/unknown_079_hue_sat_adjusted.png,unknown,synthetic,unknown_079,hue_sat_adjusted
backend/app/modules/m2_classifier/training/data/unknown/unknown_079_scaled_up.png,unknown,synthetic,unknown_079,scaled_up
backend/app/modules/m2_classifier/training/data/unknown/unknown_079_scaled_down.png,unknown,synthetic,unknown_079,scaled_down
backend/app/modules/m2_classifier/training/data/unknown/unknown_080_base.png,unknown,synthetic,unknown_080,original
backend/app/modules/m2_classifier/training/data/unknown/unknown_080_blurred.png,unknown,synthetic,unknown_080,blurred
backend/app/modules/m2_classifier/training/data/unknown/unknown_080_contrast_adjusted.png,unknown,synthetic,unknown_080,contrast_adjusted
backend/app/modules/m2_classifier/training/data/unknown/unknown_080_hue_sat_adjusted.png,unknown,synthetic,unknown_080,hue_sat_adjusted
backend/app/modules/m2_classifier/training/data/unknown/unknown_080_scaled_up.png,unknown,synthetic,unknown_080,scaled_up
backend/app/modules/m2_classifier/training/data/unknown/unknown_080_scaled_down.png,unknown,synthetic,unknown_080,scaled_down
backend/app/modules/m2_classifier/training/data/unknown/unknown_081_base.png,unknown,synthetic,unknown_081,original
backend/app/modules/m2_classifier/training/data/unknown/unknown_081_blurred.png,unknown,synthetic,unknown_081,blurred
backend/app/modules/m2_classifier/training/data/unknown/unknown_081_contrast_adjusted.png,unknown,synthetic,unknown_081,contrast_adjusted
backend/app/modules/m2_classifier/training/data/unknown/unknown_081_hue_sat_adjusted.png,unknown,synthetic,unknown_081,hue_sat_adjusted
backend/app/modules/m2_classifier/training/data/unknown/unknown_081_scaled_up.png,unknown,synthetic,unknown_081,scaled_up
backend/app/modules/m2_classifier/training/data/unknown/unknown_081_scaled_down.png,unknown,synthetic,unknown_081,scaled_down
backend/app/modules/m2_classifier/training/data/unknown/unknown_082_base.png,unknown,synthetic,unknown_082,original
backend/app/modules/m2_classifier/training/data/unknown/unknown_082_blurred.png,unknown,synthetic,unknown_082,blurred
backend/app/modules/m2_classifier/training/data/unknown/unknown_082_contrast_adjusted.png,unknown,synthetic,unknown_082,contrast_adjusted
backend/app/modules/m2_classifier/training/data/unknown/unknown_082_hue_sat_adjusted.png,unknown,synthetic,unknown_082,hue_sat_adjusted
backend/app/modules/m2_classifier/training/data/unknown/unknown_082_scaled_up.png,unknown,synthetic,unknown_082,scaled_up
backend/app/modules/m2_classifier/training/data/unknown/unknown_082_scaled_down.png,unknown,synthetic,unknown_082,scaled_down
backend/app/modules/m2_classifier/training/data/unknown/unknown_083_base.png,unknown,synthetic,unknown_083,original
backend/app/modules/m2_classifier/training/data/unknown/unknown_083_blurred.png,unknown,synthetic,unknown_083,blurred
backend/app/modules/m2_classifier/training/data/unknown/unknown_083_contrast_adjusted.png,unknown,synthetic,unknown_083,contrast_adjusted
backend/app/modules/m2_classifier/training/data/unknown/unknown_083_hue_sat_adjusted.png,unknown,synthetic,unknown_083,hue_sat_adjusted
backend/app/modules/m2_classifier/training/data/unknown/unknown_083_scaled_up.png,unknown,synthetic,unknown_083,scaled_up
backend/app/modules/m2_classifier/training/data/unknown/unknown_083_scaled_down.png,unknown,synthetic,unknown_083,scaled_down
backend/app/modules/m2_classifier/training/data/unknown/unknown_084_base.png,unknown,synthetic,unknown_084,original
backend/app/modules/m2_classifier/training/data/unknown/unknown_084_blurred.png,unknown,synthetic,unknown_084,blurred
backend/app/modules/m2_classifier/training/data/unknown/unknown_084_contrast_adjusted.png,unknown,synthetic,unknown_084,contrast_adjusted
backend/app/modules/m2_classifier/training/data/unknown/unknown_084_hue_sat_adjusted.png,unknown,synthetic,unknown_084,hue_sat_adjusted
backend/app/modules/m2_classifier/training/data/unknown/unknown_084_scaled_up.png,unknown,synthetic,unknown_084,scaled_up
backend/app/modules/m2_classifier/training/data/unknown/unknown_084_scaled_down.png,unknown,synthetic,unknown_084,scaled_down
backend/app/modules/m2_classifier/training/data/unknown/unknown_085_base.png,unknown,synthetic,unknown_085,original
backend/app/modules/m2_classifier/training/data/unknown/unknown_085_blurred.png,unknown,synthetic,unknown_085,blurred
backend/app/modules/m2_classifier/training/data/unknown/unknown_085_contrast_adjusted.png,unknown,synthetic,unknown_085,contrast_adjusted
backend/app/modules/m2_classifier/training/data/unknown/unknown_085_hue_sat_adjusted.png,unknown,synthetic,unknown_085,hue_sat_adjusted
backend/app/modules/m2_classifier/training/data/unknown/unknown_085_scaled_up.png,unknown,synthetic,unknown_085,scaled_up
backend/app/modules/m2_classifier/training/data/unknown/unknown_085_scaled_down.png,unknown,synthetic,unknown_085,scaled_down
backend/app/modules/m2_classifier/training/data/unknown/unknown_086_base.png,unknown,synthetic,unknown_086,original
backend/app/modules/m2_classifier/training/data/unknown/unknown_086_blurred.png,unknown,synthetic,unknown_086,blurred
backend/app/modules/m2_classifier/training/data/unknown/unknown_086_contrast_adjusted.png,unknown,synthetic,unknown_086,contrast_adjusted
backend/app/modules/m2_classifier/training/data/unknown/unknown_086_hue_sat_adjusted.png,unknown,synthetic,unknown_086,hue_sat_adjusted
backend/app/modules/m2_classifier/training/data/unknown/unknown_086_scaled_up.png,unknown,synthetic,unknown_086,scaled_up
backend/app/modules/m2_classifier/training/data/unknown/unknown_086_scaled_down.png,unknown,synthetic,unknown_086,scaled_down
backend/app/modules/m2_classifier/training/data/unknown/unknown_087_base.png,unknown,synthetic,unknown_087,original
backend/app/modules/m2_classifier/training/data/unknown/unknown_087_blurred.png,unknown,synthetic,unknown_087,blurred
backend/app/modules/m2_classifier/training/data/unknown/unknown_087_contrast_adjusted.png,unknown,synthetic,unknown_087,contrast_adjusted
backend/app/modules/m2_classifier/training/data/unknown/unknown_087_hue_sat_adjusted.png,unknown,synthetic,unknown_087,hue_sat_adjusted
backend/app/modules/m2_classifier/training/data/unknown/unknown_087_scaled_up.png,unknown,synthetic,unknown_087,scaled_up
backend/app/modules/m2_classifier/training/data/unknown/unknown_087_scaled_down.png,unknown,synthetic,unknown_087,scaled_down
backend/app/modules/m2_classifier/training/data/unknown/unknown_088_base.png,unknown,synthetic,unknown_088,original
backend/app/modules/m2_classifier/training/data/unknown/unknown_088_blurred.png,unknown,synthetic,unknown_088,blurred
backend/app/modules/m2_classifier/training/data/unknown/unknown_088_contrast_adjusted.png,unknown,synthetic,unknown_088,contrast_adjusted
backend/app/modules/m2_classifier/training/data/unknown/unknown_088_hue_sat_adjusted.png,unknown,synthetic,unknown_088,hue_sat_adjusted
backend/app/modules/m2_classifier/training/data/unknown/unknown_088_scaled_up.png,unknown,synthetic,unknown_088,scaled_up
backend/app/modules/m2_classifier/training/data/unknown/unknown_088_scaled_down.png,unknown,synthetic,unknown_088,scaled_down
backend/app/modules/m2_classifier/training/data/unknown/unknown_089_base.png,unknown,synthetic,unknown_089,original
backend/app/modules/m2_classifier/training/data/unknown/unknown_089_blurred.png,unknown,synthetic,unknown_089,blurred
backend/app/modules/m2_classifier/training/data/unknown/unknown_089_contrast_adjusted.png,unknown,synthetic,unknown_089,contrast_adjusted
backend/app/modules/m2_classifier/training/data/unknown/unknown_089_hue_sat_adjusted.png,unknown,synthetic,unknown_089,hue_sat_adjusted
backend/app/modules/m2_classifier/training/data/unknown/unknown_089_scaled_up.png,unknown,synthetic,unknown_089,scaled_up
backend/app/modules/m2_classifier/training/data/unknown/unknown_089_scaled_down.png,unknown,synthetic,unknown_089,scaled_down
backend/app/modules/m2_classifier/training/data/unknown/unknown_090_base.png,unknown,synthetic,unknown_090,original
backend/app/modules/m2_classifier/training/data/unknown/unknown_090_blurred.png,unknown,synthetic,unknown_090,blurred
backend/app/modules/m2_classifier/training/data/unknown/unknown_090_contrast_adjusted.png,unknown,synthetic,unknown_090,contrast_adjusted
backend/app/modules/m2_classifier/training/data/unknown/unknown_090_hue_sat_adjusted.png,unknown,synthetic,unknown_090,hue_sat_adjusted
backend/app/modules/m2_classifier/training/data/unknown/unknown_090_scaled_up.png,unknown,synthetic,unknown_090,scaled_up
backend/app/modules/m2_classifier/training/data/unknown/unknown_090_scaled_down.png,unknown,synthetic,unknown_090,scaled_down
backend/app/modules/m2_classifier/training/data/unknown/unknown_091_base.png,unknown,synthetic,unknown_091,original
backend/app/modules/m2_classifier/training/data/unknown/unknown_091_blurred.png,unknown,synthetic,unknown_091,blurred
backend/app/modules/m2_classifier/training/data/unknown/unknown_091_contrast_adjusted.png,unknown,synthetic,unknown_091,contrast_adjusted
backend/app/modules/m2_classifier/training/data/unknown/unknown_091_hue_sat_adjusted.png,unknown,synthetic,unknown_091,hue_sat_adjusted
backend/app/modules/m2_classifier/training/data/unknown/unknown_091_scaled_up.png,unknown,synthetic,unknown_091,scaled_up
backend/app/modules/m2_classifier/training/data/unknown/unknown_091_scaled_down.png,unknown,synthetic,unknown_091,scaled_down
backend/app/modules/m2_classifier/training/data/unknown/unknown_092_base.png,unknown,synthetic,unknown_092,original
backend/app/modules/m2_classifier/training/data/unknown/unknown_092_blurred.png,unknown,synthetic,unknown_092,blurred
backend/app/modules/m2_classifier/training/data/unknown/unknown_092_contrast_adjusted.png,unknown,synthetic,unknown_092,contrast_adjusted
backend/app/modules/m2_classifier/training/data/unknown/unknown_092_hue_sat_adjusted.png,unknown,synthetic,unknown_092,hue_sat_adjusted
backend/app/modules/m2_classifier/training/data/unknown/unknown_092_scaled_up.png,unknown,synthetic,unknown_092,scaled_up
backend/app/modules/m2_classifier/training/data/unknown/unknown_092_scaled_down.png,unknown,synthetic,unknown_092,scaled_down
backend/app/modules/m2_classifier/training/data/unknown/unknown_093_base.png,unknown,synthetic,unknown_093,original
backend/app/modules/m2_classifier/training/data/unknown/unknown_093_blurred.png,unknown,synthetic,unknown_093,blurred
backend/app/modules/m2_classifier/training/data/unknown/unknown_093_contrast_adjusted.png,unknown,synthetic,unknown_093,contrast_adjusted
backend/app/modules/m2_classifier/training/data/unknown/unknown_093_hue_sat_adjusted.png,unknown,synthetic,unknown_093,hue_sat_adjusted
backend/app/modules/m2_classifier/training/data/unknown/unknown_093_scaled_up.png,unknown,synthetic,unknown_093,scaled_up
backend/app/modules/m2_classifier/training/data/unknown/unknown_093_scaled_down.png,unknown,synthetic,unknown_093,scaled_down
backend/app/modules/m2_classifier/training/data/unknown/unknown_094_base.png,unknown,synthetic,unknown_094,original
backend/app/modules/m2_classifier/training/data/unknown/unknown_094_blurred.png,unknown,synthetic,unknown_094,blurred
backend/app/modules/m2_classifier/training/data/unknown/unknown_094_contrast_adjusted.png,unknown,synthetic,unknown_094,contrast_adjusted
backend/app/modules/m2_classifier/training/data/unknown/unknown_094_hue_sat_adjusted.png,unknown,synthetic,unknown_094,hue_sat_adjusted
backend/app/modules/m2_classifier/training/data/unknown/unknown_094_scaled_up.png,unknown,synthetic,unknown_094,scaled_up
backend/app/modules/m2_classifier/training/data/unknown/unknown_094_scaled_down.png,unknown,synthetic,unknown_094,scaled_down
backend/app/modules/m2_classifier/training/data/unknown/unknown_095_base.png,unknown,synthetic,unknown_095,original
backend/app/modules/m2_classifier/training/data/unknown/unknown_095_blurred.png,unknown,synthetic,unknown_095,blurred
backend/app/modules/m2_classifier/training/data/unknown/unknown_095_contrast_adjusted.png,unknown,synthetic,unknown_095,contrast_adjusted
backend/app/modules/m2_classifier/training/data/unknown/unknown_095_hue_sat_adjusted.png,unknown,synthetic,unknown_095,hue_sat_adjusted
backend/app/modules/m2_classifier/training/data/unknown/unknown_095_scaled_up.png,unknown,synthetic,unknown_095,scaled_up
backend/app/modules/m2_classifier/training/data/unknown/unknown_095_scaled_down.png,unknown,synthetic,unknown_095,scaled_down
backend/app/modules/m2_classifier/training/data/unknown/unknown_096_base.png,unknown,synthetic,unknown_096,original
backend/app/modules/m2_classifier/training/data/unknown/unknown_096_blurred.png,unknown,synthetic,unknown_096,blurred
backend/app/modules/m2_classifier/training/data/unknown/unknown_096_contrast_adjusted.png,unknown,synthetic,unknown_096,contrast_adjusted
backend/app/modules/m2_classifier/training/data/unknown/unknown_096_hue_sat_adjusted.png,unknown,synthetic,unknown_096,hue_sat_adjusted
backend/app/modules/m2_classifier/training/data/unknown/unknown_096_scaled_up.png,unknown,synthetic,unknown_096,scaled_up
backend/app/modules/m2_classifier/training/data/unknown/unknown_096_scaled_down.png,unknown,synthetic,unknown_096,scaled_down
backend/app/modules/m2_classifier/training/data/unknown/unknown_097_base.png,unknown,synthetic,unknown_097,original
backend/app/modules/m2_classifier/training/data/unknown/unknown_097_blurred.png,unknown,synthetic,unknown_097,blurred
backend/app/modules/m2_classifier/training/data/unknown/unknown_097_contrast_adjusted.png,unknown,synthetic,unknown_097,contrast_adjusted
backend/app/modules/m2_classifier/training/data/unknown/unknown_097_hue_sat_adjusted.png,unknown,synthetic,unknown_097,hue_sat_adjusted
backend/app/modules/m2_classifier/training/data/unknown/unknown_097_scaled_up.png,unknown,synthetic,unknown_097,scaled_up
backend/app/modules/m2_classifier/training/data/unknown/unknown_097_scaled_down.png,unknown,synthetic,unknown_097,scaled_down
backend/app/modules/m2_classifier/training/data/unknown/unknown_098_base.png,unknown,synthetic,unknown_098,original
backend/app/modules/m2_classifier/training/data/unknown/unknown_098_blurred.png,unknown,synthetic,unknown_098,blurred
backend/app/modules/m2_classifier/training/data/unknown/unknown_098_contrast_adjusted.png,unknown,synthetic,unknown_098,contrast_adjusted
backend/app/modules/m2_classifier/training/data/unknown/unknown_098_hue_sat_adjusted.png,unknown,synthetic,unknown_098,hue_sat_adjusted
backend/app/modules/m2_classifier/training/data/unknown/unknown_098_scaled_up.png,unknown,synthetic,unknown_098,scaled_up
backend/app/modules/m2_classifier/training/data/unknown/unknown_098_scaled_down.png,unknown,synthetic,unknown_098,scaled_down
backend/app/modules/m2_classifier/training/data/unknown/unknown_099_base.png,unknown,synthetic,unknown_099,original
backend/app/modules/m2_classifier/training/data/unknown/unknown_099_blurred.png,unknown,synthetic,unknown_099,blurred
backend/app/modules/m2_classifier/training/data/unknown/unknown_099_contrast_adjusted.png,unknown,synthetic,unknown_099,contrast_adjusted
backend/app/modules/m2_classifier/training/data/unknown/unknown_099_hue_sat_adjusted.png,unknown,synthetic,unknown_099,hue_sat_adjusted
backend/app/modules/m2_classifier/training/data/unknown/unknown_099_scaled_up.png,unknown,synthetic,unknown_099,scaled_up
backend/app/modules/m2_classifier/training/data/unknown/unknown_099_scaled_down.png,unknown,synthetic,unknown_099,scaled_down
backend/app/modules/m2_classifier/training/data/unknown/unknown_100_base.png,unknown,synthetic,unknown_100,original
backend/app/modules/m2_classifier/training/data/unknown/unknown_100_blurred.png,unknown,synthetic,unknown_100,blurred
backend/app/modules/m2_classifier/training/data/unknown/unknown_100_contrast_adjusted.png,unknown,synthetic,unknown_100,contrast_adjusted
backend/app/modules/m2_classifier/training/data/unknown/unknown_100_hue_sat_adjusted.png,unknown,synthetic,unknown_100,hue_sat_adjusted
backend/app/modules/m2_classifier/training/data/unknown/unknown_100_scaled_up.png,unknown,synthetic,unknown_100,scaled_up
backend/app/modules/m2_classifier/training/data/unknown/unknown_100_scaled_down.png,unknown,synthetic,unknown_100,scaled_down
backend/app/modules/m2_classifier/training/data/unknown/unknown_101_base.png,unknown,synthetic,unknown_101,original
backend/app/modules/m2_classifier/training/data/unknown/unknown_101_blurred.png,unknown,synthetic,unknown_101,blurred
backend/app/modules/m2_classifier/training/data/unknown/unknown_101_contrast_adjusted.png,unknown,synthetic,unknown_101,contrast_adjusted
backend/app/modules/m2_classifier/training/data/unknown/unknown_101_hue_sat_adjusted.png,unknown,synthetic,unknown_101,hue_sat_adjusted
backend/app/modules/m2_classifier/training/data/unknown/unknown_101_scaled_up.png,unknown,synthetic,unknown_101,scaled_up
backend/app/modules/m2_classifier/training/data/unknown/unknown_101_scaled_down.png,unknown,synthetic,unknown_101,scaled_down
backend/app/modules/m2_classifier/training/data/unknown/unknown_102_base.png,unknown,synthetic,unknown_102,original
backend/app/modules/m2_classifier/training/data/unknown/unknown_102_blurred.png,unknown,synthetic,unknown_102,blurred
backend/app/modules/m2_classifier/training/data/unknown/unknown_102_contrast_adjusted.png,unknown,synthetic,unknown_102,contrast_adjusted
backend/app/modules/m2_classifier/training/data/unknown/unknown_102_hue_sat_adjusted.png,unknown,synthetic,unknown_102,hue_sat_adjusted
backend/app/modules/m2_classifier/training/data/unknown/unknown_102_scaled_up.png,unknown,synthetic,unknown_102,scaled_up
backend/app/modules/m2_classifier/training/data/unknown/unknown_102_scaled_down.png,unknown,synthetic,unknown_102,scaled_down
backend/app/modules/m2_classifier/training/data/unknown/unknown_103_base.png,unknown,synthetic,unknown_103,original
backend/app/modules/m2_classifier/training/data/unknown/unknown_103_blurred.png,unknown,synthetic,unknown_103,blurred
backend/app/modules/m2_classifier/training/data/unknown/unknown_103_contrast_adjusted.png,unknown,synthetic,unknown_103,contrast_adjusted
backend/app/modules/m2_classifier/training/data/unknown/unknown_103_hue_sat_adjusted.png,unknown,synthetic,unknown_103,hue_sat_adjusted
backend/app/modules/m2_classifier/training/data/unknown/unknown_103_scaled_up.png,unknown,synthetic,unknown_103,scaled_up
backend/app/modules/m2_classifier/training/data/unknown/unknown_103_scaled_down.png,unknown,synthetic,unknown_103,scaled_down
backend/app/modules/m2_classifier/training/data/unknown/unknown_104_base.png,unknown,synthetic,unknown_104,original
backend/app/modules/m2_classifier/training/data/unknown/unknown_104_blurred.png,unknown,synthetic,unknown_104,blurred
backend/app/modules/m2_classifier/training/data/unknown/unknown_104_contrast_adjusted.png,unknown,synthetic,unknown_104,contrast_adjusted
backend/app/modules/m2_classifier/training/data/unknown/unknown_104_hue_sat_adjusted.png,unknown,synthetic,unknown_104,hue_sat_adjusted
backend/app/modules/m2_classifier/training/data/unknown/unknown_104_scaled_up.png,unknown,synthetic,unknown_104,scaled_up
backend/app/modules/m2_classifier/training/data/unknown/unknown_104_scaled_down.png,unknown,synthetic,unknown_104,scaled_down
backend/app/modules/m2_classifier/training/data/unknown/unknown_105_base.png,unknown,synthetic,unknown_105,original
backend/app/modules/m2_classifier/training/data/unknown/unknown_105_blurred.png,unknown,synthetic,unknown_105,blurred
backend/app/modules/m2_classifier/training/data/unknown/unknown_105_contrast_adjusted.png,unknown,synthetic,unknown_105,contrast_adjusted
backend/app/modules/m2_classifier/training/data/unknown/unknown_105_hue_sat_adjusted.png,unknown,synthetic,unknown_105,hue_sat_adjusted
backend/app/modules/m2_classifier/training/data/unknown/unknown_105_scaled_up.png,unknown,synthetic,unknown_105,scaled_up
backend/app/modules/m2_classifier/training/data/unknown/unknown_105_scaled_down.png,unknown,synthetic,unknown_105,scaled_down
backend/app/modules/m2_classifier/training/data/unknown/unknown_106_base.png,unknown,synthetic,unknown_106,original
backend/app/modules/m2_classifier/training/data/unknown/unknown_106_blurred.png,unknown,synthetic,unknown_106,blurred
backend/app/modules/m2_classifier/training/data/unknown/unknown_106_contrast_adjusted.png,unknown,synthetic,unknown_106,contrast_adjusted
backend/app/modules/m2_classifier/training/data/unknown/unknown_106_hue_sat_adjusted.png,unknown,synthetic,unknown_106,hue_sat_adjusted
backend/app/modules/m2_classifier/training/data/unknown/unknown_106_scaled_up.png,unknown,synthetic,unknown_106,scaled_up
backend/app/modules/m2_classifier/training/data/unknown/unknown_106_scaled_down.png,unknown,synthetic,unknown_106,scaled_down
backend/app/modules/m2_classifier/training/data/unknown/unknown_107_base.png,unknown,synthetic,unknown_107,original
backend/app/modules/m2_classifier/training/data/unknown/unknown_107_blurred.png,unknown,synthetic,unknown_107,blurred
backend/app/modules/m2_classifier/training/data/unknown/unknown_107_contrast_adjusted.png,unknown,synthetic,unknown_107,contrast_adjusted
backend/app/modules/m2_classifier/training/data/unknown/unknown_107_hue_sat_adjusted.png,unknown,synthetic,unknown_107,hue_sat_adjusted
backend/app/modules/m2_classifier/training/data/unknown/unknown_107_scaled_up.png,unknown,synthetic,unknown_107,scaled_up
backend/app/modules/m2_classifier/training/data/unknown/unknown_107_scaled_down.png,unknown,synthetic,unknown_107,scaled_down
backend/app/modules/m2_classifier/training/data/unknown/unknown_108_base.png,unknown,synthetic,unknown_108,original
backend/app/modules/m2_classifier/training/data/unknown/unknown_108_blurred.png,unknown,synthetic,unknown_108,blurred
backend/app/modules/m2_classifier/training/data/unknown/unknown_108_contrast_adjusted.png,unknown,synthetic,unknown_108,contrast_adjusted
backend/app/modules/m2_classifier/training/data/unknown/unknown_108_hue_sat_adjusted.png,unknown,synthetic,unknown_108,hue_sat_adjusted
backend/app/modules/m2_classifier/training/data/unknown/unknown_108_scaled_up.png,unknown,synthetic,unknown_108,scaled_up
backend/app/modules/m2_classifier/training/data/unknown/unknown_108_scaled_down.png,unknown,synthetic,unknown_108,scaled_down
backend/app/modules/m2_classifier/training/data/unknown/unknown_109_base.png,unknown,synthetic,unknown_109,original
backend/app/modules/m2_classifier/training/data/unknown/unknown_109_blurred.png,unknown,synthetic,unknown_109,blurred
backend/app/modules/m2_classifier/training/data/unknown/unknown_109_contrast_adjusted.png,unknown,synthetic,unknown_109,contrast_adjusted
backend/app/modules/m2_classifier/training/data/unknown/unknown_109_hue_sat_adjusted.png,unknown,synthetic,unknown_109,hue_sat_adjusted
backend/app/modules/m2_classifier/training/data/unknown/unknown_109_scaled_up.png,unknown,synthetic,unknown_109,scaled_up
backend/app/modules/m2_classifier/training/data/unknown/unknown_109_scaled_down.png,unknown,synthetic,unknown_109,scaled_down
backend/app/modules/m2_classifier/training/data/unknown/unknown_110_base.png,unknown,synthetic,unknown_110,original
backend/app/modules/m2_classifier/training/data/unknown/unknown_110_blurred.png,unknown,synthetic,unknown_110,blurred
backend/app/modules/m2_classifier/training/data/unknown/unknown_110_contrast_adjusted.png,unknown,synthetic,unknown_110,contrast_adjusted
backend/app/modules/m2_classifier/training/data/unknown/unknown_110_hue_sat_adjusted.png,unknown,synthetic,unknown_110,hue_sat_adjusted
backend/app/modules/m2_classifier/training/data/unknown/unknown_110_scaled_up.png,unknown,synthetic,unknown_110,scaled_up
backend/app/modules/m2_classifier/training/data/unknown/unknown_110_scaled_down.png,unknown,synthetic,unknown_110,scaled_down
backend/app/modules/m2_classifier/training/data/unknown/unknown_111_base.png,unknown,synthetic,unknown_111,original
backend/app/modules/m2_classifier/training/data/unknown/unknown_111_blurred.png,unknown,synthetic,unknown_111,blurred
backend/app/modules/m2_classifier/training/data/unknown/unknown_111_contrast_adjusted.png,unknown,synthetic,unknown_111,contrast_adjusted
backend/app/modules/m2_classifier/training/data/unknown/unknown_111_hue_sat_adjusted.png,unknown,synthetic,unknown_111,hue_sat_adjusted
backend/app/modules/m2_classifier/training/data/unknown/unknown_111_scaled_up.png,unknown,synthetic,unknown_111,scaled_up
backend/app/modules/m2_classifier/training/data/unknown/unknown_111_scaled_down.png,unknown,synthetic,unknown_111,scaled_down
backend/app/modules/m2_classifier/training/data/unknown/unknown_112_base.png,unknown,synthetic,unknown_112,original
backend/app/modules/m2_classifier/training/data/unknown/unknown_112_blurred.png,unknown,synthetic,unknown_112,blurred
backend/app/modules/m2_classifier/training/data/unknown/unknown_112_contrast_adjusted.png,unknown,synthetic,unknown_112,contrast_adjusted
backend/app/modules/m2_classifier/training/data/unknown/unknown_112_hue_sat_adjusted.png,unknown,synthetic,unknown_112,hue_sat_adjusted
backend/app/modules/m2_classifier/training/data/unknown/unknown_112_scaled_up.png,unknown,synthetic,unknown_112,scaled_up
backend/app/modules/m2_classifier/training/data/unknown/unknown_112_scaled_down.png,unknown,synthetic,unknown_112,scaled_down
backend/app/modules/m2_classifier/training/data/unknown/unknown_113_base.png,unknown,synthetic,unknown_113,original
backend/app/modules/m2_classifier/training/data/unknown/unknown_113_blurred.png,unknown,synthetic,unknown_113,blurred
backend/app/modules/m2_classifier/training/data/unknown/unknown_113_contrast_adjusted.png,unknown,synthetic,unknown_113,contrast_adjusted
backend/app/modules/m2_classifier/training/data/unknown/unknown_113_hue_sat_adjusted.png,unknown,synthetic,unknown_113,hue_sat_adjusted
backend/app/modules/m2_classifier/training/data/unknown/unknown_113_scaled_up.png,unknown,synthetic,unknown_113,scaled_up
backend/app/modules/m2_classifier/training/data/unknown/unknown_113_scaled_down.png,unknown,synthetic,unknown_113,scaled_down
backend/app/modules/m2_classifier/training/data/unknown/unknown_114_base.png,unknown,synthetic,unknown_114,original
backend/app/modules/m2_classifier/training/data/unknown/unknown_114_blurred.png,unknown,synthetic,unknown_114,blurred
backend/app/modules/m2_classifier/training/data/unknown/unknown_114_contrast_adjusted.png,unknown,synthetic,unknown_114,contrast_adjusted
backend/app/modules/m2_classifier/training/data/unknown/unknown_114_hue_sat_adjusted.png,unknown,synthetic,unknown_114,hue_sat_adjusted
backend/app/modules/m2_classifier/training/data/unknown/unknown_114_scaled_up.png,unknown,synthetic,unknown_114,scaled_up
backend/app/modules/m2_classifier/training/data/unknown/unknown_114_scaled_down.png,unknown,synthetic,unknown_114,scaled_down
backend/app/modules/m2_classifier/training/data/unknown/unknown_115_base.png,unknown,synthetic,unknown_115,original
backend/app/modules/m2_classifier/training/data/unknown/unknown_115_blurred.png,unknown,synthetic,unknown_115,blurred
backend/app/modules/m2_classifier/training/data/unknown/unknown_115_contrast_adjusted.png,unknown,synthetic,unknown_115,contrast_adjusted
backend/app/modules/m2_classifier/training/data/unknown/unknown_115_hue_sat_adjusted.png,unknown,synthetic,unknown_115,hue_sat_adjusted
backend/app/modules/m2_classifier/training/data/unknown/unknown_115_scaled_up.png,unknown,synthetic,unknown_115,scaled_up
backend/app/modules/m2_classifier/training/data/unknown/unknown_115_scaled_down.png,unknown,synthetic,unknown_115,scaled_down
backend/app/modules/m2_classifier/training/data/unknown/unknown_116_base.png,unknown,synthetic,unknown_116,original
backend/app/modules/m2_classifier/training/data/unknown/unknown_116_blurred.png,unknown,synthetic,unknown_116,blurred
backend/app/modules/m2_classifier/training/data/unknown/unknown_116_contrast_adjusted.png,unknown,synthetic,unknown_116,contrast_adjusted
backend/app/modules/m2_classifier/training/data/unknown/unknown_116_hue_sat_adjusted.png,unknown,synthetic,unknown_116,hue_sat_adjusted
backend/app/modules/m2_classifier/training/data/unknown/unknown_116_scaled_up.png,unknown,synthetic,unknown_116,scaled_up
backend/app/modules/m2_classifier/training/data/unknown/unknown_116_scaled_down.png,unknown,synthetic,unknown_116,scaled_down
backend/app/modules/m2_classifier/training/data/unknown/unknown_117_base.png,unknown,synthetic,unknown_117,original
backend/app/modules/m2_classifier/training/data/unknown/unknown_117_blurred.png,unknown,synthetic,unknown_117,blurred
backend/app/modules/m2_classifier/training/data/unknown/unknown_117_contrast_adjusted.png,unknown,synthetic,unknown_117,contrast_adjusted
backend/app/modules/m2_classifier/training/data/unknown/unknown_117_hue_sat_adjusted.png,unknown,synthetic,unknown_117,hue_sat_adjusted
backend/app/modules/m2_classifier/training/data/unknown/unknown_117_scaled_up.png,unknown,synthetic,unknown_117,scaled_up
backend/app/modules/m2_classifier/training/data/unknown/unknown_117_scaled_down.png,unknown,synthetic,unknown_117,scaled_down
backend/app/modules/m2_classifier/training/data/unknown/unknown_118_base.png,unknown,synthetic,unknown_118,original
backend/app/modules/m2_classifier/training/data/unknown/unknown_118_blurred.png,unknown,synthetic,unknown_118,blurred
backend/app/modules/m2_classifier/training/data/unknown/unknown_118_contrast_adjusted.png,unknown,synthetic,unknown_118,contrast_adjusted
backend/app/modules/m2_classifier/training/data/unknown/unknown_118_hue_sat_adjusted.png,unknown,synthetic,unknown_118,hue_sat_adjusted
backend/app/modules/m2_classifier/training/data/unknown/unknown_118_scaled_up.png,unknown,synthetic,unknown_118,scaled_up
backend/app/modules/m2_classifier/training/data/unknown/unknown_118_scaled_down.png,unknown,synthetic,unknown_118,scaled_down
backend/app/modules/m2_classifier/training/data/unknown/unknown_119_base.png,unknown,synthetic,unknown_119,original
backend/app/modules/m2_classifier/training/data/unknown/unknown_119_blurred.png,unknown,synthetic,unknown_119,blurred
backend/app/modules/m2_classifier/training/data/unknown/unknown_119_contrast_adjusted.png,unknown,synthetic,unknown_119,contrast_adjusted
backend/app/modules/m2_classifier/training/data/unknown/unknown_119_hue_sat_adjusted.png,unknown,synthetic,unknown_119,hue_sat_adjusted
backend/app/modules/m2_classifier/training/data/unknown/unknown_119_scaled_up.png,unknown,synthetic,unknown_119,scaled_up
backend/app/modules/m2_classifier/training/data/unknown/unknown_119_scaled_down.png,unknown,synthetic,unknown_119,scaled_down
backend/app/modules/m2_classifier/training/data/unknown/unknown_120_base.png,unknown,synthetic,unknown_120,original
backend/app/modules/m2_classifier/training/data/unknown/unknown_120_blurred.png,unknown,synthetic,unknown_120,blurred
backend/app/modules/m2_classifier/training/data/unknown/unknown_120_contrast_adjusted.png,unknown,synthetic,unknown_120,contrast_adjusted
backend/app/modules/m2_classifier/training/data/unknown/unknown_120_hue_sat_adjusted.png,unknown,synthetic,unknown_120,hue_sat_adjusted
backend/app/modules/m2_classifier/training/data/unknown/unknown_120_scaled_up.png,unknown,synthetic,unknown_120,scaled_up
backend/app/modules/m2_classifier/training/data/unknown/unknown_120_scaled_down.png,unknown,synthetic,unknown_120,scaled_down
backend/app/modules/m2_classifier/training/data/unknown/unknown_121_base.png,unknown,synthetic,unknown_121,original
backend/app/modules/m2_classifier/training/data/unknown/unknown_121_blurred.png,unknown,synthetic,unknown_121,blurred
backend/app/modules/m2_classifier/training/data/unknown/unknown_121_contrast_adjusted.png,unknown,synthetic,unknown_121,contrast_adjusted
backend/app/modules/m2_classifier/training/data/unknown/unknown_121_hue_sat_adjusted.png,unknown,synthetic,unknown_121,hue_sat_adjusted
backend/app/modules/m2_classifier/training/data/unknown/unknown_121_scaled_up.png,unknown,synthetic,unknown_121,scaled_up
backend/app/modules/m2_classifier/training/data/unknown/unknown_121_scaled_down.png,unknown,synthetic,unknown_121,scaled_down
backend/app/modules/m2_classifier/training/data/unknown/unknown_122_base.png,unknown,synthetic,unknown_122,original
backend/app/modules/m2_classifier/training/data/unknown/unknown_122_blurred.png,unknown,synthetic,unknown_122,blurred
backend/app/modules/m2_classifier/training/data/unknown/unknown_122_contrast_adjusted.png,unknown,synthetic,unknown_122,contrast_adjusted
backend/app/modules/m2_classifier/training/data/unknown/unknown_122_hue_sat_adjusted.png,unknown,synthetic,unknown_122,hue_sat_adjusted
backend/app/modules/m2_classifier/training/data/unknown/unknown_122_scaled_up.png,unknown,synthetic,unknown_122,scaled_up
backend/app/modules/m2_classifier/training/data/unknown/unknown_122_scaled_down.png,unknown,synthetic,unknown_122,scaled_down
backend/app/modules/m2_classifier/training/data/unknown/unknown_123_base.png,unknown,synthetic,unknown_123,original
backend/app/modules/m2_classifier/training/data/unknown/unknown_123_blurred.png,unknown,synthetic,unknown_123,blurred
backend/app/modules/m2_classifier/training/data/unknown/unknown_123_contrast_adjusted.png,unknown,synthetic,unknown_123,contrast_adjusted
backend/app/modules/m2_classifier/training/data/unknown/unknown_123_hue_sat_adjusted.png,unknown,synthetic,unknown_123,hue_sat_adjusted
backend/app/modules/m2_classifier/training/data/unknown/unknown_123_scaled_up.png,unknown,synthetic,unknown_123,scaled_up
backend/app/modules/m2_classifier/training/data/unknown/unknown_123_scaled_down.png,unknown,synthetic,unknown_123,scaled_down
backend/app/modules/m2_classifier/training/data/unknown/unknown_124_base.png,unknown,synthetic,unknown_124,original
backend/app/modules/m2_classifier/training/data/unknown/unknown_124_blurred.png,unknown,synthetic,unknown_124,blurred
backend/app/modules/m2_classifier/training/data/unknown/unknown_124_contrast_adjusted.png,unknown,synthetic,unknown_124,contrast_adjusted
backend/app/modules/m2_classifier/training/data/unknown/unknown_124_hue_sat_adjusted.png,unknown,synthetic,unknown_124,hue_sat_adjusted
backend/app/modules/m2_classifier/training/data/unknown/unknown_124_scaled_up.png,unknown,synthetic,unknown_124,scaled_up
backend/app/modules/m2_classifier/training/data/unknown/unknown_124_scaled_down.png,unknown,synthetic,unknown_124,scaled_down
backend/app/modules/m2_classifier/training/data/unknown/unknown_125_base.png,unknown,synthetic,unknown_125,original
backend/app/modules/m2_classifier/training/data/unknown/unknown_125_blurred.png,unknown,synthetic,unknown_125,blurred
backend/app/modules/m2_classifier/training/data/unknown/unknown_125_contrast_adjusted.png,unknown,synthetic,unknown_125,contrast_adjusted
backend/app/modules/m2_classifier/training/data/unknown/unknown_125_hue_sat_adjusted.png,unknown,synthetic,unknown_125,hue_sat_adjusted
backend/app/modules/m2_classifier/training/data/unknown/unknown_125_scaled_up.png,unknown,synthetic,unknown_125,scaled_up
backend/app/modules/m2_classifier/training/data/unknown/unknown_125_scaled_down.png,unknown,synthetic,unknown_125,scaled_down
backend/app/modules/m2_classifier/training/data/unknown/unknown_126_base.png,unknown,synthetic,unknown_126,original
backend/app/modules/m2_classifier/training/data/unknown/unknown_126_blurred.png,unknown,synthetic,unknown_126,blurred
backend/app/modules/m2_classifier/training/data/unknown/unknown_126_contrast_adjusted.png,unknown,synthetic,unknown_126,contrast_adjusted
backend/app/modules/m2_classifier/training/data/unknown/unknown_126_hue_sat_adjusted.png,unknown,synthetic,unknown_126,hue_sat_adjusted
backend/app/modules/m2_classifier/training/data/unknown/unknown_126_scaled_up.png,unknown,synthetic,unknown_126,scaled_up
backend/app/modules/m2_classifier/training/data/unknown/unknown_126_scaled_down.png,unknown,synthetic,unknown_126,scaled_down
backend/app/modules/m2_classifier/training/data/unknown/unknown_127_base.png,unknown,synthetic,unknown_127,original
backend/app/modules/m2_classifier/training/data/unknown/unknown_127_blurred.png,unknown,synthetic,unknown_127,blurred
backend/app/modules/m2_classifier/training/data/unknown/unknown_127_contrast_adjusted.png,unknown,synthetic,unknown_127,contrast_adjusted
backend/app/modules/m2_classifier/training/data/unknown/unknown_127_hue_sat_adjusted.png,unknown,synthetic,unknown_127,hue_sat_adjusted
backend/app/modules/m2_classifier/training/data/unknown/unknown_127_scaled_up.png,unknown,synthetic,unknown_127,scaled_up
backend/app/modules/m2_classifier/training/data/unknown/unknown_127_scaled_down.png,unknown,synthetic,unknown_127,scaled_down
backend/app/modules/m2_classifier/training/data/unknown/unknown_128_base.png,unknown,synthetic,unknown_128,original
backend/app/modules/m2_classifier/training/data/unknown/unknown_128_blurred.png,unknown,synthetic,unknown_128,blurred
backend/app/modules/m2_classifier/training/data/unknown/unknown_128_contrast_adjusted.png,unknown,synthetic,unknown_128,contrast_adjusted
backend/app/modules/m2_classifier/training/data/unknown/unknown_128_hue_sat_adjusted.png,unknown,synthetic,unknown_128,hue_sat_adjusted
backend/app/modules/m2_classifier/training/data/unknown/unknown_128_scaled_up.png,unknown,synthetic,unknown_128,scaled_up
backend/app/modules/m2_classifier/training/data/unknown/unknown_128_scaled_down.png,unknown,synthetic,unknown_128,scaled_down
backend/app/modules/m2_classifier/training/data/unknown/unknown_129_base.png,unknown,synthetic,unknown_129,original
backend/app/modules/m2_classifier/training/data/unknown/unknown_129_blurred.png,unknown,synthetic,unknown_129,blurred
backend/app/modules/m2_classifier/training/data/unknown/unknown_129_contrast_adjusted.png,unknown,synthetic,unknown_129,contrast_adjusted
backend/app/modules/m2_classifier/training/data/unknown/unknown_129_hue_sat_adjusted.png,unknown,synthetic,unknown_129,hue_sat_adjusted
backend/app/modules/m2_classifier/training/data/unknown/unknown_129_scaled_up.png,unknown,synthetic,unknown_129,scaled_up
backend/app/modules/m2_classifier/training/data/unknown/unknown_129_scaled_down.png,unknown,synthetic,unknown_129,scaled_down
backend/app/modules/m2_classifier/training/data/unknown/unknown_130_base.png,unknown,synthetic,unknown_130,original
backend/app/modules/m2_classifier/training/data/unknown/unknown_130_blurred.png,unknown,synthetic,unknown_130,blurred
backend/app/modules/m2_classifier/training/data/unknown/unknown_130_contrast_adjusted.png,unknown,synthetic,unknown_130,contrast_adjusted
backend/app/modules/m2_classifier/training/data/unknown/unknown_130_hue_sat_adjusted.png,unknown,synthetic,unknown_130,hue_sat_adjusted
backend/app/modules/m2_classifier/training/data/unknown/unknown_130_scaled_up.png,unknown,synthetic,unknown_130,scaled_up
backend/app/modules/m2_classifier/training/data/unknown/unknown_130_scaled_down.png,unknown,synthetic,unknown_130,scaled_down
backend/app/modules/m2_classifier/training/data/unknown/unknown_131_base.png,unknown,synthetic,unknown_131,original
backend/app/modules/m2_classifier/training/data/unknown/unknown_131_blurred.png,unknown,synthetic,unknown_131,blurred
backend/app/modules/m2_classifier/training/data/unknown/unknown_131_contrast_adjusted.png,unknown,synthetic,unknown_131,contrast_adjusted
backend/app/modules/m2_classifier/training/data/unknown/unknown_131_hue_sat_adjusted.png,unknown,synthetic,unknown_131,hue_sat_adjusted
backend/app/modules/m2_classifier/training/data/unknown/unknown_131_scaled_up.png,unknown,synthetic,unknown_131,scaled_up
backend/app/modules/m2_classifier/training/data/unknown/unknown_131_scaled_down.png,unknown,synthetic,unknown_131,scaled_down
backend/app/modules/m2_classifier/training/data/unknown/unknown_132_base.png,unknown,synthetic,unknown_132,original
backend/app/modules/m2_classifier/training/data/unknown/unknown_132_blurred.png,unknown,synthetic,unknown_132,blurred
backend/app/modules/m2_classifier/training/data/unknown/unknown_132_contrast_adjusted.png,unknown,synthetic,unknown_132,contrast_adjusted
backend/app/modules/m2_classifier/training/data/unknown/unknown_132_hue_sat_adjusted.png,unknown,synthetic,unknown_132,hue_sat_adjusted
backend/app/modules/m2_classifier/training/data/unknown/unknown_132_scaled_up.png,unknown,synthetic,unknown_132,scaled_up
backend/app/modules/m2_classifier/training/data/unknown/unknown_132_scaled_down.png,unknown,synthetic,unknown_132,scaled_down
backend/app/modules/m2_classifier/training/data/unknown/unknown_133_base.png,unknown,synthetic,unknown_133,original
backend/app/modules/m2_classifier/training/data/unknown/unknown_133_blurred.png,unknown,synthetic,unknown_133,blurred
backend/app/modules/m2_classifier/training/data/unknown/unknown_133_contrast_adjusted.png,unknown,synthetic,unknown_133,contrast_adjusted
backend/app/modules/m2_classifier/training/data/unknown/unknown_133_hue_sat_adjusted.png,unknown,synthetic,unknown_133,hue_sat_adjusted
backend/app/modules/m2_classifier/training/data/unknown/unknown_133_scaled_up.png,unknown,synthetic,unknown_133,scaled_up
backend/app/modules/m2_classifier/training/data/unknown/unknown_133_scaled_down.png,unknown,synthetic,unknown_133,scaled_down
backend/app/modules/m2_classifier/training/data/unknown/unknown_134_base.png,unknown,synthetic,unknown_134,original
backend/app/modules/m2_classifier/training/data/unknown/unknown_134_blurred.png,unknown,synthetic,unknown_134,blurred
backend/app/modules/m2_classifier/training/data/unknown/unknown_134_contrast_adjusted.png,unknown,synthetic,unknown_134,contrast_adjusted
backend/app/modules/m2_classifier/training/data/unknown/unknown_134_hue_sat_adjusted.png,unknown,synthetic,unknown_134,hue_sat_adjusted
backend/app/modules/m2_classifier/training/data/unknown/unknown_134_scaled_up.png,unknown,synthetic,unknown_134,scaled_up
backend/app/modules/m2_classifier/training/data/unknown/unknown_134_scaled_down.png,unknown,synthetic,unknown_134,scaled_down
backend/app/modules/m2_classifier/training/data/unknown/unknown_135_base.png,unknown,synthetic,unknown_135,original
backend/app/modules/m2_classifier/training/data/unknown/unknown_135_blurred.png,unknown,synthetic,unknown_135,blurred
backend/app/modules/m2_classifier/training/data/unknown/unknown_135_contrast_adjusted.png,unknown,synthetic,unknown_135,contrast_adjusted
backend/app/modules/m2_classifier/training/data/unknown/unknown_135_hue_sat_adjusted.png,unknown,synthetic,unknown_135,hue_sat_adjusted
backend/app/modules/m2_classifier/training/data/unknown/unknown_135_scaled_up.png,unknown,synthetic,unknown_135,scaled_up
backend/app/modules/m2_classifier/training/data/unknown/unknown_135_scaled_down.png,unknown,synthetic,unknown_135,scaled_down
backend/app/modules/m2_classifier/training/data/unknown/unknown_136_base.png,unknown,synthetic,unknown_136,original
backend/app/modules/m2_classifier/training/data/unknown/unknown_136_blurred.png,unknown,synthetic,unknown_136,blurred
backend/app/modules/m2_classifier/training/data/unknown/unknown_136_contrast_adjusted.png,unknown,synthetic,unknown_136,contrast_adjusted
backend/app/modules/m2_classifier/training/data/unknown/unknown_136_hue_sat_adjusted.png,unknown,synthetic,unknown_136,hue_sat_adjusted
backend/app/modules/m2_classifier/training/data/unknown/unknown_136_scaled_up.png,unknown,synthetic,unknown_136,scaled_up
backend/app/modules/m2_classifier/training/data/unknown/unknown_136_scaled_down.png,unknown,synthetic,unknown_136,scaled_down
backend/app/modules/m2_classifier/training/data/unknown/unknown_137_base.png,unknown,synthetic,unknown_137,original
backend/app/modules/m2_classifier/training/data/unknown/unknown_137_blurred.png,unknown,synthetic,unknown_137,blurred
backend/app/modules/m2_classifier/training/data/unknown/unknown_137_contrast_adjusted.png,unknown,synthetic,unknown_137,contrast_adjusted
backend/app/modules/m2_classifier/training/data/unknown/unknown_137_hue_sat_adjusted.png,unknown,synthetic,unknown_137,hue_sat_adjusted
backend/app/modules/m2_classifier/training/data/unknown/unknown_137_scaled_up.png,unknown,synthetic,unknown_137,scaled_up
backend/app/modules/m2_classifier/training/data/unknown/unknown_137_scaled_down.png,unknown,synthetic,unknown_137,scaled_down
backend/app/modules/m2_classifier/training/data/unknown/unknown_138_base.png,unknown,synthetic,unknown_138,original
backend/app/modules/m2_classifier/training/data/unknown/unknown_138_blurred.png,unknown,synthetic,unknown_138,blurred
backend/app/modules/m2_classifier/training/data/unknown/unknown_138_contrast_adjusted.png,unknown,synthetic,unknown_138,contrast_adjusted
backend/app/modules/m2_classifier/training/data/unknown/unknown_138_hue_sat_adjusted.png,unknown,synthetic,unknown_138,hue_sat_adjusted
backend/app/modules/m2_classifier/training/data/unknown/unknown_138_scaled_up.png,unknown,synthetic,unknown_138,scaled_up
backend/app/modules/m2_classifier/training/data/unknown/unknown_138_scaled_down.png,unknown,synthetic,unknown_138,scaled_down
backend/app/modules/m2_classifier/training/data/unknown/unknown_139_base.png,unknown,synthetic,unknown_139,original
backend/app/modules/m2_classifier/training/data/unknown/unknown_139_blurred.png,unknown,synthetic,unknown_139,blurred
backend/app/modules/m2_classifier/training/data/unknown/unknown_139_contrast_adjusted.png,unknown,synthetic,unknown_139,contrast_adjusted
backend/app/modules/m2_classifier/training/data/unknown/unknown_139_hue_sat_adjusted.png,unknown,synthetic,unknown_139,hue_sat_adjusted
backend/app/modules/m2_classifier/training/data/unknown/unknown_139_scaled_up.png,unknown,synthetic,unknown_139,scaled_up
backend/app/modules/m2_classifier/training/data/unknown/unknown_139_scaled_down.png,unknown,synthetic,unknown_139,scaled_down
backend/app/modules/m2_classifier/training/data/unknown/unknown_140_base.png,unknown,synthetic,unknown_140,original
backend/app/modules/m2_classifier/training/data/unknown/unknown_140_blurred.png,unknown,synthetic,unknown_140,blurred
backend/app/modules/m2_classifier/training/data/unknown/unknown_140_contrast_adjusted.png,unknown,synthetic,unknown_140,contrast_adjusted
backend/app/modules/m2_classifier/training/data/unknown/unknown_140_hue_sat_adjusted.png,unknown,synthetic,unknown_140,hue_sat_adjusted
backend/app/modules/m2_classifier/training/data/unknown/unknown_140_scaled_up.png,unknown,synthetic,unknown_140,scaled_up
backend/app/modules/m2_classifier/training/data/unknown/unknown_140_scaled_down.png,unknown,synthetic,unknown_140,scaled_down
backend/app/modules/m2_classifier/training/data/unknown/unknown_141_base.png,unknown,synthetic,unknown_141,original
backend/app/modules/m2_classifier/training/data/unknown/unknown_141_blurred.png,unknown,synthetic,unknown_141,blurred
backend/app/modules/m2_classifier/training/data/unknown/unknown_141_contrast_adjusted.png,unknown,synthetic,unknown_141,contrast_adjusted
backend/app/modules/m2_classifier/training/data/unknown/unknown_141_hue_sat_adjusted.png,unknown,synthetic,unknown_141,hue_sat_adjusted
backend/app/modules/m2_classifier/training/data/unknown/unknown_141_scaled_up.png,unknown,synthetic,unknown_141,scaled_up
backend/app/modules/m2_classifier/training/data/unknown/unknown_141_scaled_down.png,unknown,synthetic,unknown_141,scaled_down
backend/app/modules/m2_classifier/training/data/unknown/unknown_142_base.png,unknown,synthetic,unknown_142,original
backend/app/modules/m2_classifier/training/data/unknown/unknown_142_blurred.png,unknown,synthetic,unknown_142,blurred
backend/app/modules/m2_classifier/training/data/unknown/unknown_142_contrast_adjusted.png,unknown,synthetic,unknown_142,contrast_adjusted
backend/app/modules/m2_classifier/training/data/unknown/unknown_142_hue_sat_adjusted.png,unknown,synthetic,unknown_142,hue_sat_adjusted
backend/app/modules/m2_classifier/training/data/unknown/unknown_142_scaled_up.png,unknown,synthetic,unknown_142,scaled_up
backend/app/modules/m2_classifier/training/data/unknown/unknown_142_scaled_down.png,unknown,synthetic,unknown_142,scaled_down
backend/app/modules/m2_classifier/training/data/unknown/unknown_143_base.png,unknown,synthetic,unknown_143,original
backend/app/modules/m2_classifier/training/data/unknown/unknown_143_blurred.png,unknown,synthetic,unknown_143,blurred
backend/app/modules/m2_classifier/training/data/unknown/unknown_143_contrast_adjusted.png,unknown,synthetic,unknown_143,contrast_adjusted
backend/app/modules/m2_classifier/training/data/unknown/unknown_143_hue_sat_adjusted.png,unknown,synthetic,unknown_143,hue_sat_adjusted
backend/app/modules/m2_classifier/training/data/unknown/unknown_143_scaled_up.png,unknown,synthetic,unknown_143,scaled_up
backend/app/modules/m2_classifier/training/data/unknown/unknown_143_scaled_down.png,unknown,synthetic,unknown_143,scaled_down
backend/app/modules/m2_classifier/training/data/unknown/unknown_144_base.png,unknown,synthetic,unknown_144,original
backend/app/modules/m2_classifier/training/data/unknown/unknown_144_blurred.png,unknown,synthetic,unknown_144,blurred
backend/app/modules/m2_classifier/training/data/unknown/unknown_144_contrast_adjusted.png,unknown,synthetic,unknown_144,contrast_adjusted
backend/app/modules/m2_classifier/training/data/unknown/unknown_144_hue_sat_adjusted.png,unknown,synthetic,unknown_144,hue_sat_adjusted
backend/app/modules/m2_classifier/training/data/unknown/unknown_144_scaled_up.png,unknown,synthetic,unknown_144,scaled_up
backend/app/modules/m2_classifier/training/data/unknown/unknown_144_scaled_down.png,unknown,synthetic,unknown_144,scaled_down
backend/app/modules/m2_classifier/training/data/unknown/unknown_145_base.png,unknown,synthetic,unknown_145,original
backend/app/modules/m2_classifier/training/data/unknown/unknown_145_blurred.png,unknown,synthetic,unknown_145,blurred
backend/app/modules/m2_classifier/training/data/unknown/unknown_145_contrast_adjusted.png,unknown,synthetic,unknown_145,contrast_adjusted
backend/app/modules/m2_classifier/training/data/unknown/unknown_145_hue_sat_adjusted.png,unknown,synthetic,unknown_145,hue_sat_adjusted
backend/app/modules/m2_classifier/training/data/unknown/unknown_145_scaled_up.png,unknown,synthetic,unknown_145,scaled_up
backend/app/modules/m2_classifier/training/data/unknown/unknown_145_scaled_down.png,unknown,synthetic,unknown_145,scaled_down
backend/app/modules/m2_classifier/training/data/unknown/unknown_146_base.png,unknown,synthetic,unknown_146,original
backend/app/modules/m2_classifier/training/data/unknown/unknown_146_blurred.png,unknown,synthetic,unknown_146,blurred
backend/app/modules/m2_classifier/training/data/unknown/unknown_146_contrast_adjusted.png,unknown,synthetic,unknown_146,contrast_adjusted
backend/app/modules/m2_classifier/training/data/unknown/unknown_146_hue_sat_adjusted.png,unknown,synthetic,unknown_146,hue_sat_adjusted
backend/app/modules/m2_classifier/training/data/unknown/unknown_146_scaled_up.png,unknown,synthetic,unknown_146,scaled_up
backend/app/modules/m2_classifier/training/data/unknown/unknown_146_scaled_down.png,unknown,synthetic,unknown_146,scaled_down
backend/app/modules/m2_classifier/training/data/unknown/unknown_147_base.png,unknown,synthetic,unknown_147,original
backend/app/modules/m2_classifier/training/data/unknown/unknown_147_blurred.png,unknown,synthetic,unknown_147,blurred
backend/app/modules/m2_classifier/training/data/unknown/unknown_147_contrast_adjusted.png,unknown,synthetic,unknown_147,contrast_adjusted
backend/app/modules/m2_classifier/training/data/unknown/unknown_147_hue_sat_adjusted.png,unknown,synthetic,unknown_147,hue_sat_adjusted
backend/app/modules/m2_classifier/training/data/unknown/unknown_147_scaled_up.png,unknown,synthetic,unknown_147,scaled_up
backend/app/modules/m2_classifier/training/data/unknown/unknown_147_scaled_down.png,unknown,synthetic,unknown_147,scaled_down
backend/app/modules/m2_classifier/training/data/unknown/unknown_148_base.png,unknown,synthetic,unknown_148,original
backend/app/modules/m2_classifier/training/data/unknown/unknown_148_blurred.png,unknown,synthetic,unknown_148,blurred
backend/app/modules/m2_classifier/training/data/unknown/unknown_148_contrast_adjusted.png,unknown,synthetic,unknown_148,contrast_adjusted
backend/app/modules/m2_classifier/training/data/unknown/unknown_148_hue_sat_adjusted.png,unknown,synthetic,unknown_148,hue_sat_adjusted
backend/app/modules/m2_classifier/training/data/unknown/unknown_148_scaled_up.png,unknown,synthetic,unknown_148,scaled_up
backend/app/modules/m2_classifier/training/data/unknown/unknown_148_scaled_down.png,unknown,synthetic,unknown_148,scaled_down
backend/app/modules/m2_classifier/training/data/unknown/unknown_149_base.png,unknown,synthetic,unknown_149,original
backend/app/modules/m2_classifier/training/data/unknown/unknown_149_blurred.png,unknown,synthetic,unknown_149,blurred
backend/app/modules/m2_classifier/training/data/unknown/unknown_149_contrast_adjusted.png,unknown,synthetic,unknown_149,contrast_adjusted
backend/app/modules/m2_classifier/training/data/unknown/unknown_149_hue_sat_adjusted.png,unknown,synthetic,unknown_149,hue_sat_adjusted
backend/app/modules/m2_classifier/training/data/unknown/unknown_149_scaled_up.png,unknown,synthetic,unknown_149,scaled_up
backend/app/modules/m2_classifier/training/data/unknown/unknown_149_scaled_down.png,unknown,synthetic,unknown_149,scaled_down
backend/app/modules/m2_classifier/training/data/unknown/unknown_150_base.png,unknown,synthetic,unknown_150,original
backend/app/modules/m2_classifier/training/data/unknown/unknown_150_blurred.png,unknown,synthetic,unknown_150,blurred
backend/app/modules/m2_classifier/training/data/unknown/unknown_150_contrast_adjusted.png,unknown,synthetic,unknown_150,contrast_adjusted
backend/app/modules/m2_classifier/training/data/unknown/unknown_150_hue_sat_adjusted.png,unknown,synthetic,unknown_150,hue_sat_adjusted
backend/app/modules/m2_classifier/training/data/unknown/unknown_150_scaled_up.png,unknown,synthetic,unknown_150,scaled_up
backend/app/modules/m2_classifier/training/data/unknown/unknown_150_scaled_down.png,unknown,synthetic,unknown_150,scaled_down
backend/app/modules/m2_classifier/training/data/unknown/unknown_151_base.png,unknown,synthetic,unknown_151,original
backend/app/modules/m2_classifier/training/data/unknown/unknown_151_blurred.png,unknown,synthetic,unknown_151,blurred
backend/app/modules/m2_classifier/training/data/unknown/unknown_151_contrast_adjusted.png,unknown,synthetic,unknown_151,contrast_adjusted
backend/app/modules/m2_classifier/training/data/unknown/unknown_151_hue_sat_adjusted.png,unknown,synthetic,unknown_151,hue_sat_adjusted
backend/app/modules/m2_classifier/training/data/unknown/unknown_151_scaled_up.png,unknown,synthetic,unknown_151,scaled_up
backend/app/modules/m2_classifier/training/data/unknown/unknown_151_scaled_down.png,unknown,synthetic,unknown_151,scaled_down
backend/app/modules/m2_classifier/training/data/unknown/unknown_152_base.png,unknown,synthetic,unknown_152,original
backend/app/modules/m2_classifier/training/data/unknown/unknown_152_blurred.png,unknown,synthetic,unknown_152,blurred
backend/app/modules/m2_classifier/training/data/unknown/unknown_152_contrast_adjusted.png,unknown,synthetic,unknown_152,contrast_adjusted
backend/app/modules/m2_classifier/training/data/unknown/unknown_152_hue_sat_adjusted.png,unknown,synthetic,unknown_152,hue_sat_adjusted
backend/app/modules/m2_classifier/training/data/unknown/unknown_152_scaled_up.png,unknown,synthetic,unknown_152,scaled_up
backend/app/modules/m2_classifier/training/data/unknown/unknown_152_scaled_down.png,unknown,synthetic,unknown_152,scaled_down
backend/app/modules/m2_classifier/training/data/unknown/unknown_153_base.png,unknown,synthetic,unknown_153,original
backend/app/modules/m2_classifier/training/data/unknown/unknown_153_blurred.png,unknown,synthetic,unknown_153,blurred
backend/app/modules/m2_classifier/training/data/unknown/unknown_153_contrast_adjusted.png,unknown,synthetic,unknown_153,contrast_adjusted
backend/app/modules/m2_classifier/training/data/unknown/unknown_153_hue_sat_adjusted.png,unknown,synthetic,unknown_153,hue_sat_adjusted
backend/app/modules/m2_classifier/training/data/unknown/unknown_153_scaled_up.png,unknown,synthetic,unknown_153,scaled_up
backend/app/modules/m2_classifier/training/data/unknown/unknown_153_scaled_down.png,unknown,synthetic,unknown_153,scaled_down
backend/app/modules/m2_classifier/training/data/unknown/unknown_154_base.png,unknown,synthetic,unknown_154,original
backend/app/modules/m2_classifier/training/data/unknown/unknown_154_blurred.png,unknown,synthetic,unknown_154,blurred
backend/app/modules/m2_classifier/training/data/unknown/unknown_154_contrast_adjusted.png,unknown,synthetic,unknown_154,contrast_adjusted
backend/app/modules/m2_classifier/training/data/unknown/unknown_154_hue_sat_adjusted.png,unknown,synthetic,unknown_154,hue_sat_adjusted
backend/app/modules/m2_classifier/training/data/unknown/unknown_154_scaled_up.png,unknown,synthetic,unknown_154,scaled_up
backend/app/modules/m2_classifier/training/data/unknown/unknown_154_scaled_down.png,unknown,synthetic,unknown_154,scaled_down
backend/app/modules/m2_classifier/training/data/unknown/unknown_155_base.png,unknown,synthetic,unknown_155,original
backend/app/modules/m2_classifier/training/data/unknown/unknown_155_blurred.png,unknown,synthetic,unknown_155,blurred
backend/app/modules/m2_classifier/training/data/unknown/unknown_155_contrast_adjusted.png,unknown,synthetic,unknown_155,contrast_adjusted
backend/app/modules/m2_classifier/training/data/unknown/unknown_155_hue_sat_adjusted.png,unknown,synthetic,unknown_155,hue_sat_adjusted
backend/app/modules/m2_classifier/training/data/unknown/unknown_155_scaled_up.png,unknown,synthetic,unknown_155,scaled_up
backend/app/modules/m2_classifier/training/data/unknown/unknown_155_scaled_down.png,unknown,synthetic,unknown_155,scaled_down
backend/app/modules/m2_classifier/training/data/unknown/unknown_156_base.png,unknown,synthetic,unknown_156,original
backend/app/modules/m2_classifier/training/data/unknown/unknown_156_blurred.png,unknown,synthetic,unknown_156,blurred
backend/app/modules/m2_classifier/training/data/unknown/unknown_156_contrast_adjusted.png,unknown,synthetic,unknown_156,contrast_adjusted
backend/app/modules/m2_classifier/training/data/unknown/unknown_156_hue_sat_adjusted.png,unknown,synthetic,unknown_156,hue_sat_adjusted
backend/app/modules/m2_classifier/training/data/unknown/unknown_156_scaled_up.png,unknown,synthetic,unknown_156,scaled_up
backend/app/modules/m2_classifier/training/data/unknown/unknown_156_scaled_down.png,unknown,synthetic,unknown_156,scaled_down
backend/app/modules/m2_classifier/training/data/unknown/unknown_157_base.png,unknown,synthetic,unknown_157,original
backend/app/modules/m2_classifier/training/data/unknown/unknown_157_blurred.png,unknown,synthetic,unknown_157,blurred
backend/app/modules/m2_classifier/training/data/unknown/unknown_157_contrast_adjusted.png,unknown,synthetic,unknown_157,contrast_adjusted
backend/app/modules/m2_classifier/training/data/unknown/unknown_157_hue_sat_adjusted.png,unknown,synthetic,unknown_157,hue_sat_adjusted
backend/app/modules/m2_classifier/training/data/unknown/unknown_157_scaled_up.png,unknown,synthetic,unknown_157,scaled_up
backend/app/modules/m2_classifier/training/data/unknown/unknown_157_scaled_down.png,unknown,synthetic,unknown_157,scaled_down
backend/app/modules/m2_classifier/training/data/unknown/unknown_158_base.png,unknown,synthetic,unknown_158,original
backend/app/modules/m2_classifier/training/data/unknown/unknown_158_blurred.png,unknown,synthetic,unknown_158,blurred
backend/app/modules/m2_classifier/training/data/unknown/unknown_158_contrast_adjusted.png,unknown,synthetic,unknown_158,contrast_adjusted
backend/app/modules/m2_classifier/training/data/unknown/unknown_158_hue_sat_adjusted.png,unknown,synthetic,unknown_158,hue_sat_adjusted
backend/app/modules/m2_classifier/training/data/unknown/unknown_158_scaled_up.png,unknown,synthetic,unknown_158,scaled_up
backend/app/modules/m2_classifier/training/data/unknown/unknown_158_scaled_down.png,unknown,synthetic,unknown_158,scaled_down
backend/app/modules/m2_classifier/training/data/unknown/unknown_159_base.png,unknown,synthetic,unknown_159,original
backend/app/modules/m2_classifier/training/data/unknown/unknown_159_blurred.png,unknown,synthetic,unknown_159,blurred
backend/app/modules/m2_classifier/training/data/unknown/unknown_159_contrast_adjusted.png,unknown,synthetic,unknown_159,contrast_adjusted
backend/app/modules/m2_classifier/training/data/unknown/unknown_159_hue_sat_adjusted.png,unknown,synthetic,unknown_159,hue_sat_adjusted
backend/app/modules/m2_classifier/training/data/unknown/unknown_159_scaled_up.png,unknown,synthetic,unknown_159,scaled_up
backend/app/modules/m2_classifier/training/data/unknown/unknown_159_scaled_down.png,unknown,synthetic,unknown_159,scaled_down
backend/app/modules/m2_classifier/training/data/unknown/unknown_160_base.png,unknown,synthetic,unknown_160,original
backend/app/modules/m2_classifier/training/data/unknown/unknown_160_blurred.png,unknown,synthetic,unknown_160,blurred
backend/app/modules/m2_classifier/training/data/unknown/unknown_160_contrast_adjusted.png,unknown,synthetic,unknown_160,contrast_adjusted
backend/app/modules/m2_classifier/training/data/unknown/unknown_160_hue_sat_adjusted.png,unknown,synthetic,unknown_160,hue_sat_adjusted
backend/app/modules/m2_classifier/training/data/unknown/unknown_160_scaled_up.png,unknown,synthetic,unknown_160,scaled_up
backend/app/modules/m2_classifier/training/data/unknown/unknown_160_scaled_down.png,unknown,synthetic,unknown_160,scaled_down
backend/app/modules/m2_classifier/training/data/unknown/unknown_161_base.png,unknown,synthetic,unknown_161,original
backend/app/modules/m2_classifier/training/data/unknown/unknown_161_blurred.png,unknown,synthetic,unknown_161,blurred
backend/app/modules/m2_classifier/training/data/unknown/unknown_161_contrast_adjusted.png,unknown,synthetic,unknown_161,contrast_adjusted
backend/app/modules/m2_classifier/training/data/unknown/unknown_161_hue_sat_adjusted.png,unknown,synthetic,unknown_161,hue_sat_adjusted
backend/app/modules/m2_classifier/training/data/unknown/unknown_161_scaled_up.png,unknown,synthetic,unknown_161,scaled_up
backend/app/modules/m2_classifier/training/data/unknown/unknown_161_scaled_down.png,unknown,synthetic,unknown_161,scaled_down
backend/app/modules/m2_classifier/training/data/unknown/unknown_162_base.png,unknown,synthetic,unknown_162,original
backend/app/modules/m2_classifier/training/data/unknown/unknown_162_blurred.png,unknown,synthetic,unknown_162,blurred
backend/app/modules/m2_classifier/training/data/unknown/unknown_162_contrast_adjusted.png,unknown,synthetic,unknown_162,contrast_adjusted
backend/app/modules/m2_classifier/training/data/unknown/unknown_162_hue_sat_adjusted.png,unknown,synthetic,unknown_162,hue_sat_adjusted
backend/app/modules/m2_classifier/training/data/unknown/unknown_162_scaled_up.png,unknown,synthetic,unknown_162,scaled_up
backend/app/modules/m2_classifier/training/data/unknown/unknown_162_scaled_down.png,unknown,synthetic,unknown_162,scaled_down
backend/app/modules/m2_classifier/training/data/unknown/unknown_163_base.png,unknown,synthetic,unknown_163,original
backend/app/modules/m2_classifier/training/data/unknown/unknown_163_blurred.png,unknown,synthetic,unknown_163,blurred
backend/app/modules/m2_classifier/training/data/unknown/unknown_163_contrast_adjusted.png,unknown,synthetic,unknown_163,contrast_adjusted
backend/app/modules/m2_classifier/training/data/unknown/unknown_163_hue_sat_adjusted.png,unknown,synthetic,unknown_163,hue_sat_adjusted
backend/app/modules/m2_classifier/training/data/unknown/unknown_163_scaled_up.png,unknown,synthetic,unknown_163,scaled_up
backend/app/modules/m2_classifier/training/data/unknown/unknown_163_scaled_down.png,unknown,synthetic,unknown_163,scaled_down
backend/app/modules/m2_classifier/training/data/unknown/unknown_164_base.png,unknown,synthetic,unknown_164,original
backend/app/modules/m2_classifier/training/data/unknown/unknown_164_blurred.png,unknown,synthetic,unknown_164,blurred
backend/app/modules/m2_classifier/training/data/unknown/unknown_164_contrast_adjusted.png,unknown,synthetic,unknown_164,contrast_adjusted
backend/app/modules/m2_classifier/training/data/unknown/unknown_164_hue_sat_adjusted.png,unknown,synthetic,unknown_164,hue_sat_adjusted
backend/app/modules/m2_classifier/training/data/unknown/unknown_164_scaled_up.png,unknown,synthetic,unknown_164,scaled_up
backend/app/modules/m2_classifier/training/data/unknown/unknown_164_scaled_down.png,unknown,synthetic,unknown_164,scaled_down
backend/app/modules/m2_classifier/training/data/unknown/unknown_165_base.png,unknown,synthetic,unknown_165,original
backend/app/modules/m2_classifier/training/data/unknown/unknown_165_blurred.png,unknown,synthetic,unknown_165,blurred
backend/app/modules/m2_classifier/training/data/unknown/unknown_165_contrast_adjusted.png,unknown,synthetic,unknown_165,contrast_adjusted
backend/app/modules/m2_classifier/training/data/unknown/unknown_165_hue_sat_adjusted.png,unknown,synthetic,unknown_165,hue_sat_adjusted
backend/app/modules/m2_classifier/training/data/unknown/unknown_165_scaled_up.png,unknown,synthetic,unknown_165,scaled_up
backend/app/modules/m2_classifier/training/data/unknown/unknown_165_scaled_down.png,unknown,synthetic,unknown_165,scaled_down
backend/app/modules/m2_classifier/training/data/unknown/unknown_166_base.png,unknown,synthetic,unknown_166,original
backend/app/modules/m2_classifier/training/data/unknown/unknown_166_blurred.png,unknown,synthetic,unknown_166,blurred
backend/app/modules/m2_classifier/training/data/unknown/unknown_166_contrast_adjusted.png,unknown,synthetic,unknown_166,contrast_adjusted
backend/app/modules/m2_classifier/training/data/unknown/unknown_166_hue_sat_adjusted.png,unknown,synthetic,unknown_166,hue_sat_adjusted
backend/app/modules/m2_classifier/training/data/unknown/unknown_166_scaled_up.png,unknown,synthetic,unknown_166,scaled_up
backend/app/modules/m2_classifier/training/data/unknown/unknown_166_scaled_down.png,unknown,synthetic,unknown_166,scaled_down
backend/app/modules/m2_classifier/training/data/unknown/unknown_167_base.png,unknown,synthetic,unknown_167,original
backend/app/modules/m2_classifier/training/data/unknown/unknown_167_blurred.png,unknown,synthetic,unknown_167,blurred
backend/app/modules/m2_classifier/training/data/unknown/unknown_167_contrast_adjusted.png,unknown,synthetic,unknown_167,contrast_adjusted
backend/app/modules/m2_classifier/training/data/unknown/unknown_167_hue_sat_adjusted.png,unknown,synthetic,unknown_167,hue_sat_adjusted
backend/app/modules/m2_classifier/training/data/unknown/unknown_167_scaled_up.png,unknown,synthetic,unknown_167,scaled_up
backend/app/modules/m2_classifier/training/data/unknown/unknown_167_scaled_down.png,unknown,synthetic,unknown_167,scaled_down
backend/app/modules/m2_classifier/training/data/unknown/unknown_168_base.png,unknown,synthetic,unknown_168,original
backend/app/modules/m2_classifier/training/data/unknown/unknown_168_blurred.png,unknown,synthetic,unknown_168,blurred
backend/app/modules/m2_classifier/training/data/unknown/unknown_168_contrast_adjusted.png,unknown,synthetic,unknown_168,contrast_adjusted
backend/app/modules/m2_classifier/training/data/unknown/unknown_168_hue_sat_adjusted.png,unknown,synthetic,unknown_168,hue_sat_adjusted
backend/app/modules/m2_classifier/training/data/unknown/unknown_168_scaled_up.png,unknown,synthetic,unknown_168,scaled_up
backend/app/modules/m2_classifier/training/data/unknown/unknown_168_scaled_down.png,unknown,synthetic,unknown_168,scaled_down
backend/app/modules/m2_classifier/training/data/unknown/unknown_169_base.png,unknown,synthetic,unknown_169,original
backend/app/modules/m2_classifier/training/data/unknown/unknown_169_blurred.png,unknown,synthetic,unknown_169,blurred
backend/app/modules/m2_classifier/training/data/unknown/unknown_169_contrast_adjusted.png,unknown,synthetic,unknown_169,contrast_adjusted
backend/app/modules/m2_classifier/training/data/unknown/unknown_169_hue_sat_adjusted.png,unknown,synthetic,unknown_169,hue_sat_adjusted
backend/app/modules/m2_classifier/training/data/unknown/unknown_169_scaled_up.png,unknown,synthetic,unknown_169,scaled_up
backend/app/modules/m2_classifier/training/data/unknown/unknown_169_scaled_down.png,unknown,synthetic,unknown_169,scaled_down
backend/app/modules/m2_classifier/training/data/unknown/unknown_170_base.png,unknown,synthetic,unknown_170,original
backend/app/modules/m2_classifier/training/data/unknown/unknown_170_blurred.png,unknown,synthetic,unknown_170,blurred
backend/app/modules/m2_classifier/training/data/unknown/unknown_170_contrast_adjusted.png,unknown,synthetic,unknown_170,contrast_adjusted
backend/app/modules/m2_classifier/training/data/unknown/unknown_170_hue_sat_adjusted.png,unknown,synthetic,unknown_170,hue_sat_adjusted
backend/app/modules/m2_classifier/training/data/unknown/unknown_170_scaled_up.png,unknown,synthetic,unknown_170,scaled_up
backend/app/modules/m2_classifier/training/data/unknown/unknown_170_scaled_down.png,unknown,synthetic,unknown_170,scaled_down
backend/app/modules/m2_classifier/training/data/unknown/unknown_171_base.png,unknown,synthetic,unknown_171,original
backend/app/modules/m2_classifier/training/data/unknown/unknown_171_blurred.png,unknown,synthetic,unknown_171,blurred
backend/app/modules/m2_classifier/training/data/unknown/unknown_171_contrast_adjusted.png,unknown,synthetic,unknown_171,contrast_adjusted
backend/app/modules/m2_classifier/training/data/unknown/unknown_171_hue_sat_adjusted.png,unknown,synthetic,unknown_171,hue_sat_adjusted
backend/app/modules/m2_classifier/training/data/unknown/unknown_171_scaled_up.png,unknown,synthetic,unknown_171,scaled_up
backend/app/modules/m2_classifier/training/data/unknown/unknown_171_scaled_down.png,unknown,synthetic,unknown_171,scaled_down
backend/app/modules/m2_classifier/training/data/unknown/unknown_172_base.png,unknown,synthetic,unknown_172,original
backend/app/modules/m2_classifier/training/data/unknown/unknown_172_blurred.png,unknown,synthetic,unknown_172,blurred
backend/app/modules/m2_classifier/training/data/unknown/unknown_172_contrast_adjusted.png,unknown,synthetic,unknown_172,contrast_adjusted
backend/app/modules/m2_classifier/training/data/unknown/unknown_172_hue_sat_adjusted.png,unknown,synthetic,unknown_172,hue_sat_adjusted
backend/app/modules/m2_classifier/training/data/unknown/unknown_172_scaled_up.png,unknown,synthetic,unknown_172,scaled_up
backend/app/modules/m2_classifier/training/data/unknown/unknown_172_scaled_down.png,unknown,synthetic,unknown_172,scaled_down
backend/app/modules/m2_classifier/training/data/unknown/unknown_173_base.png,unknown,synthetic,unknown_173,original
backend/app/modules/m2_classifier/training/data/unknown/unknown_173_blurred.png,unknown,synthetic,unknown_173,blurred
backend/app/modules/m2_classifier/training/data/unknown/unknown_173_contrast_adjusted.png,unknown,synthetic,unknown_173,contrast_adjusted
backend/app/modules/m2_classifier/training/data/unknown/unknown_173_hue_sat_adjusted.png,unknown,synthetic,unknown_173,hue_sat_adjusted
backend/app/modules/m2_classifier/training/data/unknown/unknown_173_scaled_up.png,unknown,synthetic,unknown_173,scaled_up
backend/app/modules/m2_classifier/training/data/unknown/unknown_173_scaled_down.png,unknown,synthetic,unknown_173,scaled_down
backend/app/modules/m2_classifier/training/data/unknown/unknown_174_base.png,unknown,synthetic,unknown_174,original
backend/app/modules/m2_classifier/training/data/unknown/unknown_174_blurred.png,unknown,synthetic,unknown_174,blurred
backend/app/modules/m2_classifier/training/data/unknown/unknown_174_contrast_adjusted.png,unknown,synthetic,unknown_174,contrast_adjusted
backend/app/modules/m2_classifier/training/data/unknown/unknown_174_hue_sat_adjusted.png,unknown,synthetic,unknown_174,hue_sat_adjusted
backend/app/modules/m2_classifier/training/data/unknown/unknown_174_scaled_up.png,unknown,synthetic,unknown_174,scaled_up
backend/app/modules/m2_classifier/training/data/unknown/unknown_174_scaled_down.png,unknown,synthetic,unknown_174,scaled_down
backend/app/modules/m2_classifier/training/data/unknown/unknown_175_base.png,unknown,synthetic,unknown_175,original
backend/app/modules/m2_classifier/training/data/unknown/unknown_175_blurred.png,unknown,synthetic,unknown_175,blurred
backend/app/modules/m2_classifier/training/data/unknown/unknown_175_contrast_adjusted.png,unknown,synthetic,unknown_175,contrast_adjusted
backend/app/modules/m2_classifier/training/data/unknown/unknown_175_hue_sat_adjusted.png,unknown,synthetic,unknown_175,hue_sat_adjusted
backend/app/modules/m2_classifier/training/data/unknown/unknown_175_scaled_up.png,unknown,synthetic,unknown_175,scaled_up
backend/app/modules/m2_classifier/training/data/unknown/unknown_175_scaled_down.png,unknown,synthetic,unknown_175,scaled_down
backend/app/modules/m2_classifier/training/data/unknown/unknown_176_base.png,unknown,synthetic,unknown_176,original
backend/app/modules/m2_classifier/training/data/unknown/unknown_176_blurred.png,unknown,synthetic,unknown_176,blurred
backend/app/modules/m2_classifier/training/data/unknown/unknown_176_contrast_adjusted.png,unknown,synthetic,unknown_176,contrast_adjusted
backend/app/modules/m2_classifier/training/data/unknown/unknown_176_hue_sat_adjusted.png,unknown,synthetic,unknown_176,hue_sat_adjusted
backend/app/modules/m2_classifier/training/data/unknown/unknown_176_scaled_up.png,unknown,synthetic,unknown_176,scaled_up
backend/app/modules/m2_classifier/training/data/unknown/unknown_176_scaled_down.png,unknown,synthetic,unknown_176,scaled_down
backend/app/modules/m2_classifier/training/data/unknown/unknown_177_base.png,unknown,synthetic,unknown_177,original
backend/app/modules/m2_classifier/training/data/unknown/unknown_177_blurred.png,unknown,synthetic,unknown_177,blurred
backend/app/modules/m2_classifier/training/data/unknown/unknown_177_contrast_adjusted.png,unknown,synthetic,unknown_177,contrast_adjusted
backend/app/modules/m2_classifier/training/data/unknown/unknown_177_hue_sat_adjusted.png,unknown,synthetic,unknown_177,hue_sat_adjusted
backend/app/modules/m2_classifier/training/data/unknown/unknown_177_scaled_up.png,unknown,synthetic,unknown_177,scaled_up
backend/app/modules/m2_classifier/training/data/unknown/unknown_177_scaled_down.png,unknown,synthetic,unknown_177,scaled_down
backend/app/modules/m2_classifier/training/data/unknown/unknown_178_base.png,unknown,synthetic,unknown_178,original
backend/app/modules/m2_classifier/training/data/unknown/unknown_178_blurred.png,unknown,synthetic,unknown_178,blurred
backend/app/modules/m2_classifier/training/data/unknown/unknown_178_contrast_adjusted.png,unknown,synthetic,unknown_178,contrast_adjusted
backend/app/modules/m2_classifier/training/data/unknown/unknown_178_hue_sat_adjusted.png,unknown,synthetic,unknown_178,hue_sat_adjusted
backend/app/modules/m2_classifier/training/data/unknown/unknown_178_scaled_up.png,unknown,synthetic,unknown_178,scaled_up
backend/app/modules/m2_classifier/training/data/unknown/unknown_178_scaled_down.png,unknown,synthetic,unknown_178,scaled_down
backend/app/modules/m2_classifier/training/data/unknown/unknown_179_base.png,unknown,synthetic,unknown_179,original
backend/app/modules/m2_classifier/training/data/unknown/unknown_179_blurred.png,unknown,synthetic,unknown_179,blurred
backend/app/modules/m2_classifier/training/data/unknown/unknown_179_contrast_adjusted.png,unknown,synthetic,unknown_179,contrast_adjusted
backend/app/modules/m2_classifier/training/data/unknown/unknown_179_hue_sat_adjusted.png,unknown,synthetic,unknown_179,hue_sat_adjusted
backend/app/modules/m2_classifier/training/data/unknown/unknown_179_scaled_up.png,unknown,synthetic,unknown_179,scaled_up
backend/app/modules/m2_classifier/training/data/unknown/unknown_179_scaled_down.png,unknown,synthetic,unknown_179,scaled_down
backend/app/modules/m2_classifier/training/data/unknown/unknown_180_base.png,unknown,synthetic,unknown_180,original
backend/app/modules/m2_classifier/training/data/unknown/unknown_180_blurred.png,unknown,synthetic,unknown_180,blurred
backend/app/modules/m2_classifier/training/data/unknown/unknown_180_contrast_adjusted.png,unknown,synthetic,unknown_180,contrast_adjusted
backend/app/modules/m2_classifier/training/data/unknown/unknown_180_hue_sat_adjusted.png,unknown,synthetic,unknown_180,hue_sat_adjusted
backend/app/modules/m2_classifier/training/data/unknown/unknown_180_scaled_up.png,unknown,synthetic,unknown_180,scaled_up
backend/app/modules/m2_classifier/training/data/unknown/unknown_180_scaled_down.png,unknown,synthetic,unknown_180,scaled_down
backend/app/modules/m2_classifier/training/data/unknown/unknown_181_base.png,unknown,synthetic,unknown_181,original
backend/app/modules/m2_classifier/training/data/unknown/unknown_181_blurred.png,unknown,synthetic,unknown_181,blurred
backend/app/modules/m2_classifier/training/data/unknown/unknown_181_contrast_adjusted.png,unknown,synthetic,unknown_181,contrast_adjusted
backend/app/modules/m2_classifier/training/data/unknown/unknown_181_hue_sat_adjusted.png,unknown,synthetic,unknown_181,hue_sat_adjusted
backend/app/modules/m2_classifier/training/data/unknown/unknown_181_scaled_up.png,unknown,synthetic,unknown_181,scaled_up
backend/app/modules/m2_classifier/training/data/unknown/unknown_181_scaled_down.png,unknown,synthetic,unknown_181,scaled_down
backend/app/modules/m2_classifier/training/data/unknown/unknown_182_base.png,unknown,synthetic,unknown_182,original
backend/app/modules/m2_classifier/training/data/unknown/unknown_182_blurred.png,unknown,synthetic,unknown_182,blurred
backend/app/modules/m2_classifier/training/data/unknown/unknown_182_contrast_adjusted.png,unknown,synthetic,unknown_182,contrast_adjusted
backend/app/modules/m2_classifier/training/data/unknown/unknown_182_hue_sat_adjusted.png,unknown,synthetic,unknown_182,hue_sat_adjusted
backend/app/modules/m2_classifier/training/data/unknown/unknown_182_scaled_up.png,unknown,synthetic,unknown_182,scaled_up
backend/app/modules/m2_classifier/training/data/unknown/unknown_182_scaled_down.png,unknown,synthetic,unknown_182,scaled_down
backend/app/modules/m2_classifier/training/data/unknown/unknown_183_base.png,unknown,synthetic,unknown_183,original
backend/app/modules/m2_classifier/training/data/unknown/unknown_183_blurred.png,unknown,synthetic,unknown_183,blurred
backend/app/modules/m2_classifier/training/data/unknown/unknown_183_contrast_adjusted.png,unknown,synthetic,unknown_183,contrast_adjusted
backend/app/modules/m2_classifier/training/data/unknown/unknown_183_hue_sat_adjusted.png,unknown,synthetic,unknown_183,hue_sat_adjusted
backend/app/modules/m2_classifier/training/data/unknown/unknown_183_scaled_up.png,unknown,synthetic,unknown_183,scaled_up
backend/app/modules/m2_classifier/training/data/unknown/unknown_183_scaled_down.png,unknown,synthetic,unknown_183,scaled_down
backend/app/modules/m2_classifier/training/data/unknown/unknown_184_base.png,unknown,synthetic,unknown_184,original
backend/app/modules/m2_classifier/training/data/unknown/unknown_184_blurred.png,unknown,synthetic,unknown_184,blurred
backend/app/modules/m2_classifier/training/data/unknown/unknown_184_contrast_adjusted.png,unknown,synthetic,unknown_184,contrast_adjusted
backend/app/modules/m2_classifier/training/data/unknown/unknown_184_hue_sat_adjusted.png,unknown,synthetic,unknown_184,hue_sat_adjusted
backend/app/modules/m2_classifier/training/data/unknown/unknown_184_scaled_up.png,unknown,synthetic,unknown_184,scaled_up
backend/app/modules/m2_classifier/training/data/unknown/unknown_184_scaled_down.png,unknown,synthetic,unknown_184,scaled_down
backend/app/modules/m2_classifier/training/data/unknown/unknown_185_base.png,unknown,synthetic,unknown_185,original
backend/app/modules/m2_classifier/training/data/unknown/unknown_185_blurred.png,unknown,synthetic,unknown_185,blurred
backend/app/modules/m2_classifier/training/data/unknown/unknown_185_contrast_adjusted.png,unknown,synthetic,unknown_185,contrast_adjusted
backend/app/modules/m2_classifier/training/data/unknown/unknown_185_hue_sat_adjusted.png,unknown,synthetic,unknown_185,hue_sat_adjusted
backend/app/modules/m2_classifier/training/data/unknown/unknown_185_scaled_up.png,unknown,synthetic,unknown_185,scaled_up
backend/app/modules/m2_classifier/training/data/unknown/unknown_185_scaled_down.png,unknown,synthetic,unknown_185,scaled_down
backend/app/modules/m2_classifier/training/data/unknown/unknown_186_base.png,unknown,synthetic,unknown_186,original
backend/app/modules/m2_classifier/training/data/unknown/unknown_186_blurred.png,unknown,synthetic,unknown_186,blurred
backend/app/modules/m2_classifier/training/data/unknown/unknown_186_contrast_adjusted.png,unknown,synthetic,unknown_186,contrast_adjusted
backend/app/modules/m2_classifier/training/data/unknown/unknown_186_hue_sat_adjusted.png,unknown,synthetic,unknown_186,hue_sat_adjusted
backend/app/modules/m2_classifier/training/data/unknown/unknown_186_scaled_up.png,unknown,synthetic,unknown_186,scaled_up
backend/app/modules/m2_classifier/training/data/unknown/unknown_186_scaled_down.png,unknown,synthetic,unknown_186,scaled_down
backend/app/modules/m2_classifier/training/data/unknown/unknown_187_base.png,unknown,synthetic,unknown_187,original
backend/app/modules/m2_classifier/training/data/unknown/unknown_187_blurred.png,unknown,synthetic,unknown_187,blurred
backend/app/modules/m2_classifier/training/data/unknown/unknown_187_contrast_adjusted.png,unknown,synthetic,unknown_187,contrast_adjusted
backend/app/modules/m2_classifier/training/data/unknown/unknown_187_hue_sat_adjusted.png,unknown,synthetic,unknown_187,hue_sat_adjusted
backend/app/modules/m2_classifier/training/data/unknown/unknown_187_scaled_up.png,unknown,synthetic,unknown_187,scaled_up
backend/app/modules/m2_classifier/training/data/unknown/unknown_187_scaled_down.png,unknown,synthetic,unknown_187,scaled_down
backend/app/modules/m2_classifier/training/data/unknown/unknown_188_base.png,unknown,synthetic,unknown_188,original
backend/app/modules/m2_classifier/training/data/unknown/unknown_188_blurred.png,unknown,synthetic,unknown_188,blurred
backend/app/modules/m2_classifier/training/data/unknown/unknown_188_contrast_adjusted.png,unknown,synthetic,unknown_188,contrast_adjusted
backend/app/modules/m2_classifier/training/data/unknown/unknown_188_hue_sat_adjusted.png,unknown,synthetic,unknown_188,hue_sat_adjusted
backend/app/modules/m2_classifier/training/data/unknown/unknown_188_scaled_up.png,unknown,synthetic,unknown_188,scaled_up
backend/app/modules/m2_classifier/training/data/unknown/unknown_188_scaled_down.png,unknown,synthetic,unknown_188,scaled_down
backend/app/modules/m2_classifier/training/data/unknown/unknown_189_base.png,unknown,synthetic,unknown_189,original
backend/app/modules/m2_classifier/training/data/unknown/unknown_189_blurred.png,unknown,synthetic,unknown_189,blurred
backend/app/modules/m2_classifier/training/data/unknown/unknown_189_contrast_adjusted.png,unknown,synthetic,unknown_189,contrast_adjusted
backend/app/modules/m2_classifier/training/data/unknown/unknown_189_hue_sat_adjusted.png,unknown,synthetic,unknown_189,hue_sat_adjusted
backend/app/modules/m2_classifier/training/data/unknown/unknown_189_scaled_up.png,unknown,synthetic,unknown_189,scaled_up
backend/app/modules/m2_classifier/training/data/unknown/unknown_189_scaled_down.png,unknown,synthetic,unknown_189,scaled_down
backend/app/modules/m2_classifier/training/data/unknown/unknown_190_base.png,unknown,synthetic,unknown_190,original
backend/app/modules/m2_classifier/training/data/unknown/unknown_190_blurred.png,unknown,synthetic,unknown_190,blurred
backend/app/modules/m2_classifier/training/data/unknown/unknown_190_contrast_adjusted.png,unknown,synthetic,unknown_190,contrast_adjusted
backend/app/modules/m2_classifier/training/data/unknown/unknown_190_hue_sat_adjusted.png,unknown,synthetic,unknown_190,hue_sat_adjusted
backend/app/modules/m2_classifier/training/data/unknown/unknown_190_scaled_up.png,unknown,synthetic,unknown_190,scaled_up
backend/app/modules/m2_classifier/training/data/unknown/unknown_190_scaled_down.png,unknown,synthetic,unknown_190,scaled_down
backend/app/modules/m2_classifier/training/data/unknown/unknown_191_base.png,unknown,synthetic,unknown_191,original
backend/app/modules/m2_classifier/training/data/unknown/unknown_191_blurred.png,unknown,synthetic,unknown_191,blurred
backend/app/modules/m2_classifier/training/data/unknown/unknown_191_contrast_adjusted.png,unknown,synthetic,unknown_191,contrast_adjusted
backend/app/modules/m2_classifier/training/data/unknown/unknown_191_hue_sat_adjusted.png,unknown,synthetic,unknown_191,hue_sat_adjusted
backend/app/modules/m2_classifier/training/data/unknown/unknown_191_scaled_up.png,unknown,synthetic,unknown_191,scaled_up
backend/app/modules/m2_classifier/training/data/unknown/unknown_191_scaled_down.png,unknown,synthetic,unknown_191,scaled_down
backend/app/modules/m2_classifier/training/data/unknown/unknown_192_base.png,unknown,synthetic,unknown_192,original
backend/app/modules/m2_classifier/training/data/unknown/unknown_192_blurred.png,unknown,synthetic,unknown_192,blurred
backend/app/modules/m2_classifier/training/data/unknown/unknown_192_contrast_adjusted.png,unknown,synthetic,unknown_192,contrast_adjusted
backend/app/modules/m2_classifier/training/data/unknown/unknown_192_hue_sat_adjusted.png,unknown,synthetic,unknown_192,hue_sat_adjusted
backend/app/modules/m2_classifier/training/data/unknown/unknown_192_scaled_up.png,unknown,synthetic,unknown_192,scaled_up
backend/app/modules/m2_classifier/training/data/unknown/unknown_192_scaled_down.png,unknown,synthetic,unknown_192,scaled_down
backend/app/modules/m2_classifier/training/data/unknown/unknown_193_base.png,unknown,synthetic,unknown_193,original
backend/app/modules/m2_classifier/training/data/unknown/unknown_193_blurred.png,unknown,synthetic,unknown_193,blurred
backend/app/modules/m2_classifier/training/data/unknown/unknown_193_contrast_adjusted.png,unknown,synthetic,unknown_193,contrast_adjusted
backend/app/modules/m2_classifier/training/data/unknown/unknown_193_hue_sat_adjusted.png,unknown,synthetic,unknown_193,hue_sat_adjusted
backend/app/modules/m2_classifier/training/data/unknown/unknown_193_scaled_up.png,unknown,synthetic,unknown_193,scaled_up
backend/app/modules/m2_classifier/training/data/unknown/unknown_193_scaled_down.png,unknown,synthetic,unknown_193,scaled_down
backend/app/modules/m2_classifier/training/data/unknown/unknown_194_base.png,unknown,synthetic,unknown_194,original
backend/app/modules/m2_classifier/training/data/unknown/unknown_194_blurred.png,unknown,synthetic,unknown_194,blurred
backend/app/modules/m2_classifier/training/data/unknown/unknown_194_contrast_adjusted.png,unknown,synthetic,unknown_194,contrast_adjusted
backend/app/modules/m2_classifier/training/data/unknown/unknown_194_hue_sat_adjusted.png,unknown,synthetic,unknown_194,hue_sat_adjusted
backend/app/modules/m2_classifier/training/data/unknown/unknown_194_scaled_up.png,unknown,synthetic,unknown_194,scaled_up
backend/app/modules/m2_classifier/training/data/unknown/unknown_194_scaled_down.png,unknown,synthetic,unknown_194,scaled_down
backend/app/modules/m2_classifier/training/data/unknown/unknown_195_base.png,unknown,synthetic,unknown_195,original
backend/app/modules/m2_classifier/training/data/unknown/unknown_195_blurred.png,unknown,synthetic,unknown_195,blurred
backend/app/modules/m2_classifier/training/data/unknown/unknown_195_contrast_adjusted.png,unknown,synthetic,unknown_195,contrast_adjusted
backend/app/modules/m2_classifier/training/data/unknown/unknown_195_hue_sat_adjusted.png,unknown,synthetic,unknown_195,hue_sat_adjusted
backend/app/modules/m2_classifier/training/data/unknown/unknown_195_scaled_up.png,unknown,synthetic,unknown_195,scaled_up
backend/app/modules/m2_classifier/training/data/unknown/unknown_195_scaled_down.png,unknown,synthetic,unknown_195,scaled_down
backend/app/modules/m2_classifier/training/data/unknown/unknown_196_base.png,unknown,synthetic,unknown_196,original
backend/app/modules/m2_classifier/training/data/unknown/unknown_196_blurred.png,unknown,synthetic,unknown_196,blurred
backend/app/modules/m2_classifier/training/data/unknown/unknown_196_contrast_adjusted.png,unknown,synthetic,unknown_196,contrast_adjusted
backend/app/modules/m2_classifier/training/data/unknown/unknown_196_hue_sat_adjusted.png,unknown,synthetic,unknown_196,hue_sat_adjusted
backend/app/modules/m2_classifier/training/data/unknown/unknown_196_scaled_up.png,unknown,synthetic,unknown_196,scaled_up
backend/app/modules/m2_classifier/training/data/unknown/unknown_196_scaled_down.png,unknown,synthetic,unknown_196,scaled_down
backend/app/modules/m2_classifier/training/data/unknown/unknown_197_base.png,unknown,synthetic,unknown_197,original
backend/app/modules/m2_classifier/training/data/unknown/unknown_197_blurred.png,unknown,synthetic,unknown_197,blurred
backend/app/modules/m2_classifier/training/data/unknown/unknown_197_contrast_adjusted.png,unknown,synthetic,unknown_197,contrast_adjusted
backend/app/modules/m2_classifier/training/data/unknown/unknown_197_hue_sat_adjusted.png,unknown,synthetic,unknown_197,hue_sat_adjusted
backend/app/modules/m2_classifier/training/data/unknown/unknown_197_scaled_up.png,unknown,synthetic,unknown_197,scaled_up
backend/app/modules/m2_classifier/training/data/unknown/unknown_197_scaled_down.png,unknown,synthetic,unknown_197,scaled_down
backend/app/modules/m2_classifier/training/data/unknown/unknown_198_base.png,unknown,synthetic,unknown_198,original
backend/app/modules/m2_classifier/training/data/unknown/unknown_198_blurred.png,unknown,synthetic,unknown_198,blurred
backend/app/modules/m2_classifier/training/data/unknown/unknown_198_contrast_adjusted.png,unknown,synthetic,unknown_198,contrast_adjusted
backend/app/modules/m2_classifier/training/data/unknown/unknown_198_hue_sat_adjusted.png,unknown,synthetic,unknown_198,hue_sat_adjusted
backend/app/modules/m2_classifier/training/data/unknown/unknown_198_scaled_up.png,unknown,synthetic,unknown_198,scaled_up
backend/app/modules/m2_classifier/training/data/unknown/unknown_198_scaled_down.png,unknown,synthetic,unknown_198,scaled_down
backend/app/modules/m2_classifier/training/data/unknown/unknown_199_base.png,unknown,synthetic,unknown_199,original
backend/app/modules/m2_classifier/training/data/unknown/unknown_199_blurred.png,unknown,synthetic,unknown_199,blurred
backend/app/modules/m2_classifier/training/data/unknown/unknown_199_contrast_adjusted.png,unknown,synthetic,unknown_199,contrast_adjusted
backend/app/modules/m2_classifier/training/data/unknown/unknown_199_hue_sat_adjusted.png,unknown,synthetic,unknown_199,hue_sat_adjusted
backend/app/modules/m2_classifier/training/data/unknown/unknown_199_scaled_up.png,unknown,synthetic,unknown_199,scaled_up
backend/app/modules/m2_classifier/training/data/unknown/unknown_199_scaled_down.png,unknown,synthetic,unknown_199,scaled_down
backend/app/modules/m2_classifier/training/data/unknown/unknown_200_base.png,unknown,synthetic,unknown_200,original
backend/app/modules/m2_classifier/training/data/unknown/unknown_200_blurred.png,unknown,synthetic,unknown_200,blurred
backend/app/modules/m2_classifier/training/data/unknown/unknown_200_contrast_adjusted.png,unknown,synthetic,unknown_200,contrast_adjusted
backend/app/modules/m2_classifier/training/data/unknown/unknown_200_hue_sat_adjusted.png,unknown,synthetic,unknown_200,hue_sat_adjusted
backend/app/modules/m2_classifier/training/data/unknown/unknown_200_scaled_up.png,unknown,synthetic,unknown_200,scaled_up
backend/app/modules/m2_classifier/training/data/unknown/unknown_200_scaled_down.png,unknown,synthetic,unknown_200,scaled_down
